Asset,w,Alpha,t-value,iKelly-weight,hard-sell,Valuation Score100,Tenbagger Probability100,Return100,Growth Rate100,Defensive Score100,Risk Score100,Bankruptcy Score100,Future Moat Score100,AI Winner Score100,Good Business Score100,Tariff Winner Score100,Sentiment Score100,Good Governance Score100,Market Disruptor Score100,Oversold Score100,Management Score100,Better World Score100,Marketability Score100,Clean Earnings Score100,Scalability Score100,Odds of Outperformance Score100,Bright Future Score100,Short-Term Upside Score100,Mispricing Score100,1-Month +10% Higher Probability100,1-Month -10% Lower Probability100,1-Month +20% Higher Probability100,1-Month -20% Lower Probability100,Cat-Integrity,Cat-Market,Cat-Quality,Cat-Resilience,Cat-Upside
Taiwan Semiconductor Manufacturing Company Limited (TSMC),0.025045232523439535,0.0175277777777777,0.4188357198883352,10.008305814829924,0.0,0.5267857142857143,0.6876785714285714,0.1218928571428571,0.17875,0.4642857142857143,0.5267857142857143,0.9990714285714286,0.9642857142857144,1.0,0.9732142857142856,0.5892857142857143,0.75,0.75,1.0,0.3035714285714286,0.9732142857142856,0.7142857142857143,1.0,0.9732142857142856,0.7321428571428572,0.9732142857142856,0.9821428571428572,0.7321428571428572,0.6160714285714286,0.3311428571428571,0.1825,0.1885357142857142,0.1214999999999999,0.9390243902439024,0.8780487804878049,0.9146341463414634,0.4144736842105263,0.8780487804878049
ASML Holding NV,0.02465228335398069,0.0323333333333333,0.6573909109305301,13.365860096105326,0.0,0.4642857142857143,0.6595357142857142,0.1083928571428571,0.1533214285714285,0.4910714285714286,0.5,0.999,0.9910714285714286,1.0,1.0,0.5,0.7410714285714286,0.75,1.0,0.2589285714285714,0.7946428571428572,0.7142857142857143,1.0,0.7767857142857144,0.7142857142857143,1.0,0.9642857142857144,0.7232142857142857,0.5178571428571428,0.5563214285714286,0.1896785714285714,0.1718214285714285,0.1038571428571428,0.9146341463414634,0.6219512195121951,0.9390243902439024,0.34210526315789475,0.8170731707317073
NVIDIA CORP,0.024061050839907026,0.0705555555555555,1.4644487363741128,30.396048682219877,0.0,0.2767857142857143,0.6579999999999999,0.1918571428571428,0.2615714285714285,0.2410714285714286,0.5,0.9991071428571429,0.9732142857142856,1.0,0.9821428571428572,0.6071428571428571,0.7946428571428572,0.7589285714285714,1.0,0.3035714285714286,1.0,0.5267857142857143,1.0,0.5,0.9821428571428572,0.9642857142857144,1.0,0.7589285714285714,0.6875,0.5052142857142857,0.1544285714285714,0.2006428571428571,0.115,0.7439024390243902,0.3902439024390244,0.9878048780487805,0.09210526315789473,1.0
Evolution AB,0.023585558167614644,0.0232638888888888,0.4109855277430506,7.260570441208856,0.0,0.7589285714285714,0.7381071428571429,0.11625,0.1507142857142857,0.5089285714285714,0.3214285714285714,0.9652499999999999,0.9553571428571428,0.7857142857142856,0.9732142857142856,0.5357142857142857,0.7232142857142857,0.6964285714285714,0.9910714285714286,0.7410714285714286,0.7589285714285714,0.2857142857142857,0.7321428571428572,0.6875,0.875,0.7767857142857144,0.75,0.5178571428571428,0.7232142857142857,0.3083571428571428,0.3353928571428571,0.1954642857142857,0.1827142857142857,0.4024390243902439,1.0,0.7804878048780488,0.631578947368421,0.6341463414634146
ARISTA NETWORKS INC,0.022685931969079996,0.0302249999999999,0.7698678472447318,19.60947898167867,0.0,0.2678571428571428,0.6164285714285714,0.12675,0.2042857142857143,0.7053571428571428,0.6339285714285714,0.9983928571428572,0.7857142857142856,1.0,0.9642857142857144,0.3214285714285714,0.75,0.7589285714285714,1.0,0.25,0.8035714285714286,0.7232142857142857,0.9732142857142856,0.7678571428571428,0.9464285714285714,0.7946428571428572,0.9553571428571428,0.7232142857142857,0.6785714285714286,0.5637857142857142,0.1858214285714285,0.2001071428571428,0.1141785714285714,0.975609756097561,0.3048780487804878,0.9512195121951219,0.868421052631579,0.9024390243902439
MERCADOLIBRE INC,0.02255083299331561,0.0707194444444444,1.370789266330407,26.570672711701015,0.0,0.4910714285714286,0.5914285714285714,0.1721785714285714,0.2561071428571428,0.2767857142857143,0.5535714285714286,0.9870714285714286,0.9642857142857144,0.9642857142857144,0.875,0.6964285714285714,0.75,0.75,1.0,0.3035714285714286,0.7767857142857144,0.5357142857142857,0.9553571428571428,0.75,0.7946428571428572,0.7678571428571428,0.875,0.7410714285714286,0.7321428571428572,0.27125,0.2270357142857142,0.1843571428571428,0.1472142857142857,0.8048780487804879,0.8170731707317073,0.8536585365853658,0.7171052631578947,0.975609756097561
MICROSOFT CORP,0.02239709942796077,0.0014305555555555,0.0332676375105339,0.7736404931876157,0.0,0.3125,0.2863214285714285,0.1212857142857142,0.1395357142857143,0.7589285714285714,0.7767857142857144,0.9990357142857142,0.9910714285714286,1.0,1.0,0.6071428571428571,0.75,0.7678571428571428,0.9910714285714286,0.3125,0.9642857142857144,0.6964285714285714,1.0,0.7857142857142856,0.9642857142857144,0.9553571428571428,0.9642857142857144,0.75,0.75,0.3136071428571428,0.125,0.1191071428571428,0.0811785714285714,0.9512195121951219,0.6097560975609756,1.0,0.9736842105263158,0.35365853658536583
ALPHABET INC,0.021779301886857474,0.0011180555555555,0.027235753138975,0.6634609929366164,0.0,0.4821428571428572,0.3161428571428571,0.1221071428571428,0.1494642857142857,0.5089285714285714,0.7678571428571428,0.9978214285714286,0.7946428571428572,1.0,0.9821428571428572,0.5,0.7589285714285714,0.7232142857142857,1.0,0.2142857142857143,0.75,0.5,1.0,0.7053571428571428,0.9821428571428572,0.7767857142857144,0.9464285714285714,0.6160714285714286,0.7053571428571428,0.2876428571428572,0.1918214285714285,0.1770357142857143,0.1101428571428571,0.5914634146341463,0.7317073170731707,0.975609756097561,0.9342105263157895,0.17073170731707318
Nu Holdings,0.021666537910589253,0.0388819444444444,0.7969143342024411,16.333351254197904,0.0,0.7232142857142857,0.5914285714285714,0.2057857142857143,0.3154285714285714,0.3035714285714286,0.5267857142857143,0.9826428571428572,0.7410714285714286,0.7232142857142857,0.7589285714285714,0.5714285714285714,0.75,0.7410714285714286,0.7767857142857144,0.2946428571428572,0.7589285714285714,0.7410714285714286,0.75,0.7232142857142857,0.7767857142857144,0.7321428571428572,0.75,0.7321428571428572,0.4732142857142857,0.3249642857142856,0.2113571428571428,0.1279285714285714,0.1196785714285714,0.8414634146341463,0.8536585365853658,0.45121951219512196,0.7894736842105263,0.9512195121951219
FORTINET INC,0.02143901927700147,0.0191388888888888,0.4614104301869942,11.123926071222778,0.0,0.5089285714285714,0.5081428571428571,0.0945714285714285,0.1460714285714285,0.7232142857142857,0.625,0.9930714285714286,0.7589285714285714,0.875,0.9464285714285714,0.3392857142857143,0.5,0.75,0.9732142857142856,0.6785714285714286,0.7589285714285714,0.7321428571428572,0.7678571428571428,0.4732142857142857,0.9464285714285714,0.75,0.7678571428571428,0.4732142857142857,0.5178571428571428,0.2161785714285714,0.2575357142857143,0.1307857142857142,0.1526071428571428,0.6951219512195121,0.7926829268292683,0.7926829268292683,0.9868421052631579,0.08536585365853659
MASTERCARD INC,0.021259704488292414,0.0031569444444444,0.0719150105620625,1.6382197517738375,0.0,0.2678571428571428,0.3682142857142857,0.1286785714285714,0.1354285714285714,0.7321428571428572,0.7142857142857143,0.999,0.9732142857142856,0.7767857142857144,0.9821428571428572,0.4464285714285714,0.7321428571428572,0.7589285714285714,0.7946428571428572,0.5,0.7946428571428572,0.7321428571428572,1.0,0.875,1.0,0.7857142857142856,0.9464285714285714,0.7142857142857143,0.6160714285714286,0.2310714285714285,0.0991785714285714,0.0809285714285714,0.0539285714285714,1.0,0.34146341463414637,0.8414634146341463,0.9078947368421053,0.24390243902439024
BYD Company Limited,0.02122547956936125,0.0220138888888888,0.5667832994441113,14.592755971022225,0.0,0.625,0.6334642857142857,0.1344642857142857,0.1703214285714286,0.4017857142857143,0.4910714285714286,0.9645,0.7857142857142856,0.6964285714285714,0.75,0.5892857142857143,0.3928571428571428,0.5178571428571428,0.9732142857142856,0.7232142857142857,0.75,0.5446428571428572,0.7410714285714286,0.7321428571428572,0.5178571428571428,0.7589285714285714,0.7857142857142856,0.4642857142857143,0.7589285714285714,0.2575357142857142,0.2247142857142857,0.1608214285714285,0.2090714285714285,0.573170731707317,0.926829268292683,0.5,0.7763157894736842,0.4146341463414634
BROADCOM INC,0.021058797613614472,0.0163152777777777,0.3116187031507874,5.9518579748389,0.0,0.2767857142857143,0.50975,0.1526964285714285,0.2498928571428571,0.5,0.625,0.9943571428571429,0.9553571428571428,0.9910714285714286,0.8035714285714286,0.4642857142857143,0.7589285714285714,0.75,0.9642857142857144,0.3035714285714286,0.7767857142857144,0.5267857142857143,0.9910714285714286,0.7589285714285714,0.7410714285714286,0.7767857142857144,0.9464285714285714,0.7678571428571428,0.6071428571428572,0.4342142857142858,0.1669642857142857,0.2023214285714285,0.0886071428571428,0.8048780487804879,0.35365853658536583,0.8292682926829268,0.8552631578947368,0.9878048780487805
KLA Corporation,0.02105058152228672,0.0132916666666666,0.3350415700783695,8.44535576280218,0.0,0.2946428571428572,0.5821428571428572,0.0808214285714285,0.1163571428571428,0.4642857142857143,0.5535714285714286,0.995,1.0,0.8035714285714286,0.9464285714285714,0.4285714285714286,0.7321428571428572,0.75,0.9642857142857144,0.3035714285714286,0.7946428571428572,0.7142857142857143,0.7946428571428572,0.7232142857142857,0.7589285714285714,0.7946428571428572,0.8035714285714286,0.6964285714285714,0.2589285714285714,0.3080357142857142,0.1872142857142857,0.0991785714285714,0.1191071428571428,0.8780487804878049,0.43902439024390244,0.8048780487804879,0.7171052631578947,0.3780487804878049
Constellation Software Inc.,0.021003951379924186,0.0473333333333333,0.8759257322546556,16.209420178011012,0.0,0.4017857142857143,0.5980714285714286,0.1426071428571428,0.1846785714285714,0.5267857142857143,0.4910714285714286,0.9817857142857143,0.7589285714285714,0.7232142857142857,0.7857142857142856,0.7142857142857143,0.7410714285714286,0.75,0.9464285714285714,0.6339285714285714,0.7946428571428572,0.5,0.75,0.7857142857142856,0.875,0.7946428571428572,0.75,0.4910714285714286,0.7589285714285714,0.2163571428571428,0.2793571428571428,0.1874285714285714,0.184,0.8292682926829268,0.7560975609756098,0.5609756097560976,0.8026315789473685,0.4878048780487805
APPLIED MATERIALS INC,0.020827067654796083,0.0069166666666666,0.1924021707590243,5.352086069318278,0.0,0.4553571428571428,0.6334642857142857,0.0789285714285714,0.1195714285714285,0.3035714285714286,0.5178571428571428,0.9919642857142859,0.7589285714285714,1.0,0.7678571428571428,0.5178571428571429,0.7142857142857143,0.7589285714285714,0.9642857142857144,0.3214285714285714,0.7589285714285714,0.625,0.9732142857142856,0.5089285714285714,0.5178571428571428,0.7589285714285714,0.7678571428571428,0.6964285714285714,0.625,0.3339999999999999,0.22075,0.1792142857142857,0.1788214285714285,0.7073170731707317,0.5975609756097561,0.6463414634146342,0.5855263157894737,0.6585365853658537
TRADE DESK INC,0.020810931017954348,0.032375,0.6374746354540933,12.552089910342216,0.0,0.4732142857142857,0.6202500000000001,0.1439285714285714,0.2119285714285714,0.2678571428571428,0.5,0.9968928571428572,0.75,0.8035714285714286,0.7857142857142856,0.5,0.2857142857142857,0.6964285714285714,0.9910714285714286,0.7767857142857144,0.7678571428571428,0.375,0.7767857142857144,0.4910714285714286,0.7946428571428572,0.7321428571428572,0.7678571428571428,0.4821428571428572,0.7410714285714286,0.2539642857142857,0.2953928571428571,0.1631071428571428,0.2650357142857142,0.3780487804878049,0.7439024390243902,0.6585365853658537,0.23684210526315788,0.6097560975609756
ADYEN NV,0.020801585042590852,0.0064833333333333,0.1226244927590885,2.319295561607776,0.0,0.3214285714285714,0.4665714285714286,0.1243928571428571,0.1848214285714285,0.4553571428571428,0.5089285714285714,0.9973571428571429,0.7678571428571428,0.9464285714285714,0.9553571428571428,0.5357142857142857,0.6160714285714286,0.7410714285714286,1.0,0.7321428571428572,0.7589285714285714,0.5535714285714286,0.7321428571428572,0.7589285714285714,0.9821428571428572,0.7321428571428572,0.7946428571428572,0.4910714285714286,0.6964285714285714,0.3488214285714286,0.2579999999999999,0.3015,0.1820714285714285,0.7682926829268293,0.5365853658536586,0.8170731707317073,0.4605263157894737,0.5365853658536586
"Paycom Software, Inc.",0.020791574544072985,0.0147361111111111,0.308163064230988,6.444337548773524,0.0,0.4821428571428572,0.4014285714285714,0.1069285714285714,0.12625,0.7142857142857143,0.5089285714285714,0.9987142857142858,0.7678571428571428,0.9107142857142856,0.9732142857142856,0.6071428571428571,0.5267857142857143,0.6964285714285714,0.7857142857142856,0.7321428571428572,0.7053571428571428,0.5267857142857143,0.75,0.4910714285714286,0.7857142857142856,0.7321428571428572,0.75,0.4642857142857143,0.6964285714285714,0.3807857142857143,0.2194285714285714,0.1957142857142857,0.1378928571428571,0.23780487804878048,0.6829268292682927,0.6951219512195121,0.618421052631579,0.14634146341463414
AMAZON.COM INC,0.020786180126046442,0.0059722222222222,0.1652712412035496,4.5736046236401275,0.0,0.2857142857142857,0.4581071428571428,0.1397142857142857,0.1516785714285714,0.4732142857142857,0.7232142857142857,0.9988928571428572,0.9821428571428572,0.9910714285714286,0.9910714285714286,0.4642857142857143,0.7410714285714286,0.6785714285714286,1.0,0.5178571428571428,0.7678571428571428,0.2589285714285714,1.0,0.6964285714285714,0.7857142857142856,0.7857142857142856,0.7589285714285714,0.6160714285714286,0.7410714285714286,0.2530714285714285,0.1916428571428571,0.2221428571428571,0.0958571428571428,0.4146341463414634,0.4878048780487805,0.926829268292683,0.6973684210526315,0.5121951219512195
"ServiceNow, Inc.",0.02077079214928463,0.0266111111111111,0.5842173225680682,12.825841001659375,0.0,0.2321428571428571,0.3953571428571428,0.1460357142857142,0.2015714285714286,0.625,0.7142857142857143,0.999,0.8035714285714286,0.9821428571428572,0.9642857142857144,0.5892857142857143,0.7232142857142857,0.75,1.0,0.4821428571428572,0.7857142857142856,0.7321428571428572,0.9732142857142856,0.75,0.9642857142857144,0.7857142857142856,0.7678571428571428,0.7321428571428572,0.7142857142857143,0.3219642857142857,0.2269642857142857,0.2050714285714285,0.1461785714285714,0.926829268292683,0.25609756097560976,0.8780487804878049,0.8421052631578947,0.8658536585365854
INTUIT INC,0.02064382759927553,2.7777777777777898e-05,0.0006186258276633,0.0137771249274761,0.0,0.2946428571428572,0.3108928571428571,0.13225,0.1470714285714285,0.7142857142857143,0.5178571428571428,0.99275,0.8035714285714286,0.9821428571428572,0.9732142857142856,0.5535714285714286,0.75,0.75,0.9910714285714286,0.5089285714285714,0.7678571428571428,0.5178571428571428,0.9464285714285714,0.75,0.9464285714285714,0.875,0.7767857142857144,0.7232142857142857,0.7232142857142857,0.254,0.1517857142857143,0.1604642857142857,0.0929285714285714,0.7804878048780488,0.5609756097560976,0.9024390243902439,0.8947368421052632,0.32926829268292684
PDD Holdings,0.020475989715346067,0.0416180555555555,0.9459930997078932,21.50275722277198,0.0,0.7678571428571428,0.3960714285714286,0.1065357142857142,0.1546071428571428,0.3839285714285714,0.5,0.9980714285714286,0.7321428571428572,0.7232142857142857,0.7589285714285714,0.25,0.7410714285714286,0.4821428571428572,0.875,0.5357142857142857,0.7142857142857143,0.25,0.75,0.3839285714285714,0.75,0.7142857142857143,0.7232142857142857,0.7053571428571428,0.7410714285714286,0.2795357142857143,0.1896428571428571,0.1785714285714285,0.1565357142857142,0.04878048780487805,0.9634146341463414,0.2682926829268293,0.3157894736842105,0.4634146341463415
"Intuitive Surgical, Inc.",0.020464147617014216,0.0066527777777777,0.1431467040610786,3.0800636317653476,0.0,0.25,0.3283928571428571,0.1192142857142857,0.1458571428571428,0.4821428571428572,0.7053571428571428,0.9985,0.9553571428571428,0.9910714285714286,0.9910714285714286,0.3035714285714286,0.6964285714285714,0.75,1.0,0.7232142857142857,0.875,0.7321428571428572,0.9732142857142856,0.7857142857142856,0.7410714285714286,0.7678571428571428,0.8035714285714286,0.5535714285714286,0.7946428571428572,0.2668571428571428,0.2415357142857143,0.1774642857142857,0.1684285714285714,0.9634146341463414,0.36585365853658536,0.8658536585365854,0.7368421052631579,0.21951219512195122
META PLATFORMS INC,0.020197796775887823,0.0115402777777777,0.2887872330680491,7.22669484990153,0.0,0.4910714285714286,0.6034642857142858,0.1154642857142857,0.1553571428571428,0.2321428571428571,0.5089285714285714,0.9977142857142858,0.7142857142857143,0.9642857142857144,0.7410714285714286,0.3214285714285714,0.7678571428571428,0.5,0.875,0.4910714285714286,0.7142857142857143,0.2589285714285714,1.0,0.7232142857142857,0.8035714285714286,0.7053571428571428,0.7142857142857143,0.7232142857142857,0.7053571428571428,0.29,0.2086428571428571,0.1855714285714285,0.1217142857142857,0.18292682926829268,0.7195121951219512,0.4268292682926829,0.15789473684210525,0.7195121951219512
CROWDSTRIKE HOLDINGS INC,0.01979633871522093,0.0605513888888888,0.8821999681596298,12.85316155586424,0.0,0.2410714285714286,0.3664285714285714,0.1605357142857143,0.271,0.2767857142857143,0.4821428571428572,0.97325,0.9821428571428572,0.9910714285714286,0.9642857142857144,0.75,0.75,0.5089285714285714,0.9821428571428572,0.2678571428571428,0.75,0.4910714285714286,0.875,0.4642857142857143,0.7678571428571428,0.7767857142857144,0.7767857142857144,0.7410714285714286,0.3839285714285714,0.5538571428571428,0.1881071428571428,0.2060357142857142,0.0932142857142857,0.2073170731707317,0.21951219512195122,0.8902439024390244,0.4868421052631579,0.926829268292683
Meituan,0.019785986481334016,0.0134319444444444,0.3554112300170071,9.40423353779189,0.0,0.7321428571428572,0.3478571428571428,0.1320714285714285,0.2002857142857143,0.2857142857142857,0.3035714285714286,0.97625,0.75,0.875,0.7589285714285714,0.6071428571428571,0.625,0.5089285714285714,0.9553571428571428,0.7410714285714286,0.7410714285714286,0.4464285714285714,0.7142857142857143,0.6964285714285714,0.7410714285714286,0.625,0.7321428571428572,0.4732142857142857,0.6875,0.1973214285714285,0.3619999999999999,0.1306071428571428,0.2925,0.2865853658536585,0.9024390243902439,0.47560975609756095,0.2894736842105263,0.15853658536585366
NETEASE INC,0.019640783399091033,0.0039791666666666,0.1066354816314,2.8576651583901116,0.0,0.5267857142857143,0.4213214285714286,0.0918928571428571,0.0956428571428571,0.5,0.625,0.99,0.7232142857142857,0.7678571428571428,0.7678571428571428,0.3571428571428571,0.7142857142857143,0.7410714285714286,0.75,0.2946428571428572,0.7410714285714286,0.4910714285714286,0.75,0.6607142857142857,0.75,0.7232142857142857,0.7410714285714286,0.5267857142857143,0.6875,0.3227142857142857,0.2195,0.1786785714285714,0.1610357142857142,0.4878048780487805,0.8048780487804879,0.3170731707317073,0.9539473684210527,0.23170731707317074
WiseTech Global Limited,0.019355800407604384,0.01925,0.4260000057480184,9.427324929730478,0.0,0.2232142857142857,0.3380357142857143,0.1362142857142857,0.2205357142857143,0.5089285714285714,0.375,0.9836785714285715,0.7678571428571428,0.7857142857142856,0.9642857142857144,0.6964285714285714,0.7053571428571428,0.7053571428571428,0.9642857142857144,0.6875,0.5714285714285714,0.5446428571428572,0.75,0.6875,0.8035714285714286,0.75,0.7678571428571428,0.4732142857142857,0.5,0.2141785714285714,0.29375,0.2123928571428571,0.23775,0.36585365853658536,0.17073170731707318,0.7317073170731707,0.4473684210526316,0.3170731707317073
ADVANCED MICRO DEVICES INC,0.019344911317654083,0.0332125,0.9602181545372472,27.761201484468693,0.0,0.2321428571428571,0.5226785714285714,0.1701785714285714,0.2544642857142857,0.2589285714285714,0.5089285714285714,0.9959285714285715,0.7410714285714286,0.9642857142857144,0.75,0.2857142857142857,0.7321428571428572,0.75,0.875,0.5357142857142857,0.7589285714285714,0.7232142857142857,0.9642857142857144,0.7410714285714286,0.5267857142857143,0.75,0.7321428571428572,0.5535714285714286,0.6875,0.2808928571428571,0.2338928571428571,0.1511071428571428,0.1201071428571428,0.8658536585365854,0.23170731707317074,0.3780487804878049,0.2631578947368421,0.7682926829268293
"Synopsys, Inc.",0.01900498582045912,0.0244583333333333,0.6429763097985489,16.902972468640254,0.0,0.2589285714285714,0.3239285714285714,0.1435714285714285,0.1748214285714285,0.5089285714285714,0.4642857142857143,0.9803571428571429,0.9642857142857144,0.9553571428571428,0.7767857142857144,0.5178571428571429,0.5178571428571428,0.75,0.9642857142857144,0.7142857142857143,0.75,0.7410714285714286,0.9464285714285714,0.6964285714285714,0.7857142857142856,0.7678571428571428,0.75,0.4910714285714286,0.5803571428571428,0.2251428571428571,0.3357857142857143,0.1641428571428571,0.27375,0.8048780487804879,0.2926829268292683,0.7560975609756098,0.6578947368421053,0.2073170731707317
MARVELL TECHNOLOGY INC,0.01890051579973199,0.0244458333333333,0.6119908705451699,15.320926904951826,0.0,0.4017857142857143,0.3805357142857143,0.1680357142857142,0.2527142857142857,0.2857142857142857,0.5,0.9408928571428572,0.7410714285714286,0.9732142857142856,0.7321428571428572,0.4285714285714286,0.75,0.7410714285714286,0.7678571428571428,0.7142857142857143,0.7410714285714286,0.7232142857142857,0.7678571428571428,0.2946428571428572,0.7232142857142857,0.7321428571428572,0.75,0.7232142857142857,0.75,0.46675,0.2276785714285714,0.1915714285714286,0.1573571428571428,0.524390243902439,0.6585365853658537,0.4878048780487805,0.881578947368421,0.9390243902439024
ZSCALER INC,0.018784428542377,0.0479027777777777,0.9088214543153168,17.242349486608916,0.0,0.2142857142857143,0.3406071428571428,0.1601785714285714,0.255,0.375,0.4910714285714286,0.965,0.7946428571428572,0.9732142857142856,0.8035714285714286,0.7321428571428571,0.75,0.75,1.0,0.2857142857142857,0.7410714285714286,0.7142857142857143,0.75,0.7053571428571428,0.7410714285714286,0.7589285714285714,0.75,0.7053571428571428,0.7232142857142857,0.2964642857142857,0.1861785714285714,0.19475,0.1252142857142857,0.7195121951219512,0.15853658536585366,0.7439024390243902,0.75,0.7073170731707317
ON SEMICONDUCTOR CORP,0.018775623641474923,0.0051708333333333,0.1060694914682504,2.175807320612395,0.0,0.4821428571428572,0.3341785714285714,0.1212857142857143,0.1888571428571428,0.2678571428571428,0.4642857142857143,0.9720714285714286,0.7321428571428572,0.8035714285714286,0.75,0.5178571428571429,0.5357142857142857,0.7410714285714286,0.7678571428571428,0.625,0.6964285714285714,0.7410714285714286,0.7678571428571428,0.5089285714285714,0.5089285714285714,0.75,0.7321428571428572,0.5089285714285714,0.5267857142857143,0.2378928571428571,0.2917499999999999,0.1511785714285714,0.2104285714285714,0.6097560975609756,0.6341463414634146,0.23170731707317074,0.39473684210526316,0.18292682926829268
"MongoDB, Inc.",0.018735254323504494,0.0434027777777777,0.9394414201331625,20.333956190096167,0.0,0.2232142857142857,0.4258928571428571,0.1460714285714285,0.1923214285714286,0.2410714285714286,0.5178571428571428,0.9942142857142858,0.7678571428571428,0.8035714285714286,0.75,0.5178571428571429,0.7678571428571428,0.7232142857142857,0.9642857142857144,0.25,0.7321428571428572,0.625,0.7767857142857144,0.5089285714285714,0.7410714285714286,0.75,0.7321428571428572,0.6875,0.7232142857142857,0.3636428571428571,0.20175,0.2076071428571428,0.1171071428571428,0.47560975609756095,0.1951219512195122,0.43902439024390244,0.3026315789473684,0.8048780487804879
Monday.com Ltd.,0.01867108120836335,0.0302222222222222,0.6905193059628427,15.777030173406816,0.0,0.2142857142857143,0.3785714285714286,0.1598214285714286,0.2528571428571428,0.2410714285714286,0.6964285714285714,0.9861428571428572,0.7232142857142857,0.9464285714285714,0.75,0.5357142857142857,0.7321428571428572,0.75,0.7589285714285714,0.6696428571428572,0.7142857142857143,0.6964285714285714,0.7321428571428572,0.4821428571428572,0.75,0.75,0.75,0.5267857142857143,0.7053571428571428,0.3609642857142857,0.2887857142857142,0.2040357142857143,0.1962142857142857,0.5365853658536586,0.14634146341463414,0.4634146341463415,0.5855263157894737,0.7804878048780488
PALO ALTO NETWORKS INC,0.01846180747221638,0.0211111111111111,0.5189999710719941,12.759203840813562,0.0,0.2321428571428571,0.3035714285714286,0.1213214285714285,0.1723214285714285,0.5089285714285714,0.4910714285714286,0.9767857142857143,0.7946428571428572,0.9642857142857144,0.7946428571428572,0.6785714285714286,0.75,0.75,0.9732142857142856,0.2678571428571428,0.7678571428571428,0.7321428571428572,0.9553571428571428,0.7410714285714286,0.75,0.7589285714285714,0.75,0.5446428571428572,0.3660714285714286,0.2491428571428571,0.1781785714285714,0.1221071428571428,0.103,0.9024390243902439,0.18292682926829268,0.7073170731707317,0.8223684210526315,0.06097560975609756
SUPER MICRO COMPUTER INC,0.01843243339582965,0.0426597222222222,0.5674912963341261,7.54919053943645,0.0,0.5,0.3904285714285714,0.1399642857142857,0.2230357142857143,0.2142857142857143,0.4464285714285714,0.9528928571428572,0.7232142857142857,0.9732142857142856,0.7321428571428572,0.5714285714285714,0.75,0.5089285714285714,0.8035714285714286,0.7142857142857143,0.6964285714285714,0.2946428571428572,0.7321428571428572,0.25,0.375,0.7142857142857143,0.6964285714285714,0.5,0.4821428571428572,0.3385,0.2818214285714285,0.1877857142857142,0.2107142857142857,0.036585365853658534,0.6951219512195121,0.21951219512195122,0.25,0.5975609756097561
ACM Research Inc.,0.018364455115158187,0.0575138888888888,0.7350334361356246,9.393803178239244,0.0,0.3125,0.4775,0.1326785714285714,0.1583928571428571,0.2589285714285714,0.4910714285714286,0.9562857142857143,0.7232142857142857,0.7857142857142856,0.6964285714285714,0.7321428571428571,0.7857142857142856,0.5357142857142857,0.7946428571428572,0.2410714285714286,0.7232142857142857,0.625,0.7321428571428572,0.3035714285714286,0.5089285714285714,0.7410714285714286,0.7142857142857143,0.7053571428571428,0.7053571428571428,0.3535714285714286,0.235,0.3069285714285714,0.1618571428571428,0.21951219512195122,0.5121951219512195,0.17073170731707318,0.5657894736842105,0.8414634146341463
"Airbnb, Inc.",0.018193888748900926,0.0014499999999999,0.0444767534286524,1.3642631693470002,0.0,0.2946428571428572,0.35125,0.0911071428571428,0.1352499999999999,0.2589285714285714,0.5,0.9825714285714287,0.7321428571428572,0.9821428571428572,0.7589285714285714,0.4285714285714286,0.5267857142857143,0.7321428571428572,0.9821428571428572,0.4732142857142857,0.75,0.2678571428571428,0.7678571428571428,0.7321428571428572,0.9464285714285714,0.7232142857142857,0.7410714285714286,0.5,0.6875,0.2087142857142857,0.2191071428571428,0.1333928571428571,0.1688571428571428,0.5487804878048781,0.4146341463414634,0.6097560975609756,0.4342105263157895,0.04878048780487805
OKTA INC,0.018041522911757316,0.0032819444444444,0.0787007279603083,1.8872362668926683,0.0,0.2946428571428572,0.3521428571428571,0.1145714285714285,0.1886785714285714,0.2589285714285714,0.5,0.9760714285714286,0.7410714285714286,0.7946428571428572,0.7410714285714286,0.5535714285714286,0.6875,0.7410714285714286,0.8035714285714286,0.7142857142857143,0.6160714285714286,0.5446428571428572,0.75,0.5178571428571428,0.7589285714285714,0.6964285714285714,0.7410714285714286,0.5446428571428572,0.7589285714285714,0.3035,0.2219642857142857,0.2069285714285714,0.1193214285714285,0.3902439024390244,0.47560975609756095,0.4024390243902439,0.5394736842105263,0.3048780487804878
APPLOVIN CORP,0.01769438003490567,0.0184166666666666,0.4190463748664105,9.534834260018838,0.0,0.2232142857142857,0.3620357142857143,0.1518214285714285,0.2365357142857142,0.2142857142857143,0.4642857142857143,0.9633571428571429,0.75,0.9642857142857144,0.7678571428571428,0.3392857142857143,0.7767857142857144,0.4821428571428572,0.7857142857142856,0.2232142857142857,0.7232142857142857,0.2321428571428571,0.9553571428571428,0.4196428571428572,0.9464285714285714,0.7142857142857143,0.7321428571428572,0.7053571428571428,0.2857142857142857,0.6082142857142857,0.1896785714285714,0.4041785714285714,0.14725,0.08536585365853659,0.0975609756097561,0.5853658536585366,0.27631578947368424,0.8902439024390244
BLOCK INC,0.01764795018634413,0.0080277777777777,0.2197322415002628,6.014398914776035,0.0,0.3928571428571428,0.3014285714285714,0.0751428571428571,0.1367857142857143,0.2232142857142857,0.5,0.9646428571428572,0.6964285714285714,0.7767857142857144,0.7053571428571428,0.3571428571428571,0.7053571428571428,0.6071428571428572,0.7589285714285714,0.625,0.5089285714285714,0.4732142857142857,0.75,0.4375,0.7410714285714286,0.7053571428571428,0.7410714285714286,0.5267857142857143,0.7053571428571428,0.3186071428571428,0.2371428571428571,0.1663928571428571,0.1897857142857142,0.0975609756097561,0.524390243902439,0.1951219512195122,0.5,0.10975609756097561
GITLAB INC,0.017606136442308695,0.0263611111111111,0.5853677807263284,12.99852033050454,0.0,0.2946428571428572,0.2671428571428571,0.15875,0.1922857142857142,0.2678571428571428,0.4821428571428572,0.9324285714285715,0.7053571428571428,0.9642857142857144,0.75,0.6071428571428571,0.6964285714285714,0.7142857142857143,0.7589285714285714,0.5446428571428572,0.6964285714285714,0.7232142857142857,0.75,0.2589285714285714,0.7321428571428572,0.7321428571428572,0.7410714285714286,0.5089285714285714,0.7232142857142857,0.3699642857142857,0.2818571428571428,0.204,0.1718214285714285,0.32926829268292684,0.4634146341463415,0.34146341463414637,0.6052631578947368,0.45121951219512196
Sea Limited,0.017583906286482136,0.0138333333333333,0.3611579605535348,9.429041383459415,0.0,0.2857142857142857,0.4033928571428571,0.1344642857142857,0.2223928571428571,0.2321428571428571,0.4910714285714286,0.9674285714285715,0.5357142857142857,0.7142857142857143,0.6964285714285714,0.7321428571428571,0.7410714285714286,0.5446428571428572,0.7410714285714286,0.4910714285714286,0.5,0.5178571428571428,0.7321428571428572,0.4553571428571428,0.6964285714285714,0.6964285714285714,0.7142857142857143,0.7142857142857143,0.4732142857142857,0.38425,0.2272499999999999,0.2618571428571428,0.1935714285714286,0.10975609756097561,0.24390243902439024,0.10975609756097561,0.35526315789473684,0.9146341463414634
"Bill.com Holdings, Inc.",0.017356147457463392,0.0001805555555555,0.0043599289589871,0.1052805075364533,0.0,0.2946428571428572,0.2966071428571428,0.1033928571428571,0.1623214285714286,0.2410714285714286,0.4732142857142857,0.9239285714285715,0.7321428571428572,0.7589285714285714,0.75,0.4821428571428571,0.7053571428571428,0.75,0.7767857142857144,0.6964285714285714,0.7053571428571428,0.5535714285714286,0.7321428571428572,0.4642857142857143,0.75,0.7053571428571428,0.75,0.5089285714285714,0.7232142857142857,0.374,0.2553571428571428,0.2206071428571428,0.1662142857142857,0.45121951219512196,0.45121951219512196,0.36585365853658536,0.47368421052631576,0.1951219512195122
Global X Robotics & Artificial Intelligence ETF,0.0171695342611259,0.0031388888888888,0.1195113996601155,4.550328206671812,0.0,0.2857142857142857,0.2514285714285714,0.1306428571428571,0.1683928571428571,0.0535714285714286,0.4910714285714286,0.9945,0.5446428571428572,0.7767857142857144,0.7321428571428572,0.4285714285714286,0.7321428571428572,0.7232142857142857,0.7767857142857144,0.4732142857142857,0.625,0.4821428571428572,0.7410714285714286,0.5267857142857143,0.7410714285714286,0.7053571428571428,0.7321428571428572,0.7321428571428572,0.4821428571428572,0.2389642857142857,0.1753928571428571,0.1111428571428571,0.1098571428571428,0.25609756097560976,0.2682926829268293,0.18292682926829268,0.07894736842105263,0.25609756097560976
iShares Semiconductor ETF ,0.017156595448441708,0.012425,0.3215712680500054,8.322581926381366,0.0,0.2857142857142857,0.1917857142857143,0.0715357142857142,0.1255,0.0267857142857143,0.4553571428571428,0.999,0.7232142857142857,0.9732142857142856,0.7410714285714286,0.4821428571428571,0.7232142857142857,0.7321428571428572,0.75,0.2678571428571428,0.75,0.2946428571428572,0.875,0.5446428571428572,0.4464285714285714,0.7321428571428572,0.75,0.6964285714285714,0.4642857142857143,0.2281428571428571,0.1931428571428571,0.1296071428571428,0.1444642857142856,0.4268292682926829,0.2804878048780488,0.35365853658536583,0.013157894736842105,0.036585365853658534
Li Auto Inc.,0.017042222317151565,0.0250986111111111,0.6655718161325214,17.649814982544346,0.0,0.5089285714285714,0.2267857142857143,0.1435714285714285,0.2463214285714286,0.2589285714285714,0.4910714285714286,0.9313571428571429,0.5267857142857143,0.5982142857142857,0.7053571428571428,0.4464285714285714,0.4642857142857143,0.7053571428571428,0.7410714285714286,0.75,0.7321428571428572,0.7142857142857143,0.7321428571428572,0.4821428571428572,0.4732142857142857,0.6160714285714286,0.7321428571428572,0.3035714285714286,0.4553571428571428,0.2554642857142857,0.2827857142857143,0.1665714285714286,0.2167142857142857,0.43902439024390244,0.6707317073170732,0.08536585365853659,0.6447368421052632,0.12195121951219512
SNOWFLAKE INC,0.016422055099604604,0.0211041666666666,0.3975718767711002,7.48967726117093,0.0,0.2232142857142857,0.1735357142857142,0.1279642857142857,0.2186071428571429,0.0267857142857143,0.4821428571428572,0.9214285714285715,0.7321428571428572,0.9553571428571428,0.7410714285714286,0.7142857142857143,0.75,0.7142857142857143,0.9642857142857144,0.3035714285714286,0.7232142857142857,0.5267857142857143,0.7589285714285714,0.4642857142857143,0.7410714285714286,0.7053571428571428,0.7321428571428572,0.7142857142857143,0.5446428571428572,0.3402857142857142,0.2333571428571428,0.1700357142857142,0.0935714285714285,0.3170731707317073,0.12195121951219512,0.3902439024390244,0.32894736842105265,0.43902439024390244
Progyny Inc.,0.0,0.0121055555555555,0.1958548558484618,3.1687207070655896,0.0,0.7321428571428572,0.3817857142857143,0.1105357142857142,0.1485714285714285,0.5,0.7053571428571428,0.9926785714285715,0.7410714285714286,0.6607142857142857,0.7589285714285714,0.5178571428571429,0.75,0.7410714285714286,0.7857142857142856,0.7232142857142857,0.7142857142857143,0.7232142857142857,0.625,0.4821428571428572,0.7321428571428572,0.7589285714285714,0.75,0.5089285714285714,0.75,0.3648571428571429,0.2360714285714285,0.2073571428571428,0.1340357142857142,0.5121951219512195,0.9878048780487805,0.32926829268292684,0.9539473684210527,0.2804878048780488
NICE Ltd.,0.0,0.0019875,0.0522631909353027,1.3743100008754243,0.0,0.7321428571428572,0.6201785714285714,0.1493571428571428,0.1505357142857143,0.7410714285714286,0.5267857142857143,0.9813214285714286,0.7857142857142856,0.875,0.8035714285714286,,0.7410714285714286,0.75,0.8035714285714286,0.3392857142857143,0.75,0.7232142857142857,0.75,0.7857142857142856,0.7589285714285714,0.7767857142857144,0.7589285714285714,0.5267857142857143,0.9464285714285714,0.3455714285714286,0.1935,0.2567142857142857,0.1608928571428571,0.8902439024390244,0.975609756097561,0.6829268292682927,,0.6829268292682927
MediaTek Inc.,0.0,0.0057888888888888,0.1652586614436184,4.717731797298051,0.0,0.7232142857142857,0.3997142857142857,0.1343214285714285,0.1408928571428571,0.5,0.5,0.9951428571428572,0.7232142857142857,0.7946428571428572,0.75,0.6428571428571429,0.7410714285714286,0.75,0.7678571428571428,0.5178571428571428,0.7589285714285714,0.7053571428571428,0.7589285714285714,0.5535714285714286,0.6964285714285714,0.75,0.75,0.7053571428571428,0.7321428571428572,0.2724642857142857,0.2783571428571428,0.2167142857142857,0.1613214285714286,0.7317073170731707,0.9390243902439024,0.2804878048780488,0.5394736842105263,0.6707317073170732
KUAISHOU TECHNOLOGY,0.0,0.0027986111111111,0.0789499729640585,2.2272112785798557,1.0,0.7142857142857143,0.3916071428571428,0.1297142857142857,0.16375,0.2321428571428571,0.5267857142857143,0.9708928571428572,0.7053571428571428,0.7946428571428572,0.7232142857142857,0.5892857142857143,0.7321428571428572,0.7053571428571428,0.7857142857142856,0.6964285714285714,0.5446428571428572,0.4821428571428572,0.7857142857142856,0.5178571428571428,0.7589285714285714,0.5,0.7410714285714286,0.7410714285714286,0.7321428571428572,0.5942500000000001,0.1748571428571428,0.1762857142857142,0.1573928571428571,0.17073170731707318,0.8902439024390244,0.24390243902439024,0.6710526315789473,0.8292682926829268
"Micron Tech, Inc.",0.0,0.0006111111111111,0.0145405671582413,0.3459732435545323,0.0,0.6964285714285714,0.4381071428571428,0.1463214285714285,0.1946071428571428,0.2589285714285714,0.5267857142857143,0.979107142857143,0.5535714285714286,0.9732142857142856,0.625,,0.7946428571428572,0.75,0.7946428571428572,0.2589285714285714,0.7410714285714286,0.5446428571428572,0.9642857142857144,0.6875,0.2857142857142857,0.7321428571428572,0.7589285714285714,0.7589285714285714,0.7321428571428572,0.6231071428571429,0.1786071428571428,0.2232857142857142,0.11925,0.6463414634146342,0.9146341463414634,0.2926829268292683,,0.9634146341463414
FPT Corporation,0.0,0.0288194444444444,0.6170321337347447,13.21082558670368,0.0,0.6607142857142857,0.6371428571428571,0.1607857142857142,0.2014285714285714,0.7053571428571428,0.75,0.9881071428571429,0.75,0.9464285714285714,0.7589285714285714,0.6785714285714286,0.7410714285714286,0.7410714285714286,0.7857142857142856,0.75,0.75,0.7053571428571428,0.7410714285714286,0.7232142857142857,0.75,0.7589285714285714,0.75,0.5267857142857143,0.7410714285714286,0.2908571428571428,0.3661785714285714,0.3151785714285714,0.1492857142857143,0.6829268292682927,0.9512195121951219,0.5487804878048781,1.0,0.8536585365853658
"Baidu, Inc.",0.0,-0.0225638888888888,-0.4915959528408302,-10.71032489299694,0.0,0.6160714285714286,0.305,0.0709285714285714,0.0751071428571428,0.2678571428571428,0.5,0.9814285714285715,0.6339285714285714,0.7410714285714286,0.625,,0.75,0.6160714285714286,0.7321428571428572,0.2678571428571428,0.5089285714285714,0.4910714285714286,0.7589285714285714,0.5,0.5178571428571428,0.7053571428571428,0.5267857142857143,0.7410714285714286,0.6785714285714286,0.39575,0.2614285714285714,0.2473571428571429,0.1477142857142857,0.14634146341463414,0.8292682926829268,0.07317073170731707,,0.5487804878048781
VanEck Solana ETN,0.0,0.0399597222222222,0.6423381895448914,10.325355803358324,1.0,0.5892857142857143,0.3869642857142857,0.1667857142857143,0.20625,0.0,0.375,0.9625714285714286,0.625,0.4910714285714286,0.4464285714285714,0.4107142857142857,0.7589285714285714,0.5535714285714286,0.7589285714285714,0.6785714285714286,0.7142857142857143,0.5089285714285714,0.2946428571428572,0.4910714285714286,0.7589285714285714,0.5267857142857143,0.6964285714285714,0.4732142857142857,0.7232142857142857,0.557,0.2749642857142857,0.3626071428571428,0.3500357142857143,0.1951219512195122,0.8414634146341463,0.12195121951219512,0.10526315789473684,0.7560975609756098
TENCENT HOLDINGS LTD,0.0,-0.0134444444444444,-0.3582243857517301,-9.544813181197018,0.0,0.5267857142857143,0.20125,0.1055357142857142,0.113,0.4464285714285714,0.5089285714285714,0.9865000000000002,0.7321428571428572,0.875,0.7589285714285714,,0.7321428571428572,0.6875,0.9642857142857144,0.4642857142857143,0.7053571428571428,0.4732142857142857,0.7232142857142857,0.7142857142857143,0.7678571428571428,0.6964285714285714,0.7410714285714286,0.6964285714285714,0.5446428571428572,0.3070714285714285,0.1907142857142857,0.1489642857142857,0.12375,0.3048780487804878,0.7682926829268293,0.524390243902439,,0.07317073170731707
iShares Ethereum Trust ETF,0.0,0.0352916666666666,0.5355359251130529,8.126528276364393,1.0,0.5178571428571428,0.5980714285714286,0.1278214285714285,0.1556428571428571,0.0267857142857143,0.2857142857142857,0.9825357142857143,0.7053571428571428,0.2767857142857143,0.4821428571428572,0.3214285714285714,0.7321428571428572,0.7321428571428572,0.7678571428571428,0.7053571428571428,0.75,0.5267857142857143,0.7678571428571428,0.7321428571428572,0.75,0.6875,0.7232142857142857,0.3839285714285714,0.5267857142857143,0.2302499999999999,0.2623214285714285,0.15525,0.3060714285714285,0.6341463414634146,0.7804878048780488,0.13414634146341464,0.02631578947368421,0.2682926829268293
iShares Bitcoin Trust ETF,0.0,0.0145972222222222,0.2485331507412328,4.2315398147005086,1.0,0.5089285714285714,0.4975,0.147875,0.1341428571428571,0.0089285714285713,0.2946428571428572,0.9786071428571429,0.5267857142857143,0.0178571428571428,0.2946428571428572,0.5,0.7053571428571428,0.7232142857142857,0.9553571428571428,0.5,0.7589285714285714,0.2142857142857143,0.9464285714285714,0.75,0.9642857142857144,0.5267857142857143,0.5178571428571428,0.3214285714285714,0.4910714285714286,0.3217142857142857,0.1954642857142857,0.2010357142857143,0.2001428571428571,0.5914634146341463,0.6463414634146342,0.14634146341463414,0.05263157894736842,0.34146341463414637
Alibaba Group Holding Ltd.,0.0,-0.0232361111111111,-0.5192553999550498,-11.603756286633873,1.0,0.5089285714285714,0.2497142857142857,0.0854642857142857,0.0926071428571428,0.25,0.375,0.9840714285714286,0.5357142857142857,0.7946428571428572,0.7142857142857143,,0.6964285714285714,0.4910714285714286,0.7767857142857144,0.2767857142857143,0.5089285714285714,0.4821428571428572,0.8035714285714286,0.5267857142857143,0.7321428571428572,0.5267857142857143,0.5267857142857143,0.5446428571428572,0.7142857142857143,0.5441428571428572,0.1918928571428571,0.2053928571428571,0.1216071428571428,0.12195121951219512,0.7073170731707317,0.15853658536585366,,0.0975609756097561
"DexCom, Inc.",0.0,0.0110555555555555,0.2110624904239259,4.029410791714056,0.0,0.5,0.6320357142857143,0.1505714285714285,0.1909285714285714,0.4732142857142857,0.5357142857142857,0.9953928571428572,0.7767857142857144,0.7857142857142856,0.7857142857142856,0.3214285714285714,0.7410714285714286,0.7321428571428572,1.0,0.7767857142857144,0.75,0.7321428571428572,0.9464285714285714,0.6875,0.7053571428571428,0.7589285714285714,0.7678571428571428,0.3035714285714286,0.7589285714285714,0.2246428571428571,0.35125,0.1556071428571428,0.2305357142857143,0.6707317073170732,0.8658536585365854,0.5975609756097561,0.6842105263157895,0.47560975609756095
3IQ ETHER STAKING ETF,0.0,0.0061597222222222,0.1025666948869384,1.7078573546836155,1.0,0.4821428571428572,0.2544642857142857,0.0838571428571428,0.0807142857142857,0.0357142857142857,0.4464285714285714,0.9650357142857143,0.4732142857142857,0.0803571428571428,0.5267857142857143,,0.7232142857142857,0.6875,0.7232142857142857,0.5,0.5267857142857143,0.5089285714285714,0.375,0.7410714285714286,0.7321428571428572,0.5267857142857143,0.5357142857142857,0.3035714285714286,0.5,0.29525,0.3298928571428571,0.1532142857142857,0.3257857142857143,0.34146341463414637,0.573170731707317,0.06097560975609756,,0.012195121951219513
"Marathon Digital Holdings, Inc.",0.0,0.0053277777777777,0.0709501837111006,0.9448458210166916,1.0,0.4196428571428572,0.2333928571428571,0.1219285714285714,0.1466785714285714,0.0,0.2946428571428572,0.7676785714285714,0.375,0.1071428571428571,0.2589285714285714,0.2857142857142857,0.7321428571428572,0.4553571428571428,0.7232142857142857,0.6964285714285714,0.5357142857142857,0.4553571428571428,0.7410714285714286,0.2767857142857143,0.375,0.5178571428571428,0.5535714285714286,0.5089285714285714,0.7589285714285714,0.4428214285714286,0.2960714285714286,0.3731071428571428,0.248,0.024390243902439025,0.5853658536585366,0.012195121951219513,0.14473684210526316,0.2926829268292683
CRISPR Therapeutics AG,0.0,0.0176111111111111,0.3383993744449627,6.502379997619424,1.0,0.3303571428571428,0.1850714285714285,0.1442857142857143,0.3253928571428571,0.0089285714285713,0.375,0.8021428571428573,0.625,0.5982142857142857,0.5089285714285714,0.6964285714285714,0.7410714285714286,0.7053571428571428,0.9553571428571428,0.5357142857142857,0.6964285714285714,0.7053571428571428,0.75,0.5,0.0625,0.6964285714285714,0.7321428571428572,0.6696428571428572,0.7321428571428572,0.56575,0.2808571428571428,0.351,0.1970714285714285,0.35365853658536583,0.5487804878048781,0.0975609756097561,0.20394736842105263,0.7926829268292683
VanEck Crypto Leaders ETN,0.0,0.0075277777777777,0.1303680594231138,2.2577487566012837,1.0,0.3035714285714286,0.2628571428571428,0.1055357142857142,0.1560714285714285,0.0,0.2410714285714286,0.97425,0.4553571428571428,0.3660714285714286,0.3035714285714286,0.4285714285714286,0.6964285714285714,0.5446428571428572,0.625,0.7053571428571428,0.6964285714285714,0.25,0.2857142857142857,0.5267857142857143,0.6964285714285714,0.4910714285714286,0.3125,0.3839285714285714,0.5,0.2333214285714285,0.2749642857142857,0.1782142857142857,0.3130357142857142,0.13414634146341464,0.4024390243902439,0.036585365853658534,0.039473684210526314,0.024390243902439025
"Confluent, Inc.",0.0,0.0328263888888888,0.71611664257956,15.622280218370353,1.0,0.2946428571428572,0.3298214285714286,0.1326785714285714,0.21375,0.1964285714285714,0.4732142857142857,0.8433214285714286,0.75,0.7946428571428572,0.75,0.5357142857142857,0.4910714285714286,0.7232142857142857,0.7767857142857144,0.75,0.7053571428571428,0.5267857142857143,0.7410714285714286,0.4464285714285714,0.7142857142857143,0.7321428571428572,0.75,0.4910714285714286,0.7321428571428572,0.2859285714285714,0.3399285714285714,0.2356428571428571,0.2175714285714285,0.2682926829268293,0.5,0.4146341463414634,0.3815789473684211,0.4024390243902439
Lam Research Corporation,0.0,0.0190833333333333,0.4005612461351394,8.407824204646412,0.0,0.2946428571428572,0.62275,0.0881785714285714,0.1285357142857142,0.2767857142857143,0.7053571428571428,0.9921785714285715,0.7678571428571428,0.9821428571428572,0.7678571428571428,0.5178571428571429,0.75,0.7589285714285714,0.9732142857142856,0.2767857142857143,0.7767857142857144,0.7410714285714286,0.9464285714285714,0.7589285714285714,0.7053571428571428,0.7410714285714286,0.7946428571428572,0.5535714285714286,0.4017857142857143,0.4251071428571428,0.2152142857142857,0.2114642857142857,0.155,0.9878048780487805,0.3780487804878049,0.7195121951219512,0.7631578947368421,0.6219512195121951
Enovix Corporation,0.0,0.0061944444444444,0.0675112836922003,0.7357840507967502,1.0,0.2857142857142857,0.2546428571428571,0.23,0.4279642857142857,0.0535714285714286,0.2589285714285714,0.551607142857143,0.5267857142857143,0.7142857142857143,0.4732142857142857,0.6785714285714286,0.7232142857142857,0.5446428571428572,0.75,0.7589285714285714,0.4642857142857143,0.5,0.6964285714285714,0.2321428571428571,0.2857142857142857,0.6160714285714286,0.5178571428571428,0.5535714285714286,0.875,0.3171428571428571,0.3146785714285714,0.2073571428571428,0.2490714285714285,0.06097560975609756,0.4268292682926829,0.04878048780487805,0.20394736842105263,0.6951219512195121
RUBRIK INC-A,0.0,0.019375,0.4325459276381186,9.65656668471332,1.0,0.2678571428571428,0.2596428571428572,0.1308928571428571,0.2180357142857143,0.2678571428571428,0.375,0.8314285714285715,0.7857142857142856,0.9553571428571428,0.7410714285714286,0.5535714285714286,0.7142857142857143,0.7053571428571428,0.7589285714285714,0.5357142857142857,0.7232142857142857,0.7232142857142857,0.75,0.5178571428571428,0.7321428571428572,0.7410714285714286,0.75,0.6785714285714286,0.7321428571428572,0.3441428571428571,0.2525357142857142,0.2343571428571428,0.1704642857142857,0.5,0.3170731707317073,0.5365853658536586,0.5394736842105263,0.573170731707317
Atlassian Corporation Plc,0.0,0.0163263888888888,0.3680876927353299,8.298745697245206,1.0,0.2589285714285714,0.2525714285714285,0.1557142857142857,0.1898214285714285,0.4821428571428572,0.4464285714285714,0.84375,0.7767857142857144,0.7946428571428572,0.9642857142857144,0.5178571428571429,0.625,0.75,0.9642857142857144,0.75,0.7410714285714286,0.7321428571428572,0.7589285714285714,0.2857142857142857,0.6964285714285714,0.7232142857142857,0.75,0.4642857142857143,0.7767857142857144,0.3166785714285714,0.2431071428571428,0.1658214285714285,0.1558214285714285,0.6219512195121951,0.32926829268292684,0.573170731707317,0.8223684210526315,0.13414634146341464
Next Generation Internet Innovation Index,0.0,0.0,,,1.0,0.25,0.4497857142857143,0.115,0.1737142857142857,0.0267857142857143,0.2946428571428572,0.8297500000000001,0.5089285714285714,0.7589285714285714,0.6785714285714286,0.3214285714285714,0.7410714285714286,0.6964285714285714,0.7857142857142856,0.4910714285714286,0.6964285714285714,0.5357142857142857,0.5178571428571428,0.5178571428571428,0.9642857142857144,0.7232142857142857,0.75,0.5535714285714286,0.5,0.2457857142857143,0.181,0.2503571428571428,0.1529642857142857,0.2865853658536585,0.2073170731707317,0.25609756097560976,0.18421052631578946,0.4268292682926829
MICROSTRATEGY INC,0.0,0.0418888888888888,0.3145737992166624,2.3623609453115253,1.0,0.2232142857142857,0.16625,0.0559285714285714,0.2143928571428571,0.0,0.0446428571428571,0.7360714285714286,0.4642857142857143,0.6696428571428572,0.2767857142857143,0.3214285714285714,0.6875,0.5089285714285714,0.75,0.7053571428571428,0.5357142857142857,0.2589285714285714,0.75,0.2410714285714286,0.2946428571428572,0.4553571428571428,0.2410714285714286,0.5446428571428572,0.6875,0.41225,0.3365714285714286,0.2236428571428571,0.3005,0.012195121951219513,0.13414634146341464,0.024390243902439025,0.11842105263157894,0.36585365853658536
ROBLOX CORP -CLASS A,0.0,0.0043874999999999,0.084103742462578,1.6121799421565024,1.0,0.2142857142857143,0.2858928571428571,0.1330357142857142,0.1889285714285714,0.0178571428571428,0.2857142857142857,0.8785714285714286,0.7589285714285714,0.7589285714285714,0.7321428571428572,0.5357142857142857,0.7321428571428572,0.5357142857142857,0.9464285714285714,0.4553571428571428,0.6964285714285714,0.2678571428571428,0.7767857142857144,0.3125,0.7410714285714286,0.6160714285714286,0.7410714285714286,0.6875,0.5178571428571428,0.3210714285714285,0.2848928571428571,0.2516785714285714,0.1940714285714286,0.07317073170731707,0.06097560975609756,0.3048780487804878,0.13157894736842105,0.5853658536585366
"Cadence Design Systems, Inc.",0.0,0.0265416666666666,0.496208329740631,9.276836665770302,1.0,0.2053571428571428,0.3692857142857143,0.1176071428571428,0.1626428571428571,0.625,0.7321428571428572,0.9985714285714286,0.9464285714285714,0.9732142857142856,0.9821428571428572,0.6428571428571429,0.75,0.7142857142857143,0.9821428571428572,0.3125,0.7232142857142857,0.3125,0.9553571428571428,0.75,0.9821428571428572,0.7857142857142856,0.875,0.6964285714285714,0.2767857142857143,0.4217857142857142,0.1767857142857143,0.1843214285714285,0.1191071428571428,0.4634146341463415,0.10975609756097561,0.9634146341463414,0.9210526315789473,0.524390243902439
Shopify Inc.,0.0,0.0142513888888888,0.4544964243966878,14.49451708881682,1.0,0.2053571428571428,0.4434285714285714,0.1179285714285714,0.1695714285714285,0.25,0.5267857142857143,0.9926428571428572,0.7678571428571428,0.8035714285714286,0.7767857142857144,0.375,0.7232142857142857,0.7053571428571428,0.9910714285714286,0.4107142857142857,0.7321428571428572,0.625,0.9464285714285714,0.6964285714285714,0.8035714285714286,0.75,0.7589285714285714,0.5446428571428572,0.2857142857142857,0.3824642857142856,0.1964999999999999,0.1711785714285714,0.1536071428571428,0.5609756097560976,0.07317073170731707,0.6707317073170732,0.4144736842105263,0.5
ARM Holdings plc,0.0,0.0132638888888888,0.2964685184533109,6.626531869362183,1.0,0.1964285714285714,0.19875,0.1171071428571428,0.2539285714285714,0.4464285714285714,0.5267857142857143,0.9982142857142858,0.7767857142857144,0.9464285714285714,0.9464285714285714,0.4821428571428571,0.7232142857142857,0.75,0.9642857142857144,0.75,0.75,0.7410714285714286,0.7589285714285714,0.7142857142857143,0.9553571428571428,0.7053571428571428,0.75,0.6071428571428572,0.2678571428571428,0.2849285714285714,0.2387142857142857,0.2189285714285714,0.1762142857142857,0.8536585365853658,0.04878048780487805,0.7682926829268293,0.5131578947368421,0.3902439024390244
DATADOG INC,0.0,0.0355972222222222,0.8142175288070742,18.623649342021977,1.0,0.125,0.3334642857142857,0.1408928571428571,0.2259285714285714,0.2767857142857143,0.4910714285714286,0.9856428571428572,0.7589285714285714,0.8035714285714286,0.8035714285714286,0.5357142857142857,0.7321428571428572,0.75,1.0,0.5,0.7410714285714286,0.7142857142857143,0.7678571428571428,0.6875,0.7589285714285714,0.7321428571428572,0.7589285714285714,0.5535714285714286,0.7053571428571428,0.4657142857142857,0.2167142857142857,0.1549285714285714,0.1311428571428571,0.6585365853658537,0.08536585365853659,0.6341463414634146,0.3684210526315789,0.5609756097560976
CLOUDFLARE INC,0.0,0.0387708333333333,0.8878185730837229,20.330277967864617,1.0,0.0535714285714286,0.2907142857142857,0.1392857142857143,0.3505357142857143,0.2232142857142857,0.3035714285714286,0.93875,0.8035714285714286,0.9642857142857144,0.7589285714285714,0.4464285714285714,0.7410714285714286,0.7410714285714286,0.9910714285714286,0.375,0.7589285714285714,0.7321428571428572,0.7767857142857144,0.625,0.7767857142857144,0.75,0.7321428571428572,0.7142857142857143,0.2410714285714286,0.3757142857142856,0.2177142857142857,0.175,0.1485,0.7560975609756098,0.036585365853658534,0.6219512195121951,0.2236842105263158,0.7439024390243902
PALANTIR TECHNOLOGIES INC,0.0,0.0175416666666666,0.390542284001573,8.694913573007051,1.0,0.0357142857142857,0.3023214285714286,0.14525,0.3124642857142857,0.2053571428571428,0.4553571428571428,0.9908571428571429,0.75,0.9732142857142856,0.7232142857142857,0.5714285714285714,0.6964285714285714,0.5446428571428572,0.7946428571428572,0.3035714285714286,0.7142857142857143,0.2589285714285714,0.7767857142857144,0.7232142857142857,0.7321428571428572,0.5178571428571428,0.75,0.6160714285714286,0.2053571428571428,0.4085357142857143,0.2179285714285714,0.3227142857142857,0.1517857142857143,0.23780487804878048,0.012195121951219513,0.5121951219512195,0.06578947368421052,0.7317073170731707
TESLA INC,0.0,0.0093055555555555,0.1976654764707846,4.198743466218518,1.0,0.0357142857142857,0.1678571428571428,0.0832857142857143,0.2033571428571428,0.2142857142857143,0.4464285714285714,0.9728571428571429,0.7321428571428572,0.8035714285714286,0.7410714285714286,0.4464285714285714,0.7321428571428572,0.4464285714285714,0.9821428571428572,0.2410714285714286,0.6875,0.5,0.9910714285714286,0.5178571428571428,0.5535714285714286,0.6875,0.6964285714285714,0.7232142857142857,0.125,0.4853928571428572,0.2362857142857142,0.3685714285714286,0.1965714285714286,0.15853658536585366,0.024390243902439025,0.2073170731707317,0.17105263157894737,0.6463414634146342
COINBASE GLOBAL INC,0.0,-0.0004930555555555,-0.0092612419269524,-0.1739572773556922,0.0,,,,,,,,,,,,,,,,,,,,,,,,,,,,,,,,,
UIPATH INC - CLASS A,0.0,-0.0014847222222222,-0.0350071706317037,-0.8254082664722165,0.0,,,,,,,,,,,0.4821428571428571,,,,,,,,,,,,,,,,,,,,,,
GENIUS SPORTS LTD,0.0,-0.0027069444444444,-0.0457407292233208,-0.7729062612182844,0.0,,,,,,,,,,,0.5714285714285714,,,,,,,,,,,,,,,,,,,,,,
Hims & Hers Health Inc,0.0,-0.0029166666666666,-0.0456290036297004,-0.7138306190534459,0.0,,,,,,,,,,,0.5892857142857143,,,,,,,,,,,,,,,,,,,,,,
NXP SEMICONDUCTORS NV,0.0,-0.0031625,-0.0808303625171272,-2.06594387498821,0.0,,,,,,,,,,,,,,,,,,,,,,,,,,,,,,,,,
"First Solar, Inc.",0.0,-0.0032333333333333,-0.0686216059092213,-1.4563684940908703,0.0,,,,,,,,,,,,,,,,,,,,,,,,,,,,,,,,,
Vertex Pharmaceuticals Inc.,0.0,-0.0033305555555555,-0.0852762224066636,-2.183429757182882,0.0,,,,,,,,,,,0.7321428571428571,,,,,,,,,,,,,,,,,,,,,,
DRAFTKINGS INC,0.0,-0.0035097222222222,-0.0818619432149749,-1.9093755353347388,0.0,,,,,,,,,,,0.5178571428571429,,,,,,,,,,,,,,,,,,,,,,
"Uber Technologies, Inc.",0.0,-0.0037361111111111,-0.0893245220963506,-2.135608393447521,0.0,,,,,,,,,,,,,,,,,,,,,,,,,,,,,,,,,
HDFC Bank Limited,0.0,-0.0037986111111111,-0.0833467041518141,-1.8287402657910137,0.0,,,,,,,,,,,,,,,,,,,,,,,,,,,,,,,,,
PURE STORAGE INC,0.0,-0.0046875,-0.1120877714282381,-2.680249280799776,0.0,,,,,,,,,,,0.6607142857142857,,,,,,,,,,,,,,,,,,,,,,
Toast Inc.,0.0,-0.0055555555555555,-0.1243838659482005,-2.784842299479588,0.0,,,,,,,,,,,0.5535714285714286,,,,,,,,,,,,,,,,,,,,,,
Lululemon Athletica Inc.,0.0,-0.0068430555555555,-0.1511837747814448,-3.340106414686415,0.0,,,,,,,,,,,0.3571428571428571,,,,,,,,,,,,,,,,,,,,,,
Eli Lilly Inc.,0.0,-0.0068611111111111,-0.1590890410980003,-3.6888082101592095,0.0,,,,,,,,,,,,,,,,,,,,,,,,,,,,,,,,,
"Pinterest, Inc.",0.0,-0.0071791666666666,-0.1525426112566525,-3.241218560510488,0.0,,,,,,,,,,,,,,,,,,,,,,,,,,,,,,,,,
Grab Holdings Inc.,0.0,-0.0071944444444444,-0.1838033201919668,-4.695798372545424,0.0,,,,,,,,,,,,,,,,,,,,,,,,,,,,,,,,,
ICICI Bank Limited,0.0,-0.0071958333333333,-0.1552002888062386,-3.347371809455455,0.0,,,,,,,,,,,,,,,,,,,,,,,,,,,,,,,,,
First Trust Cloud Computing ETF,0.0,-0.0077416666666666,-0.2372042487492837,-7.267925376712002,0.0,,,,,,,,,,,,,,,,,,,,,,,,,,,,,,,,,
ADOBE INC,0.0,-0.0082083333333333,-0.193098016297556,-4.542559662706744,0.0,,,,,,,,,,,0.5892857142857143,,,,,,,,,,,,,,,,,,,,,,
"Marqeta, Inc. ",0.0,-0.0084041666666666,-0.1917741782146824,-4.376083541487371,0.0,,,,,,,,,,,,,,,,,,,,,,,,,,,,,,,,,
FAIR ISAAC CORP,0.0,-0.0088611111111111,-0.1907449693220021,-4.105991095860362,0.0,,,,,,,,,,,,,,,,,,,,,,,,,,,,,,,,,
WORKDAY INC,0.0,-0.009,-0.2473634216743288,-6.798740264714645,0.0,,,,,,,,,,,0.6428571428571429,,,,,,,,,,,,,,,,,,,,,,
StoneCo Ltd.,0.0,-0.0090277777777777,-0.1214559023000321,-1.6340163179278109,0.0,,,,,,,,,,,0.5178571428571429,,,,,,,,,,,,,,,,,,,,,,
Axsome Therapeutics Inc.,0.0,-0.0093041666666666,-0.0711811653962311,-0.5445687387907509,0.0,,,,,,,,,,,0.5535714285714286,,,,,,,,,,,,,,,,,,,,,,
ASM Pacific Tech Limited,0.0,-0.0094291666666666,-0.2779108463814573,-8.191014250441853,0.0,,,,,,,,,,,,,,,,,,,,,,,,,,,,,,,,,
Novo Nordisk AS,0.0,-0.0095291666666666,-0.2333996732063811,-5.716702137596381,0.0,,,,,,,,,,,,,,,,,,,,,,,,,,,,,,,,,
NUTANIX INC A,0.0,-0.0099444444444444,-0.2086804119261384,-4.3790796524577145,0.0,,,,,,,,,,,0.6428571428571429,,,,,,,,,,,,,,,,,,,,,,
UNITY SOFTWARE INC,0.0,-0.0103305555555555,-0.1703028433769012,-2.807502298040508,0.0,,,,,,,,,,,0.5,,,,,,,,,,,,,,,,,,,,,,
Nasdaq 100 ETF,0.0,-0.0107319444444444,-0.3350156102426597,-10.45807306283272,0.0,,,,,,,,,,,,,,,,,,,,,,,,,,,,,,,,,
TRIP.COM GROUP LTD,0.0,-0.0107638888888888,-0.2198479639112194,-4.490303433529596,0.0,,,,,,,,,,,,,,,,,,,,,,,,,,,,,,,,,
Agilysys Inc.,0.0,-0.0108875,-0.22934087991184,-4.830974897702599,0.0,,,,,,,,,,,0.5,,,,,,,,,,,,,,,,,,,,,,
Silicon Laboratories Inc.,0.0,-0.0114444444444444,-0.2845575772391812,-7.075311969690227,0.0,,,,,,,,,,,,,,,,,,,,,,,,,,,,,,,,,
Celsius Holdings Inc.,0.0,-0.0120138888888888,-0.1751663230482619,-2.553980731303885,0.0,,,,,,,,,,,0.4821428571428571,,,,,,,,,,,,,,,,,,,,,,
Keyence Corporation,0.0,-0.0123611111111111,-0.3145180054400883,-8.00264433001441,0.0,,,,,,,,,,,,,,,,,,,,,,,,,,,,,,,,,
ETFMG Prime Cyber Security ETF,0.0,-0.0125416666666666,-0.4132485856422035,-13.616562939690228,0.0,,,,,,,,,,,,,,,,,,,,,,,,,,,,,,,,,
"Regeneron Pharmaceuticals, Inc.",0.0,-0.0131458333333333,-0.3073914423446142,-7.187790718988445,0.0,,,,,,,,,,,,,,,,,,,,,,,,,,,,,,,,,
STMICROELECTRONICS NV NY SHS,0.0,-0.0132361111111111,-0.3667641127384663,-10.162797309846884,0.0,,,,,,,,,,,,,,,,,,,,,,,,,,,,,,,,,
Reliance Industries Limited,0.0,-0.0133333333333333,-0.3256825053704734,-7.955182072829132,0.0,,,,,,,,,,,,,,,,,,,,,,,,,,,,,,,,,
ADVANTEST CORP,0.0,-0.0133749999999999,-0.3278943263434126,-8.038481439117785,0.0,,,,,,,,,,,,,,,,,,,,,,,,,,,,,,,,,
UnitedHealth Group Inc.,0.0,-0.0141958333333333,-0.3083504197483669,-6.69773863403539,0.0,,,,,,,,,,,,,,,,,,,,,,,,,,,,,,,,,
Xero Limited,0.0,-0.0143888888888888,-0.3483976340755704,-8.435739018263288,0.0,,,,,,,,,,,,,,,,,,,,,,,,,,,,,,,,,
Naspers Limited,0.0,-0.0149305555555555,-0.3045858380259069,-6.213602191877177,0.0,,,,,,,,,,,,,,,,,,,,,,,,,,,,,,,,,
SPOTIFY TECHNOLOGY SA,0.0,-0.0151444444444444,-0.3221952115203949,-6.854642618782451,0.0,,,,,,,,,,,,,,,,,,,,,,,,,,,,,,,,,
Magnite Inc.,0.0,-0.0152916666666666,-0.2913151549024832,-5.549723344470265,0.0,,,,,,,,,,,0.5892857142857143,,,,,,,,,,,,,,,,,,,,,,
PT GoTo Gojek Tokopedia Tbk,0.0,-0.0153472222222222,-0.3384773810237371,-7.46499502032357,0.0,,,,,,,,,,,,,,,,,,,,,,,,,,,,,,,,,
VISA INC,0.0,-0.0161111111111111,-0.3857925273953492,-9.238088743081528,0.0,,,,,,,,,,,,,,,,,,,,,,,,,,,,,,,,,
REDDIT INC-CL A,0.0,-0.0162513888888888,-0.4126895890269799,-10.47988563043376,0.0,,,,,,,,,,,,,,,,,,,,,,,,,,,,,,,,,
BOOKING HOLDINGS INC,0.0,-0.0163902777777777,-0.3984741528677978,-9.687550916250366,0.0,,,,,,,,,,,,,,,,,,,,,,,,,,,,,,,,,
Infineon Technologies AG,0.0,-0.016825,-0.4536808492654737,-12.233361841916285,0.0,,,,,,,,,,,,,,,,,,,,,,,,,,,,,,,,,
ARK Genomic Revolution ETF,0.0,-0.0168472222222222,-0.5120129680514831,-15.560860775439416,0.0,,,,,,,,,,,,,,,,,,,,,,,,,,,,,,,,,
"JD.com, Inc.",0.0,-0.0174027777777777,-0.3869433298247035,-8.603519645410778,0.0,,,,,,,,,,,,,,,,,,,,,,,,,,,,,,,,,
DigitalOcean Holdings Inc.,0.0,-0.01775,-0.4425217201829482,-11.032421004714111,0.0,,,,,,,,,,,,,,,,,,,,,,,,,,,,,,,,,
CORPAY INC,0.0,-0.0179486111111111,-0.3825646587550627,-8.154152832347895,0.0,,,,,,,,,,,,,,,,,,,,,,,,,,,,,,,,,
PROSUS NV,0.0,-0.0179819444444444,-0.4002190720841593,-8.907563147843668,0.0,,,,,,,,,,,,,,,,,,,,,,,,,,,,,,,,,
MSCI Inc.,0.0,-0.0185708333333333,-0.4171485678881129,-9.370227203469788,0.0,,,,,,,,,,,,,,,,,,,,,,,,,,,,,,,,,
ARK Innovation ETF,0.0,-0.0189291666666666,-0.4763994923207968,-11.989776427040086,0.0,,,,,,,,,,,,,,,,,,,,,,,,,,,,,,,,,
NIO Inc.,0.0,-0.0198194444444444,-0.3469001967373563,-6.071802205845823,0.0,,,,,,,,,,,0.3571428571428571,,,,,,,,,,,,,,,,,,,,,,
ARK Fintech Innovation ETF,0.0,-0.0200763888888888,-0.6469865152148933,-20.84994234703121,0.0,,,,,,,,,,,,,,,,,,,,,,,,,,,,,,,,,
SALESFORCE INC,0.0,-0.0200930555555555,-0.529126874762523,-13.933930995305683,0.0,,,,,,,,,,,,,,,,,,,,,,,,,,,,,,,,,
Wingstop Inc.,0.0,-0.0204027777777777,-0.5114007303701386,-12.818387274107558,0.0,,,,,,,,,,,,,,,,,,,,,,,,,,,,,,,,,
Games Workshop Group plc,0.0,-0.0212097222222222,-0.333850595499116,-5.254958973405956,0.0,,,,,,,,,,,,,,,,,,,,,,,,,,,,,,,,,
PAGERDUTY INC,0.0,-0.0212222222222222,-0.5104223994172633,-12.276331059905164,0.0,,,,,,,,,,,,,,,,,,,,,,,,,,,,,,,,,
EQUINIX INC,0.0,-0.0213194444444444,-0.588345834174952,-16.236390281793778,0.0,,,,,,,,,,,,,,,,,,,,,,,,,,,,,,,,,
QUALCOMM INC,0.0,-0.0222111111111111,-0.6037348996858124,-16.41051756822282,0.0,,,,,,,,,,,,,,,,,,,,,,,,,,,,,,,,,
Global X Lithium & Battery Tech ETF,0.0,-0.0222361111111111,-0.5753480616288265,-14.886838366922827,0.0,,,,,,,,,,,,,,,,,,,,,,,,,,,,,,,,,
Xiaomi Corporation,0.0,-0.0222375,-0.5781717990747008,-15.032383552345191,0.0,,,,,,,,,,,,,,,,,,,,,,,,,,,,,,,,,
TOTVS S.A.,0.0,-0.0226055555555555,-0.4640401345965781,-9.525678145233194,0.0,,,,,,,,,,,,,,,,,,,,,,,,,,,,,,,,,
Softtek,0.0,-0.0229069444444444,-0.5177402806393224,-11.701909822437925,0.0,,,,,,,,,,,,,,,,,,,,,,,,,,,,,,,,,
Teledyne Technologies Incorporated,0.0,-0.0229305555555555,-0.5849545392312651,-14.922089965864831,0.0,,,,,,,,,,,,,,,,,,,,,,,,,,,,,,,,,
Hermès International SCA,0.0,-0.0229722222222222,-0.4772362949543608,-9.91434259248315,0.0,,,,,,,,,,,,,,,,,,,,,,,,,,,,,,,,,
ANALOG DEVICES INC,0.0,-0.023625,-0.58934271989823,-14.701580592467453,0.0,,,,,,,,,,,,,,,,,,,,,,,,,,,,,,,,,
KraneShares Electric Vehicles & Future Mobility ETF,0.0,-0.0248611111111111,-0.7302018047985622,-21.446936677451163,0.0,,,,,,,,,,,,,,,,,,,,,,,,,,,,,,,,,
RENESAS ELECTRONICS CORP,0.0,-0.0249597222222222,-0.5896998423688776,-13.932282618925658,0.0,,,,,,,,,,,,,,,,,,,,,,,,,,,,,,,,,
S&P GLOBAL INC,0.0,-0.0249722222222222,-0.6133304781847576,-15.063708472672262,0.0,,,,,,,,,,,,,,,,,,,,,,,,,,,,,,,,,
GLOBAL PAYMENTS INC,0.0,-0.0250083333333333,-0.5265673209127739,-11.087229994798648,0.0,,,,,,,,,,,,,,,,,,,,,,,,,,,,,,,,,
Insmed Incorporated,0.0,-0.0253888888888888,-0.3369611860372471,-4.472146906173541,0.0,,,,,,,,,,,0.5178571428571429,,,,,,,,,,,,,,,,,,,,,,
"Match Group, Inc.",0.0,-0.0254611111111111,-0.5043908603233017,-9.992106741431918,0.0,,,,,,,,,,,,,,,,,,,,,,,,,,,,,,,,,
HCL Technologies Limited,0.0,-0.0259930555555555,-0.7077506491835089,-19.27095413423288,0.0,,,,,,,,,,,,,,,,,,,,,,,,,,,,,,,,,
Twilio Inc.,0.0,-0.0260833333333333,-0.6101927388753243,-14.274831127520883,0.0,,,,,,,,,,,,,,,,,,,,,,,,,,,,,,,,,
ROKU INC,0.0,-0.0261125,-0.498725584188896,-9.525216211567471,0.0,,,,,,,,,,,,,,,,,,,,,,,,,,,,,,,,,
"Crocs, Inc.",0.0,-0.0262222222222222,-0.4511313996867981,-7.761338381569182,0.0,,,,,,,,,,,,,,,,,,,,,,,,,,,,,,,,,
ZEBRA TECHNOLOGIES CORP,0.0,-0.0263486111111111,-0.650845963713101,-16.07676650185954,0.0,,,,,,,,,,,,,,,,,,,,,,,,,,,,,,,,,
ACCENTURE PLC CL A,0.0,-0.0267513888888888,-0.7045856477507781,-18.55757609738831,0.0,,,,,,,,,,,,,,,,,,,,,,,,,,,,,,,,,
NETFLIX INC,0.0,-0.0269847222222222,-0.6648766548023047,-16.381897966585733,0.0,,,,,,,,,,,,,,,,,,,,,,,,,,,,,,,,,
Dassault Systèmes SE,0.0,-0.0269986111111111,-0.7925515543164964,-23.26556590872143,0.0,,,,,,,,,,,,,,,,,,,,,,,,,,,,,,,,,
Cohu Inc.,0.0,-0.0273361111111111,-0.6170088218244227,-13.926629309551714,0.0,,,,,,,,,,,,,,,,,,,,,,,,,,,,,,,,,
VanEck Video Gaming and eSports ETF,0.0,-0.0274097222222222,-0.8799634997943446,-28.250405264688336,0.0,,,,,,,,,,,,,,,,,,,,,,,,,,,,,,,,,
NASDAQ INC,0.0,-0.0275194444444444,-0.678384591706001,-16.722926772492414,0.0,,,,,,,,,,,,,,,,,,,,,,,,,,,,,,,,,
APPLE INC,0.0,-0.0277847222222222,-0.8518578229962335,-26.11729369817122,0.0,,,,,,,,,,,,,,,,,,,,,,,,,,,,,,,,,
Danaher Corp.,0.0,-0.0281527777777777,-0.7333289379443829,-19.10189237706849,0.0,,,,,,,,,,,,,,,,,,,,,,,,,,,,,,,,,
Alteryx,0.0,-0.0285138888888888,-0.5258451067981221,-9.697487334015612,0.0,,,,,,,,,,,,,,,,,,,,,,,,,,,,,,,,,
"Globus Medical, Inc.",0.0,-0.0292013888888888,-0.6928212424641174,-16.437617944678088,0.0,,,,,,,,,,,,,,,,,,,,,,,,,,,,,,,,,
Arcellx Inc.,0.0,-0.0292499999999999,-0.2369870509078239,-1.920097856341454,0.0,,,,,,,,,,,0.4464285714285714,,,,,,,,,,,,,,,,,,,,,,
"Etsy, Inc.",0.0,-0.0292888888888888,-0.5892326246492056,-11.854156955838103,0.0,,,,,,,,,,,,,,,,,,,,,,,,,,,,,,,,,
Ferrari NV,0.0,-0.0295166666666666,-0.7650238507254459,-19.82817026015097,0.0,,,,,,,,,,,,,,,,,,,,,,,,,,,,,,,,,
"Affirm Holdings, Inc. ",0.0,-0.0296527777777777,-0.5993482858839165,-12.11415572881649,0.0,,,,,,,,,,,,,,,,,,,,,,,,,,,,,,,,,
FACTSET RESEARCH SYSTEMS INC,0.0,-0.0298194444444444,-0.6597340184296558,-14.596146346194962,0.0,,,,,,,,,,,,,,,,,,,,,,,,,,,,,,,,,
Aselsan Elektronik Sanayi ve Ticaret A.S.,0.0,-0.0298888888888888,-0.5399683116151389,-9.754988839912764,0.0,,,,,,,,,,,,,,,,,,,,,,,,,,,,,,,,,
Techtronic Industries Co. Ltd.,0.0,-0.030325,-0.661589680201085,-14.433665455847446,0.0,,,,,,,,,,,,,,,,,,,,,,,,,,,,,,,,,
Parsons Corporation,0.0,-0.0305291666666666,-0.71663017276169,-16.821907067420216,0.0,,,,,,,,,,,,,,,,,,,,,,,,,,,,,,,,,
Bumble Inc. ,0.0,-0.0312486111111111,-0.5735858118651171,-10.528489807215218,0.0,,,,,,,,,,,,,,,,,,,,,,,,,,,,,,,,,
FISERV INC,0.0,-0.0321388888888888,-0.6281475625259577,-12.277006889423395,0.0,,,,,,,,,,,,,,,,,,,,,,,,,,,,,,,,,
"Illumina, Inc.",0.0,-0.0329805555555555,-0.7489275942240097,-17.00676449932272,0.0,,,,,,,,,,,,,,,,,,,,,,,,,,,,,,,,,
Invesco Solar ETF,0.0,-0.0330694444444444,-0.7815957384889534,-18.473001548313583,0.0,,,,,,,,,,,,,,,,,,,,,,,,,,,,,,,,,
iShares MSCI India ETF,0.0,-0.0331666666666666,-0.994758378134592,-29.835504448310477,0.0,,,,,,,,,,,,,,,,,,,,,,,,,,,,,,,,,
SPDR S&P Biotech ETF,0.0,-0.0333597222222222,-0.9330000022286112,-26.094012364968723,0.0,,,,,,,,,,,,,,,,,,,,,,,,,,,,,,,,,
Vanguard Growth ETF,0.0,-0.0342055555555555,-0.2786898395718353,-2.2706260845385025,0.0,,,,,,,,,,,,,,,,,,,,,,,,,,,,,,,,,
PAYPAL HOLDINGS INC,0.0,-0.0342902777777777,-0.722646892668509,-15.229346780675003,0.0,,,,,,,,,,,,,,,,,,,,,,,,,,,,,,,,,
XPO Inc.,0.0,-0.0347027777777777,-0.571517429038215,-9.41227742015548,0.0,,,,,,,,,,,,,,,,,,,,,,,,,,,,,,,,,
Electronic Arts Inc.,0.0,-0.0350944444444444,-0.8901521856884062,-22.578243543367485,0.0,,,,,,,,,,,,,,,,,,,,,,,,,,,,,,,,,
iShares Global Clean Energy ETF,0.0,-0.0352277777777777,-0.2935546473242223,-2.446204001548137,0.0,,,,,,,,,,,,,,,,,,,,,,,,,,,,,,,,,
Fisher & Paykel Healthcare Corporation Limited,0.0,-0.0355847222222222,-0.841453587933329,-19.89741935385146,0.0,,,,,,,,,,,,,,,,,,,,,,,,,,,,,,,,,
CSPC Pharmaceutical Group Limited,0.0,-0.03585,-0.7278881763119512,-14.778833952991304,0.0,,,,,,,,,,,,,,,,,,,,,,,,,,,,,,,,,
"T-Mobile US, Inc.",0.0,-0.0361805555555555,-0.8338594773843067,-19.218102578772086,0.0,,,,,,,,,,,,,,,,,,,,,,,,,,,,,,,,,
Costco Wholesale Corporation,0.0,-0.0361944444444444,-0.905693528707632,-22.66316780195224,0.0,,,,,,,,,,,,,,,,,,,,,,,,,,,,,,,,,
BROADRIDGE FINANCIAL SOLUTIONS INC,0.0,-0.0362305555555555,-0.7541377611076853,-15.697351420859032,0.0,,,,,,,,,,,,,,,,,,,,,,,,,,,,,,,,,
Texas Instruments Incorporated,0.0,-0.0368791666666666,-0.7771677685187623,-16.377532222558337,0.0,,,,,,,,,,,,,,,,,,,,,,,,,,,,,,,,,
Schneider Electric SE,0.0,-0.0370680555555555,-1.0512571056177955,-29.813851456426665,0.0,,,,,,,,,,,,,,,,,,,,,,,,,,,,,,,,,
SoftBank Group Corp.,0.0,-0.0371347222222222,-0.8931144680131891,-21.47998975732606,0.0,,,,,,,,,,,,,,,,,,,,,,,,,,,,,,,,,
GEN DIGITAL INC,0.0,-0.0371944444444444,-0.6656961568550297,-11.914450662476494,0.0,,,,,,,,,,,,,,,,,,,,,,,,,,,,,,,,,
REA GROUP LTD,0.0,-0.0374055555555555,-0.9101576355181816,-22.14609325242366,0.0,,,,,,,,,,,,,,,,,,,,,,,,,,,,,,,,,
"Moderna, Inc.",0.0,-0.0374583333333333,-0.4560340086924526,-5.5519559622008785,0.0,,,,,,,,,,,,,,,,,,,,,,,,,,,,,,,,,
LVMH Moët Hennessy Louis Vuitton SE,0.0,-0.0375138888888888,-0.998281701152276,-26.565263809550064,0.0,,,,,,,,,,,,,,,,,,,,,,,,,,,,,,,,,
Infosys Limited,0.0,-0.0387361111111111,-0.951855673459382,-23.389782740398203,0.0,,,,,,,,,,,,,,,,,,,,,,,,,,,,,,,,,
"DocuSign, Inc.",0.0,-0.0389708333333333,-1.0189079405746693,-26.639753440379273,0.0,,,,,,,,,,,,,,,,,,,,,,,,,,,,,,,,,
Tata Consultancy Services Limited,0.0,-0.0392472222222222,-0.895709473825901,-20.442095416556732,0.0,,,,,,,,,,,,,,,,,,,,,,,,,,,,,,,,,
iShares MSCI World ETF,0.0,-0.0393625,-0.9539305364020366,-23.118030315154712,0.0,,,,,,,,,,,,,,,,,,,,,,,,,,,,,,,,,
CME GROUP INC,0.0,-0.0396888888888888,-1.0393478352543344,-27.217792004005712,0.0,,,,,,,,,,,,,,,,,,,,,,,,,,,,,,,,,
S&P 500 ETF,0.0,-0.0397888888888888,-0.9699312673668088,-23.64395412103339,0.0,,,,,,,,,,,,,,,,,,,,,,,,,,,,,,,,,
VanEck Rare Earth Strategic Metals ETF,0.0,-0.0398041666666666,-1.1408096120105202,-32.69623961115278,0.0,,,,,,,,,,,,,,,,,,,,,,,,,,,,,,,,,
ORACLE CORP,0.0,-0.0398763888888888,-1.078868826911049,-29.18915122740079,0.0,,,,,,,,,,,,,,,,,,,,,,,,,,,,,,,,,
Russell 2000 Growth ETF,0.0,-0.0414208333333333,-1.133636096746213,-31.02619373936599,0.0,,,,,,,,,,,,,,,,,,,,,,,,,,,,,,,,,
FOXCONN INDUSTRIAL INTERNE A,0.0,-0.0415555555555555,-1.052952133083993,-26.680143719505825,0.0,,,,,,,,,,,,,,,,,,,,,,,,,,,,,,,,,
Berkshire Hathaway Inc.,0.0,-0.0420138888888888,-0.9846722172805094,-23.07759174705992,0.0,,,,,,,,,,,,,,,,,,,,,,,,,,,,,,,,,
Capgemini SE,0.0,-0.0424638888888888,-1.121379793895555,-29.61322373105288,0.0,,,,,,,,,,,,,,,,,,,,,,,,,,,,,,,,,
BioNTech SE,0.0,-0.0425333333333333,-0.5501165335677766,-7.115083083964575,0.0,,,,,,,,,,,,,,,,,,,,,,,,,,,,,,,,,
SEI Investments Company,0.0,-0.0429305555555555,-1.069221231129705,-26.629845020735537,0.0,,,,,,,,,,,,,,,,,,,,,,,,,,,,,,,,,
CHECK POINT SOFTWARE TECH,0.0,-0.0430277777777777,-0.9964462379469928,-23.075909479841023,0.0,,,,,,,,,,,,,,,,,,,,,,,,,,,,,,,,,
"Huntington Ingalls Industries, Inc.",0.0,-0.0430694444444444,-0.3204559149950854,-2.384335223729215,0.0,,,,,,,,,,,,,,,,,,,,,,,,,,,,,,,,,
RELX PLC,0.0,-0.0433819444444444,-0.9618156130824406,-21.324292523444495,0.0,,,,,,,,,,,,,,,,,,,,,,,,,,,,,,,,,
H&E Equipment Services Inc.,0.0,-0.0435125,-0.8197930284357037,-15.445230898518412,0.0,,,,,,,,,,,,,,,,,,,,,,,,,,,,,,,,,
Honeywell International Inc.,0.0,-0.0435277777777777,-1.303069078813338,-39.00932027424369,0.0,,,,,,,,,,,,,,,,,,,,,,,,,,,,,,,,,
Boot Barn Holdings Inc.,0.0,-0.0435972222222222,-0.89839669065679,-18.513028414266067,0.0,,,,,,,,,,,,,,,,,,,,,,,,,,,,,,,,,
All-World Equity Market Index,0.0,-0.0436481481481481,-1.2409570382391115,-35.28155113312691,0.0,,,,,,,,,,,,,,,,,,,,,,,,,,,,,,,,,
AstraZeneca plc,0.0,-0.0437625,-1.2042125916774429,-33.13631456051422,0.0,,,,,,,,,,,,,,,,,,,,,,,,,,,,,,,,,
Sony Group Corporation,0.0,-0.0441361111111111,-1.104769481405019,-27.65344694668068,0.0,,,,,,,,,,,,,,,,,,,,,,,,,,,,,,,,,
"NextEra Energy, Inc.",0.0,-0.0445,-1.2370525413024973,-34.38874134703296,0.0,,,,,,,,,,,,,,,,,,,,,,,,,,,,,,,,,
"Automatic Data Processing, Inc.",0.0,-0.0447638888888888,-1.1190328692847318,-27.974213001195352,0.0,,,,,,,,,,,,,,,,,,,,,,,,,,,,,,,,,
"Samsung Electronics Co., Ltd.",0.0,-0.0449444444444444,-0.9000768163756577,-18.025326275383076,0.0,,,,,,,,,,,,,,,,,,,,,,,,,,,,,,,,,
MOTOROLA SOLUTIONS INC,0.0,-0.045,-1.188169030573991,-31.372125449225273,0.0,,,,,,,,,,,,,,,,,,,,,,,,,,,,,,,,,
Immunovant Inc.,0.0,-0.0452916666666666,-0.3513334999504374,-2.725340824745333,0.0,,,,,,,,,,,0.4642857142857143,,,,,,,,,,,,,,,,,,,,,,
Siemens Healthineers AG,0.0,-0.0453888888888888,-1.2232950079915508,-32.969537550045125,0.0,,,,,,,,,,,,,,,,,,,,,,,,,,,,,,,,,
AMN Healthcare Services Inc.,0.0,-0.0456277777777777,-1.0936056342096916,-26.211517225317507,0.0,,,,,,,,,,,,,,,,,,,,,,,,,,,,,,,,,
"Huawei Technologies Co., Ltd.",0.0,-0.0459972222222222,-1.0121561701706734,-22.27221695834552,0.0,,,,,,,,,,,,,,,,,,,,,,,,,,,,,,,,,
JPMorgan Chase & Co.,0.0,-0.0462680555555555,-1.301709034652026,-36.62238212842406,0.0,,,,,,,,,,,,,,,,,,,,,,,,,,,,,,,,,
"Rivian Automotive, Inc.",0.0,-0.04725,-0.5827503504254922,-7.187258643831405,0.0,,,,,,,,,,,,,,,,,,,,,,,,,,,,,,,,,
Amgen Inc.,0.0,-0.0477305555555555,-1.2068063193877074,-30.512561095564095,0.0,,,,,,,,,,,,,,,,,,,,,,,,,,,,,,,,,
SAP SE,0.0,-0.0480416666666666,-0.9199504195103804,-17.616141010039716,0.0,,,,,,,,,,,,,,,,,,,,,,,,,,,,,,,,,
LY CORP,0.0,-0.0481527777777777,-0.9722035704991132,-19.628769639275497,0.0,,,,,,,,,,,,,,,,,,,,,,,,,,,,,,,,,
DISCOVER FINANCIAL SERVICES,0.0,-0.0482638888888889,-1.080736654829767,-24.200116152710702,0.0,,,,,,,,,,,,,,,,,,,,,,,,,,,,,,,,,
Eagle Materials Inc.,0.0,-0.0484902777777777,-1.08675504338265,-24.356150932566383,0.0,,,,,,,,,,,,,,,,,,,,,,,,,,,,,,,,,
Matador Resources Co.,0.0,-0.0492944444444444,-0.9067093899614918,-16.67778036875705,0.0,,,,,,,,,,,,,,,,,,,,,,,,,,,,,,,,,
Starbucks Corporation,0.0,-0.0497083333333333,-1.2675503023975812,-32.32222167526973,0.0,,,,,,,,,,,,,,,,,,,,,,,,,,,,,,,,,
"Cisco Systems, Inc.",0.0,-0.0501708333333333,-1.30231809930057,-33.805147713960956,0.0,,,,,,,,,,,,,,,,,,,,,,,,,,,,,,,,,
Thales Group,0.0,-0.0508333333333333,-1.2104914439969787,-28.8253679211126,0.0,,,,,,,,,,,,,,,,,,,,,,,,,,,,,,,,,
WESTERN DIGITAL CORP,0.0,-0.0510375,-0.4205963734901559,-3.4661045190902917,0.0,,,,,,,,,,,,,,,,,,,,,,,,,,,,,,,,,
ZOOM VIDEO COMMUNICATIONS INC,0.0,-0.0512916666666666,-1.138517375042827,-25.271586936300423,0.0,,,,,,,,,,,,,,,,,,,,,,,,,,,,,,,,,
Ally Financial Inc.,0.0,-0.0519861111111111,-0.9558535601870424,-17.575002418808864,0.0,,,,,,,,,,,,,,,,,,,,,,,,,,,,,,,,,
ROBINHOOD MARKETS INC - A,0.0,-0.0526388888888888,-0.7471222715851368,-10.60416928398272,0.0,,,,,,,,,,,,,,,,,,,,,,,,,,,,,,,,,
Novartis AG,0.0,-0.0528888888888888,-1.3135148728968855,-32.62162162162162,0.0,,,,,,,,,,,,,,,,,,,,,,,,,,,,,,,,,
OpenText Corporation,0.0,-0.0531763888888888,-1.254489946980102,-29.594808146195323,0.0,,,,,,,,,,,,,,,,,,,,,,,,,,,,,,,,,
ABB Ltd,0.0,-0.0532527777777777,-1.3779609492046678,-35.65591236304264,0.0,,,,,,,,,,,,,,,,,,,,,,,,,,,,,,,,,
Essential Properties Realty Trust Inc.,0.0,-0.0534166666666666,-1.4239614045698468,-37.959427426605885,0.0,,,,,,,,,,,,,,,,,,,,,,,,,,,,,,,,,
NETAPP INC,0.0,-0.0534583333333333,-1.2306591108813736,-28.33088412524395,0.0,,,,,,,,,,,,,,,,,,,,,,,,,,,,,,,,,
SNAP INC,0.0,-0.0542361111111111,-1.2348914736535797,-28.11700397504898,0.0,,,,,,,,,,,,,,,,,,,,,,,,,,,,,,,,,
Saudi Telecom Company (STC),0.0,-0.0544027777777777,-1.2806468314018251,-30.14655452849797,0.0,,,,,,,,,,,,,,,,,,,,,,,,,,,,,,,,,
Vestas Wind Systems AS,0.0,-0.0545277777777777,-1.1861764979547251,-25.803631500155326,0.0,,,,,,,,,,,,,,,,,,,,,,,,,,,,,,,,,
"Rexford Industrial Realty, Inc.",0.0,-0.0549944444444444,-1.3492335517987306,-33.10209232386052,0.0,,,,,,,,,,,,,,,,,,,,,,,,,,,,,,,,,
"Mondelez International, Inc.",0.0,-0.0550958333333333,-1.529624246354417,-42.46691979191381,0.0,,,,,,,,,,,,,,,,,,,,,,,,,,,,,,,,,
FTSE Emerging Markets ETF,0.0,-0.0554333333333333,-1.3626228094501525,-33.49502563139795,0.0,,,,,,,,,,,,,,,,,,,,,,,,,,,,,,,,,
Siemens AG,0.0,-0.0555708333333333,-1.4836686964003056,-39.61201710750272,0.0,,,,,,,,,,,,,,,,,,,,,,,,,,,,,,,,,
McDonald's Corp.,0.0,-0.0555833333333333,-1.5248494840818303,-41.83207104835905,0.0,,,,,,,,,,,,,,,,,,,,,,,,,,,,,,,,,
Rocket Pharmaceuticals Inc.,0.0,-0.0557499999999999,-0.465590405601752,-3.888330507415318,0.0,,,,,,,,,,,,,,,,,,,,,,,,,,,,,,,,,
Kura Oncology Inc.,0.0,-0.0562097222222222,-0.5418768191916786,-5.223838075848128,0.0,,,,,,,,,,,,,,,,,,,,,,,,,,,,,,,,,
DIGITAL REALTY TRUST INC,0.0,-0.0562722222222222,-1.529459540192338,-41.57018139158498,0.0,,,,,,,,,,,,,,,,,,,,,,,,,,,,,,,,,
Vale S.A.,0.0,-0.0568458333333333,-1.4222762237172326,-35.58518783055958,0.0,,,,,,,,,,,,,,,,,,,,,,,,,,,,,,,,,
Carvajal Tecnología y Servicios,0.0,-0.0568472222222222,-1.1597449878324502,-23.66005557043227,0.0,,,,,,,,,,,,,,,,,,,,,,,,,,,,,,,,,
Ørsted AS,0.0,-0.0572638888888888,-1.3246288555780774,-30.64132805291445,0.0,,,,,,,,,,,,,,,,,,,,,,,,,,,,,,,,,
Lancashire Holdings Limited,0.0,-0.0574722222222222,-1.1710185742726162,-23.859952656593983,0.0,,,,,,,,,,,,,,,,,,,,,,,,,,,,,,,,,
Union Pacific Corporation,0.0,-0.0577083333333333,-1.4258087596618616,-35.22767859861654,0.0,,,,,,,,,,,,,,,,,,,,,,,,,,,,,,,,,
Rolls-Royce Holdings plc,0.0,-0.0582222222222222,-1.3714717617938996,-32.30613194767665,0.0,,,,,,,,,,,,,,,,,,,,,,,,,,,,,,,,,
Sage Group plc,0.0,-0.0583611111111111,-1.4323040531685642,-35.151745086164446,0.0,,,,,,,,,,,,,,,,,,,,,,,,,,,,,,,,,
Johnson & Johnson,0.0,-0.0584444444444444,-1.6388298958258762,-45.95412708569177,0.0,,,,,,,,,,,,,,,,,,,,,,,,,,,,,,,,,
Splunk Inc.,0.0,-0.0587208333333333,-1.0384639636846464,-18.364988074163797,0.0,,,,,,,,,,,,,,,,,,,,,,,,,,,,,,,,,
"Charter Communications, Inc.",0.0,-0.0590513888888888,-1.119098075149903,-21.208315763083867,0.0,,,,,,,,,,,,,,,,,,,,,,,,,,,,,,,,,
Amdocs Limited,0.0,-0.0596111111111111,-1.5002217646524008,-37.755802587569185,0.0,,,,,,,,,,,,,,,,,,,,,,,,,,,,,,,,,
Turkcell Iletisim Hizmetleri A.S.,0.0,-0.0597513888888888,-0.9864367587430865,-16.285102272836237,0.0,,,,,,,,,,,,,,,,,,,,,,,,,,,,,,,,,
Albany International Corp.,0.0,-0.0598625,-1.479886268097378,-36.58489649619018,0.0,,,,,,,,,,,,,,,,,,,,,,,,,,,,,,,,,
"Ginkgo Bioworks Holdings, Inc.",0.0,-0.0600555555555555,-0.693884291106316,-8.017166854758615,0.0,,,,,,,,,,,,,,,,,,,,,,,,,,,,,,,,,
WIPRO LTD,0.0,-0.0603138888888888,-1.5660565465280067,-40.66282496625808,0.0,,,,,,,,,,,,,,,,,,,,,,,,,,,,,,,,,
Lenovo Group Limited,0.0,-0.0609055555555555,-1.213184113463899,-24.165540889265127,0.0,,,,,,,,,,,,,,,,,,,,,,,,,,,,,,,,,
Unum Group,0.0,-0.0612638888888888,-1.231278893631118,-24.746188030130543,0.0,,,,,,,,,,,,,,,,,,,,,,,,,,,,,,,,,
PT Telekomunikasi Indonesia Tbk,0.0,-0.0612819444444444,-1.4605925102588158,-34.81172962711935,0.0,,,,,,,,,,,,,,,,,,,,,,,,,,,,,,,,,
FIDELITY NATIONAL INFORMATION SERVICES INC,0.0,-0.0614583333333333,-1.525500422787422,-37.865516581824046,0.0,,,,,,,,,,,,,,,,,,,,,,,,,,,,,,,,,
The Walt Disney Company,0.0,-0.0622222222222222,-1.773607951571291,-50.55565445159322,0.0,,,,,,,,,,,,,,,,,,,,,,,,,,,,,,,,,
Topgolf Callaway Brands Corp.,0.0,-0.0622819444444444,-1.022432154205638,-16.784439202697833,0.0,,,,,,,,,,,,,,,,,,,,,,,,,,,,,,,,,
NEXTDOOR HOLDINGS INC,0.0,-0.0628333333333333,-1.1381846468708436,-20.617468812294536,0.0,,,,,,,,,,,,,,,,,,,,,,,,,,,,,,,,,
TotalEnergies SE,0.0,-0.0630138888888889,-1.484119865828257,-34.954385691540224,0.0,,,,,,,,,,,,,,,,,,,,,,,,,,,,,,,,,
PepsiCo Inc.,0.0,-0.0630416666666666,-1.4856339048207343,-35.010306926417506,0.0,,,,,,,,,,,,,,,,,,,,,,,,,,,,,,,,,
LG Electronics Inc.,0.0,-0.0632222222222222,-1.5195010460063292,-36.52012453309131,0.0,,,,,,,,,,,,,,,,,,,,,,,,,,,,,,,,,
Etisalat Group,0.0,-0.0635,-1.3898847756589885,-30.4217273954116,0.0,,,,,,,,,,,,,,,,,,,,,,,,,,,,,,,,,
BHP Group Limited,0.0,-0.0635416666666666,-1.6258829143675315,-41.60254821611424,0.0,,,,,,,,,,,,,,,,,,,,,,,,,,,,,,,,,
Allianz SE,0.0,-0.0643361111111111,-1.4794815344194077,-34.022348769383086,0.0,,,,,,,,,,,,,,,,,,,,,,,,,,,,,,,,,
BrightSpring Health Services,0.0,-0.0647777777777777,-0.4799341632985778,-3.555799673945032,0.0,,,,,,,,,,,,,,,,,,,,,,,,,,,,,,,,,
"Hon Hai Precision Industry Co., Ltd. (Foxconn)",0.0,-0.0658833333333333,-1.5541995092314809,-36.66384185927715,0.0,,,,,,,,,,,,,,,,,,,,,,,,,,,,,,,,,
Plug Power Inc.,0.0,-0.0666388888888888,-0.6055703644019258,-5.503024920678501,0.0,,,,,,,,,,,,,,,,,,,,,,,,,,,,,,,,,
HEWLETT PACKARD ENTERPRISE CO,0.0,-0.0668972222222222,-1.864230250171676,-51.95065370742242,0.0,,,,,,,,,,,,,,,,,,,,,,,,,,,,,,,,,
Diageo PLC,0.0,-0.0669166666666666,-1.749185409342466,-45.72328163770716,0.0,,,,,,,,,,,,,,,,,,,,,,,,,,,,,,,,,
OMNICOM GROUP INC,0.0,-0.0671652777777777,-1.4256879679194137,-30.262454784973524,0.0,,,,,,,,,,,,,,,,,,,,,,,,,,,,,,,,,
Roche Holding AG,0.0,-0.0672916666666666,-1.841164884540669,-50.37604654462893,0.0,,,,,,,,,,,,,,,,,,,,,,,,,,,,,,,,,
EBAY INC,0.0,-0.0673125,-1.5980676472983235,-37.939761639243805,0.0,,,,,,,,,,,,,,,,,,,,,,,,,,,,,,,,,
Procter & Gamble Co.,0.0,-0.0675555555555555,-1.8529537273935204,-50.823910596634654,0.0,,,,,,,,,,,,,,,,,,,,,,,,,,,,,,,,,
NEC Corporation,0.0,-0.06775,-1.3257330606310889,-25.941965284874897,0.0,,,,,,,,,,,,,,,,,,,,,,,,,,,,,,,,,
"América Móvil, S.A.B. de C.V.",0.0,-0.0677916666666666,-1.6579701071591937,-40.54871360147709,0.0,,,,,,,,,,,,,,,,,,,,,,,,,,,,,,,,,
"Gilead Sciences, Inc.",0.0,-0.0680555555555555,-1.7283319180968075,-43.89254036246483,0.0,,,,,,,,,,,,,,,,,,,,,,,,,,,,,,,,,
Nestlé SA,0.0,-0.0686375,-1.933087802622102,-54.442956877018354,0.0,,,,,,,,,,,,,,,,,,,,,,,,,,,,,,,,,
Advanced Info Service PCL,0.0,-0.0686486111111111,-1.533870572175966,-34.27249137465244,0.0,,,,,,,,,,,,,,,,,,,,,,,,,,,,,,,,,
Xtrackers MSCI Europe ETF,0.0,-0.0687222222222222,-2.0373867261656513,-60.40178180695864,0.0,,,,,,,,,,,,,,,,,,,,,,,,,,,,,,,,,
Chevron Corporation,0.0,-0.0690166666666666,-1.634560190770901,-38.71220020168565,0.0,,,,,,,,,,,,,,,,,,,,,,,,,,,,,,,,,
Comcast Corporation,0.0,-0.0694305555555555,-1.6973389342858372,-41.49411501593635,0.0,,,,,,,,,,,,,,,,,,,,,,,,,,,,,,,,,
Ericsson (Telefonaktiebolaget LM Ericsson),0.0,-0.069825,-1.6973720533268517,-41.26132312803455,0.0,,,,,,,,,,,,,,,,,,,,,,,,,,,,,,,,,
Antero Resources Corporation,0.0,-0.0699583333333333,-1.2498261792545655,-22.32851190017961,0.0,,,,,,,,,,,,,,,,,,,,,,,,,,,,,,,,,
Toyota Motor Corporation,0.0,-0.0701097222222222,-1.700602558241309,-41.25032833435204,0.0,,,,,,,,,,,,,,,,,,,,,,,,,,,,,,,,,
Murphy USA Inc.,0.0,-0.0701527777777777,-1.4520434564511353,-30.054835549084203,0.0,,,,,,,,,,,,,,,,,,,,,,,,,,,,,,,,,
Coca-Cola Company,0.0,-0.0702902777777777,-2.1381019615245234,-65.03715936829437,0.0,,,,,,,,,,,,,,,,,,,,,,,,,,,,,,,,,
PLDT Inc.,0.0,-0.0703694444444444,-1.7745095699260525,-44.74789077303485,0.0,,,,,,,,,,,,,,,,,,,,,,,,,,,,,,,,,
iShares MSCI China ETF,0.0,-0.071074074074074,-2.195807622619485,-67.83867645646353,0.0,,,,,,,,,,,,,,,,,,,,,,,,,,,,,,,,,
Kaiser Aluminum Corp.,0.0,-0.0721347222222222,-1.5200961478525734,-32.033010283144726,0.0,,,,,,,,,,,,,,,,,,,,,,,,,,,,,,,,,
Bellway plc,0.0,-0.0723472222222222,-1.4726462581295812,-29.97609217008641,0.0,,,,,,,,,,,,,,,,,,,,,,,,,,,,,,,,,
Heineken NV,0.0,-0.0725666666666666,-1.9989756438820312,-55.065277328896386,0.0,,,,,,,,,,,,,,,,,,,,,,,,,,,,,,,,,
Tyman plc,0.0,-0.0729166666666666,-1.2801988356961234,-22.47646709372859,0.0,,,,,,,,,,,,,,,,,,,,,,,,,,,,,,,,,
Panasonic Holdings Corporation,0.0,-0.0730013888888889,-1.628798368255342,-36.34155684995549,0.0,,,,,,,,,,,,,,,,,,,,,,,,,,,,,,,,,
"Teladoc Health, Inc.",0.0,-0.0734888888888888,-1.1115836694018388,-16.81367445831223,0.0,,,,,,,,,,,,,,,,,,,,,,,,,,,,,,,,,
Shell plc,0.0,-0.0735833333333333,-1.6073405304505135,-35.11044503957787,0.0,,,,,,,,,,,,,,,,,,,,,,,,,,,,,,,,,
HSBC Holdings plc,0.0,-0.0739861111111111,-1.6870284755871303,-38.46755877150595,0.0,,,,,,,,,,,,,,,,,,,,,,,,,,,,,,,,,
Barnes Group Inc.,0.0,-0.074,-1.51289545016048,-30.930441123192995,0.0,,,,,,,,,,,,,,,,,,,,,,,,,,,,,,,,,
Dimension Data,0.0,-0.0744124999999999,-1.685403246402312,-38.17348030214619,0.0,,,,,,,,,,,,,,,,,,,,,,,,,,,,,,,,,
Marshalls plc,0.0,-0.0757916666666666,-1.574361615391325,-32.70299499968222,0.0,,,,,,,,,,,,,,,,,,,,,,,,,,,,,,,,,
Keurig Dr Pepper Inc.,0.0,-0.0758888888888889,-1.8774356604040057,-46.44638642841819,0.0,,,,,,,,,,,,,,,,,,,,,,,,,,,,,,,,,
SEAGATE TECHNOLOGY HOLDINGS,0.0,-0.0760277777777777,-1.5414617076812969,-31.253105979144554,0.0,,,,,,,,,,,,,,,,,,,,,,,,,,,,,,,,,
Aegon NV,0.0,-0.0762222222222222,-1.7542555170499916,-40.37421541093732,0.0,,,,,,,,,,,,,,,,,,,,,,,,,,,,,,,,,
Consolidated Water Co. Ltd.,0.0,-0.0762222222222222,-2.081221552233612,-56.82703840427867,0.0,,,,,,,,,,,,,,,,,,,,,,,,,,,,,,,,,
"Lyft, Inc.",0.0,-0.0782499999999999,-1.8500863463056116,-43.742102093117545,0.0,,,,,,,,,,,,,,,,,,,,,,,,,,,,,,,,,
Springer Nature AG,0.0,-0.0785694444444444,-2.0383074486098423,-52.87930040024788,0.0,,,,,,,,,,,,,,,,,,,,,,,,,,,,,,,,,
Exxon Mobil Corporation,0.0,-0.0793319444444444,-1.8338812013693244,-42.39301436877,0.0,,,,,,,,,,,,,,,,,,,,,,,,,,,,,,,,,
INTERNATIONAL BUSINESS MACHINES CORP,0.0,-0.0794791666666666,-1.9247630279502197,-46.61237490450241,0.0,,,,,,,,,,,,,,,,,,,,,,,,,,,,,,,,,
Unilever PLC,0.0,-0.0796027777777777,-2.076616656067783,-54.173194160342334,0.0,,,,,,,,,,,,,,,,,,,,,,,,,,,,,,,,,
Abercrombie & Fitch Co.,0.0,-0.0796666666666666,-2.016729725405302,-51.052704418410144,0.0,,,,,,,,,,,,,,,,,,,,,,,,,,,,,,,,,
Axiata Group Berhad,0.0,-0.0805375,-1.9443253228404849,-46.93963633138297,0.0,,,,,,,,,,,,,,,,,,,,,,,,,,,,,,,,,
INTEL CORP,0.0,-0.0811555555555555,-1.871436031263144,-43.15505938114667,0.0,,,,,,,,,,,,,,,,,,,,,,,,,,,,,,,,,
The Cheesecake Factory Inc.,0.0,-0.0838749999999999,-1.6448889985237451,-32.25823925441967,0.0,,,,,,,,,,,,,,,,,,,,,,,,,,,,,,,,,
Verizon Communications Inc.,0.0,-0.0839458333333333,-2.0725493361248004,-51.16943367057747,0.0,,,,,,,,,,,,,,,,,,,,,,,,,,,,,,,,,
Biogen Inc.,0.0,-0.0843902777777777,-1.5489696429502544,-28.43108256023824,0.0,,,,,,,,,,,,,,,,,,,,,,,,,,,,,,,,,
Kaspersky Lab,0.0,-0.0848861111111111,-1.1704002054207543,-16.137347122144696,0.0,,,,,,,,,,,,,,,,,,,,,,,,,,,,,,,,,
Fujitsu Limited,0.0,-0.0850791666666666,-1.9435271764871824,-44.39744809141572,0.0,,,,,,,,,,,,,,,,,,,,,,,,,,,,,,,,,
Maxis Berhad,0.0,-0.0853611111111111,-2.7958720024186374,-91.57449044604702,0.0,,,,,,,,,,,,,,,,,,,,,,,,,,,,,,,,,
Toshiba Corporation,0.0,-0.0854583333333333,-1.7511868883539334,-35.88480372044152,0.0,,,,,,,,,,,,,,,,,,,,,,,,,,,,,,,,,
QuantumScape Corporation,0.0,-0.0859444444444444,-0.5168157701301471,-3.107804605425926,0.0,,,,,,,,,,,,,,,,,,,,,,,,,,,,,,,,,
Sonda S.A.,0.0,-0.0874416666666666,-0.6039326787359284,-4.171177132699751,0.0,,,,,,,,,,,,,,,,,,,,,,,,,,,,,,,,,
Conduit Holdings Limited,0.0,-0.0875305555555555,-0.4540923368728911,-2.3557470770970763,0.0,,,,,,,,,,,,,,,,,,,,,,,,,,,,,,,,,
Redrow plc,0.0,-0.0883194444444444,-1.6374221198953356,-30.35742826042184,0.0,,,,,,,,,,,,,,,,,,,,,,,,,,,,,,,,,
Owens & Minor Inc.,0.0,-0.0908333333333333,-1.7109093865868583,-32.226175366359854,0.0,,,,,,,,,,,,,,,,,,,,,,,,,,,,,,,,,
Nokia Corporation,0.0,-0.0935833333333333,-1.928285071138765,-39.73232394204771,0.0,,,,,,,,,,,,,,,,,,,,,,,,,,,,,,,,,
Yandex N.V.,0.0,-0.0945833333333333,-0.9297417192333024,-9.13923874343151,0.0,,,,,,,,,,,,,,,,,,,,,,,,,,,,,,,,,
"Lucid Group, Inc. ",0.0,-0.0976805555555555,-0.8657491634318633,-7.673191555065252,0.0,,,,,,,,,,,,,,,,,,,,,,,,,,,,,,,,,
AT&T Inc.,0.0,-0.0978749999999999,-2.1495191973735817,-47.20748689530082,0.0,,,,,,,,,,,,,,,,,,,,,,,,,,,,,,,,,
Alcoa Corporation,0.0,-0.1003541666666666,-0.8086579803682405,-6.5161990870325095,0.0,,,,,,,,,,,,,,,,,,,,,,,,,,,,,,,,,
Stericycle Inc.,0.0,-0.1024972222222222,-2.0773212526709877,-42.101273510053986,0.0,,,,,,,,,,,,,,,,,,,,,,,,,,,,,,,,,
The Kraft Heinz Company,0.0,-0.1075527777777777,-2.2573148165789347,-47.376462853194674,0.0,,,,,,,,,,,,,,,,,,,,,,,,,,,,,,,,,
BlackBerry Limited,0.0,-0.1223611111111111,-2.311311477709907,-43.658975457836085,0.0,,,,,,,,,,,,,,,,,,,,,,,,,,,,,,,,,
Micro Focus International plc,0.0,-0.1672347222222222,-1.2039879967668663,-8.667979215658779,0.0,,,,,,,,,,,,,,,,,,,,,,,,,,,,,,,,,
