Asset,w,Alpha,t-value,iKelly-weight,hard-sell,Valuation Score100,Tenbagger Probability100,Return100,Growth Rate100,Defensive Score100,Risk Score100,Bankruptcy Score100,Future Moat Score100,AI Winner Score100,Good Business Score100,Tariff Winner Score100,Sentiment Score100,Good Governance Score100,Market Disruptor Score100,Oversold Score100,Management Score100,Better World Score100,Marketability Score100,Clean Earnings Score100,Scalability Score100,Odds of Outperformance Score100,Bright Future Score100,Short-Term Upside Score100,Mispricing Score100,1-Month +10% Higher Probability100,1-Month -10% Lower Probability100,1-Month -10% Lower Score100,1-Month +20% Higher Probability100,1-Month -20% Lower Probability100,1-Month -20% Lower Score100,Cat-Integrity,Cat-Market,Cat-Quality,Cat-Resilience,Cat-Upside
NVIDIA CORP,0.024435647454763402,0.0705555555555555,1.4644487363741128,30.396048682219877,0.0,0.2321428571428571,0.7067142857142857,0.1719642857142856,0.3461071428571429,0.2678571428571428,0.5446428571428572,0.9985357142857143,0.9821428571428572,1.0,0.9821428571428572,0.6071428571428571,0.7946428571428572,0.7589285714285714,1.0,0.4553571428571428,1.0,0.5,1.0,0.5,0.9732142857142856,0.9910714285714286,1.0,0.7321428571428572,0.6875,0.5425714285714286,0.192,0.808,0.3805714285714285,0.1356785714285714,0.8643214285714286,0.7317073170731707,0.35365853658536583,1.0,0.34210526315789475,1.0
ASML Holding NV,0.02422911818450423,0.0323333333333333,0.6573909109305301,13.365860096105326,0.0,0.2901785714285714,0.7235714285714286,0.1277857142857142,0.1437857142857142,0.4821428571428572,0.5357142857142857,0.9986071428571429,1.0,1.0,0.9910714285714286,0.5,0.75,0.7767857142857144,1.0,0.2946428571428572,0.7857142857142856,0.7321428571428572,1.0,0.7767857142857144,0.7142857142857143,0.9821428571428572,0.9866071428571428,0.625,0.5491071428571428,0.5955357142857143,0.1558571428571428,0.8441428571428572,0.2065,0.08525,0.91475,0.9878048780487805,0.6951219512195121,0.9512195121951219,0.5789473684210527,0.8536585365853658
Taiwan Semiconductor Manufacturing Company Limited (TSMC),0.024154470255248268,0.0175277777777777,0.4188357198883352,10.008305814829924,0.0,0.3035714285714286,0.6634285714285714,0.1307142857142857,0.1892857142857143,0.4732142857142857,0.6339285714285714,0.9990357142857142,0.9642857142857144,1.0,1.0,0.5892857142857143,0.7589285714285714,0.8035714285714286,0.9910714285714286,0.4732142857142857,0.9821428571428572,0.6875,1.0,0.9732142857142856,0.7142857142857143,0.9553571428571428,0.9642857142857144,0.6919642857142857,0.6830357142857143,0.51,0.1693928571428571,0.8306071428571429,0.1665357142857143,0.0784285714285714,0.9215714285714286,0.975609756097561,0.7804878048780488,0.926829268292683,0.5986842105263158,0.8658536585365854
MERCADOLIBRE INC,0.022806688256085908,0.0707194444444444,1.370789266330407,26.570672711701015,0.0,0.3303571428571428,0.6404285714285715,0.1680357142857143,0.246,0.25,0.625,0.9933214285714286,0.9642857142857144,0.9553571428571428,0.875,0.6964285714285714,0.7410714285714286,0.75,1.0,0.7321428571428572,0.7857142857142856,0.5267857142857143,0.9553571428571428,0.75,0.7678571428571428,0.7857142857142856,0.9776785714285714,0.5446428571428572,0.6919642857142857,0.3323571428571428,0.2792142857142857,0.7207857142857144,0.2046785714285714,0.1687142857142857,0.8312857142857143,0.8414634146341463,0.8780487804878049,0.8414634146341463,0.5131578947368421,0.926829268292683
BYD Company Limited,0.022366981960044014,0.0220138888888888,0.5667832994441113,14.592755971022225,0.0,0.6651785714285714,0.6261428571428571,0.14975,0.1822142857142857,0.4553571428571428,0.5,0.9619642857142858,0.7767857142857144,0.7410714285714286,0.7678571428571428,0.5892857142857143,0.5892857142857143,0.5267857142857143,1.0,0.75,0.75,0.5357142857142857,0.7410714285714286,0.7321428571428572,0.5357142857142857,0.75,0.9598214285714286,0.4910714285714286,0.7008928571428572,0.2379285714285714,0.2956785714285714,0.7043214285714285,0.1964285714285714,0.1785714285714285,0.8214285714285715,0.524390243902439,0.975609756097561,0.5487804878048781,0.8552631578947368,0.4634146341463415
ARISTA NETWORKS INC,0.022366948921338288,0.0302249999999999,0.7698678472447318,19.60947898167867,0.0,0.2366071428571428,0.6378571428571429,0.1431071428571428,0.1991071428571428,0.5178571428571428,0.7410714285714286,0.999,0.7946428571428572,0.9821428571428572,0.9642857142857144,0.3214285714285714,0.7589285714285714,0.7410714285714286,0.9553571428571428,0.4732142857142857,0.7857142857142856,0.75,0.9732142857142856,0.7678571428571428,0.7946428571428572,0.7589285714285714,0.9553571428571428,0.5625,0.53125,0.3845357142857143,0.2125357142857142,0.7874642857142858,0.2741428571428571,0.1451071428571428,0.8548928571428572,0.9634146341463414,0.25609756097560976,0.8658536585365854,0.7631578947368421,0.9390243902439024
FORTINET INC,0.022022010886046817,0.0191388888888888,0.4614104301869942,11.123926071222778,0.0,0.4642857142857143,0.6258928571428571,0.0973571428571428,0.1723214285714285,0.5357142857142857,0.6964285714285714,0.9915357142857143,0.7589285714285714,0.9732142857142856,0.9553571428571428,0.3392857142857143,0.4821428571428572,0.6875,0.9464285714285714,0.75,0.7321428571428572,0.7232142857142857,0.7678571428571428,0.4732142857142857,0.875,0.7589285714285714,0.7991071428571428,0.4866071428571428,0.5044642857142857,0.3026071428571428,0.2871071428571428,0.7128928571428572,0.1774285714285714,0.2243214285714285,0.7756785714285714,0.4146341463414634,0.8170731707317073,0.7804878048780488,0.9605263157894737,0.2804878048780488
MICROSOFT CORP,0.022006215764858363,0.0014305555555555,0.0332676375105339,0.7736404931876157,0.0,0.2678571428571428,0.1976428571428571,0.1209642857142856,0.1465714285714285,0.7767857142857144,0.7767857142857144,0.9991071428571429,0.9821428571428572,1.0,1.0,0.6071428571428571,0.7678571428571428,0.7589285714285714,1.0,0.5089285714285714,0.9821428571428572,0.5535714285714286,1.0,0.7857142857142856,0.9464285714285714,0.9464285714285714,0.9955357142857144,0.6294642857142857,0.6875,0.2769285714285714,0.1446071428571428,0.8553928571428572,0.1746428571428571,0.0495357142857142,0.9504642857142858,0.9390243902439024,0.5487804878048781,0.9878048780487805,0.9210526315789473,0.17073170731707318
MASTERCARD INC,0.021807744049407288,0.0031569444444444,0.0719150105620625,1.6382197517738375,0.0,0.2633928571428572,0.3797857142857143,0.1316785714285714,0.1545714285714285,0.7410714285714286,0.7678571428571428,0.9988571428571429,0.9464285714285714,0.875,0.9910714285714286,0.4464285714285714,0.75,0.7678571428571428,0.7678571428571428,0.5267857142857143,0.875,0.7321428571428572,1.0,0.875,1.0,0.8035714285714286,0.9642857142857144,0.5357142857142857,0.5535714285714286,0.4794285714285714,0.14975,0.85025,0.1378214285714285,0.0824642857142857,0.9175357142857143,1.0,0.45121951219512196,0.9024390243902439,0.9342105263157895,0.4146341463414634
Evolution AB,0.0217254394956356,0.0232638888888888,0.4109855277430506,7.260570441208856,0.0,0.6919642857142857,0.7317500000000001,0.1237142857142857,0.1682142857142857,0.5,0.4553571428571428,0.9216785714285715,0.9196428571428572,0.7589285714285714,0.9642857142857144,0.5357142857142857,0.5357142857142857,0.6785714285714286,0.9821428571428572,0.7678571428571428,0.75,0.375,0.7321428571428572,0.6875,0.8571428571428572,0.7678571428571428,0.5446428571428572,0.4821428571428572,0.6339285714285714,0.2172142857142857,0.3479285714285714,0.6520714285714286,0.1603571428571428,0.2796428571428571,0.7203571428571429,0.3902439024390244,1.0,0.573170731707317,0.7368421052631579,0.4268292682926829
"Intuitive Surgical, Inc.",0.02161988368928762,0.0066527777777777,0.1431467040610786,3.0800636317653476,0.0,0.25,0.3832142857142857,0.1101428571428571,0.1518928571428571,0.5178571428571428,0.7321428571428572,0.9988571428571429,0.7946428571428572,0.9910714285714286,0.9910714285714286,0.3035714285714286,0.6964285714285714,0.75,1.0,0.7053571428571428,0.9553571428571428,0.625,0.9732142857142856,0.7857142857142856,0.7232142857142857,0.7678571428571428,0.9866071428571428,0.7053571428571428,0.5357142857142857,0.5788571428571428,0.1741785714285714,0.8258214285714286,0.1916428571428571,0.1238928571428571,0.8761071428571429,0.926829268292683,0.36585365853658536,0.8536585365853658,0.7828947368421053,0.6707317073170732
AMAZON.COM INC,0.021588354934692536,0.0059722222222222,0.1652712412035496,4.5736046236401275,0.0,0.2678571428571428,0.6001785714285713,0.1310714285714286,0.1550357142857142,0.375,0.7142857142857143,0.999,0.9910714285714286,1.0,0.9642857142857144,0.4642857142857143,0.7410714285714286,0.5267857142857143,1.0,0.5357142857142857,0.75,0.2946428571428572,1.0,0.6964285714285714,0.8035714285714286,0.7946428571428572,0.8035714285714286,0.6383928571428572,0.6875,0.5299642857142858,0.1967857142857142,0.8032142857142858,0.1853214285714285,0.1216428571428571,0.878357142857143,0.34146341463414637,0.5365853658536586,0.975609756097561,0.5986842105263158,0.8292682926829268
BROADCOM INC,0.021451330929944085,0.0163152777777777,0.3116187031507874,5.9518579748389,0.0,0.2633928571428572,0.5881071428571428,0.1438214285714285,0.2692857142857143,0.5089285714285714,0.5178571428571428,0.9961071428571429,0.7857142857142856,1.0,0.9642857142857144,0.4642857142857143,0.7857142857142856,0.7410714285714286,0.875,0.4732142857142857,0.7678571428571428,0.5535714285714286,0.9910714285714286,0.7589285714285714,0.7410714285714286,0.7678571428571428,0.7678571428571428,0.7098214285714286,0.6741071428571428,0.6306071428571428,0.1724285714285714,0.8275714285714286,0.2843928571428571,0.0862142857142857,0.9137857142857143,0.8292682926829268,0.4146341463414634,0.7560975609756098,0.618421052631579,0.9878048780487805
KLA Corporation,0.021396073196304446,0.0132916666666666,0.3350415700783695,8.44535576280218,0.0,0.28125,0.5308928571428572,0.0945357142857142,0.1246071428571428,0.5535714285714286,0.5178571428571428,0.9938214285714286,0.9821428571428572,0.9642857142857144,0.875,0.4285714285714286,0.7678571428571428,0.75,0.7767857142857144,0.2857142857142857,0.7589285714285714,0.625,0.7946428571428572,0.7232142857142857,0.75,0.7946428571428572,0.9419642857142856,0.7008928571428572,0.4776785714285714,0.5718571428571428,0.1988928571428571,0.8011071428571429,0.2145714285714285,0.1068571428571428,0.8931428571428572,0.8170731707317073,0.5,0.8048780487804879,0.6973684210526315,0.7317073170731707
"Cadence Design Systems, Inc.",0.021307712885172258,0.0265416666666666,0.496208329740631,9.276836665770302,0.0,0.25,0.3370357142857142,0.1165,0.1691071428571428,0.6964285714285714,0.7142857142857143,0.9980714285714286,0.9553571428571428,0.9910714285714286,0.9821428571428572,0.6428571428571429,0.75,0.6875,0.8035714285714286,0.7053571428571428,0.7589285714285714,0.5,0.9553571428571428,0.75,0.8035714285714286,0.75,0.96875,0.5491071428571428,0.5357142857142857,0.5412142857142856,0.1933928571428571,0.8066071428571429,0.2120714285714285,0.1379999999999999,0.8620000000000001,0.6463414634146342,0.34146341463414637,0.9634146341463414,0.9078947368421053,0.5365853658536586
Constellation Software Inc.,0.02128497214419622,0.0473333333333333,0.8759257322546556,16.209420178011012,0.0,0.2946428571428572,0.5441071428571429,0.1520357142857143,0.1855357142857143,0.7321428571428572,0.5089285714285714,0.975,0.8035714285714286,0.625,0.7946428571428572,0.7142857142857143,0.7410714285714286,0.75,0.75,0.7589285714285714,0.8035714285714286,0.5267857142857143,0.75,0.7857142857142856,0.9464285714285714,0.7857142857142856,0.9508928571428572,0.5535714285714286,0.5625,0.3846071428571428,0.2630357142857142,0.7369642857142857,0.2036071428571428,0.1829642857142857,0.8170357142857143,0.9024390243902439,0.7560975609756098,0.6951219512195121,0.9473684210526315,0.8902439024390244
INTUIT INC,0.02112204704516644,2.7777777777777898e-05,0.0006186258276633,0.0137771249274761,0.0,0.3035714285714286,0.3940000000000001,0.1253928571428571,0.1478571428571428,0.7053571428571428,0.75,0.9949642857142857,0.8035714285714286,1.0,0.9732142857142856,0.5535714285714286,0.75,0.7410714285714286,0.7946428571428572,0.7410714285714286,0.75,0.375,0.9464285714285714,0.75,0.7946428571428572,0.7678571428571428,0.875,0.5267857142857143,0.6919642857142857,0.37075,0.1964285714285714,0.8035714285714286,0.1762142857142857,0.14875,0.8512500000000001,0.6585365853658537,0.8048780487804879,0.9146341463414634,0.9868421052631579,0.35365853658536583
ALPHABET INC,0.020967135676946545,0.0011180555555555,0.027235753138975,0.6634609929366164,0.0,0.2901785714285714,0.4813214285714286,0.1081785714285714,0.147,0.5178571428571428,0.7410714285714286,0.9990357142857142,0.7767857142857144,1.0,0.9732142857142856,0.5,0.75,0.6875,1.0,0.3125,0.7410714285714286,0.4821428571428572,1.0,0.7053571428571428,0.9821428571428572,0.75,0.7991071428571428,0.5401785714285714,0.53125,0.5236428571428572,0.1850714285714285,0.8149285714285714,0.1898571428571428,0.1193214285714285,0.8806785714285715,0.45121951219512196,0.5853658536585366,0.9390243902439024,0.7368421052631579,0.49390243902439024
"Paycom Software, Inc.",0.020951726339125305,0.0147361111111111,0.308163064230988,6.444337548773524,0.0,0.4732142857142857,0.4728571428571428,0.1161428571428571,0.1262857142857143,0.5267857142857143,0.5178571428571428,0.9956071428571429,0.7589285714285714,0.8035714285714286,0.9553571428571428,0.6071428571428571,0.4910714285714286,0.5982142857142857,0.9464285714285714,0.7321428571428572,0.7589285714285714,0.6964285714285714,0.75,0.4910714285714286,0.8035714285714286,0.7410714285714286,0.7455357142857143,0.4464285714285714,0.5446428571428572,0.2701428571428571,0.3653214285714286,0.6346785714285714,0.1912142857142857,0.2715714285714286,0.7284285714285714,0.5,0.8292682926829268,0.6219512195121951,0.6578947368421053,0.13414634146341464
"ServiceNow, Inc.",0.0209207636098761,0.0266111111111111,0.5842173225680682,12.825841001659375,0.0,0.2321428571428571,0.3260714285714286,0.1483214285714285,0.1976785714285714,0.6964285714285714,0.7053571428571428,0.9982142857142858,0.875,0.9553571428571428,0.9821428571428572,0.5892857142857143,0.75,0.75,0.9821428571428572,0.5267857142857143,0.7678571428571428,0.7410714285714286,0.9732142857142856,0.75,0.9464285714285714,0.7946428571428572,0.8035714285714286,0.71875,0.5982142857142857,0.3765714285714285,0.2245357142857142,0.7754642857142858,0.3465,0.1503928571428571,0.8496071428571429,0.9512195121951219,0.3048780487804878,0.8780487804878049,0.8947368421052632,0.8170731707317073
PDD Holdings,0.02077526362992362,0.0416180555555555,0.9459930997078932,21.50275722277198,0.0,0.6473214285714286,0.6260714285714286,0.1173928571428571,0.14425,0.2678571428571428,0.5178571428571428,0.99725,0.7142857142857143,0.5446428571428572,0.75,0.25,0.7232142857142857,0.4732142857142857,0.7946428571428572,0.5535714285714286,0.5089285714285714,0.2321428571428571,0.75,0.3839285714285714,0.7946428571428572,0.7232142857142857,0.7276785714285714,0.5491071428571428,0.5580357142857143,0.4436428571428571,0.232,0.768,0.2044642857142856,0.1550714285714285,0.8449285714285715,0.012195121951219513,0.926829268292683,0.2804878048780488,0.2565789473684211,0.6951219512195121
TRADE DESK INC,0.020543150223552693,0.032375,0.6374746354540933,12.552089910342216,0.0,0.28125,0.6514285714285714,0.1386428571428571,0.2091071428571428,0.2678571428571428,0.5267857142857143,0.9928571428571429,0.7767857142857144,0.9464285714285714,0.7857142857142856,0.5,0.5267857142857143,0.7142857142857143,0.9910714285714286,0.75,0.7767857142857144,0.4732142857142857,0.7767857142857144,0.4910714285714286,0.9732142857142856,0.7678571428571428,0.7723214285714286,0.4910714285714286,0.5223214285714286,0.3536428571428571,0.2936785714285714,0.7063214285714285,0.2026785714285714,0.2424285714285714,0.7575714285714286,0.47560975609756095,0.573170731707317,0.7195121951219512,0.4605263157894737,0.6219512195121951
Nu Holdings,0.020362558627174062,0.0388819444444444,0.7969143342024411,16.333351254197904,0.0,0.3169642857142857,0.6296428571428572,0.2035714285714285,0.3084642857142857,0.2767857142857143,0.5267857142857143,0.9649642857142858,0.75,0.9375,0.7678571428571428,0.5714285714285714,0.75,0.75,0.7857142857142856,0.5267857142857143,0.75,0.7321428571428572,0.75,0.7232142857142857,0.7857142857142856,0.7321428571428572,0.7946428571428572,0.5580357142857143,0.46875,0.3396785714285714,0.2195,0.7805,0.17175,0.1436785714285714,0.8563214285714286,0.8658536585365854,0.6585365853658537,0.5975609756097561,0.8289473684210527,0.9146341463414634
NETEASE INC,0.020259252036311275,0.0039791666666666,0.1066354816314,2.8576651583901116,0.0,0.6830357142857143,0.3873571428571429,0.0965357142857142,0.1035357142857142,0.3928571428571428,0.6964285714285714,0.9857857142857143,0.75,0.7410714285714286,0.7589285714285714,0.3571428571428571,0.75,0.6964285714285714,0.7589285714285714,0.4553571428571428,0.7678571428571428,0.6160714285714286,0.75,0.6607142857142857,0.8035714285714286,0.7053571428571428,0.7366071428571428,0.5401785714285714,0.5491071428571428,0.3437857142857143,0.2214642857142857,0.7785357142857143,0.2401071428571428,0.1536071428571429,0.8463928571428572,0.6097560975609756,0.9024390243902439,0.4268292682926829,0.881578947368421,0.3902439024390244
Meituan,0.01970433385812759,0.0134319444444444,0.3554112300170071,9.40423353779189,0.0,0.4955357142857143,0.5405357142857143,0.1247857142857142,0.1957857142857142,0.2678571428571428,0.4732142857142857,0.9707857142857143,0.7321428571428572,0.7857142857142856,0.75,0.6071428571428571,0.4553571428571428,0.5178571428571428,0.7767857142857144,0.7946428571428572,0.75,0.2767857142857143,0.7142857142857143,0.6964285714285714,0.75,0.7053571428571428,0.7321428571428572,0.4642857142857143,0.6785714285714286,0.2101785714285714,0.3553928571428571,0.6446071428571429,0.1775357142857142,0.2831071428571428,0.7168928571428572,0.32926829268292684,0.8536585365853658,0.3170731707317073,0.39473684210526316,0.34146341463414637
WiseTech Global Limited,0.01959521324514111,0.01925,0.4260000057480184,9.427324929730478,0.0,0.2589285714285714,0.3678571428571428,0.1474642857142857,0.212,0.5,0.5089285714285714,0.9785714285714286,0.8035714285714286,0.875,0.9642857142857144,0.6964285714285714,0.5982142857142857,0.5089285714285714,0.9821428571428572,0.7678571428571428,0.7232142857142857,0.5089285714285714,0.75,0.6875,0.7946428571428572,0.7410714285714286,0.7455357142857143,0.4776785714285714,0.5178571428571428,0.2031785714285714,0.5907857142857142,0.40921428571428575,0.1941785714285714,0.2051071428571428,0.7948928571428572,0.21341463414634146,0.2926829268292683,0.7073170731707317,0.8026315789473685,0.3048780487804878
ARM Holdings plc,0.01948936332083453,0.0132638888888888,0.2964685184533109,6.626531869362183,0.0,0.2276785714285714,0.2619642857142857,0.1077499999999999,0.2731428571428572,0.4642857142857143,0.4642857142857143,0.9985714285714286,0.7589285714285714,0.9821428571428572,0.7857142857142856,0.4821428571428571,0.7410714285714286,0.7321428571428572,0.7678571428571428,0.2946428571428572,0.7410714285714286,0.7410714285714286,0.7589285714285714,0.7142857142857143,0.9553571428571428,0.75,0.9642857142857144,0.5178571428571428,0.375,0.5533571428571429,0.1945714285714285,0.8054285714285715,0.3204642857142857,0.1875714285714285,0.8124285714285715,0.7621951219512195,0.17073170731707318,0.7926829268292683,0.13157894736842105,0.45121951219512196
Shopify Inc.,0.019483623300377055,0.0142513888888888,0.4544964243966878,14.49451708881682,0.0,0.21875,0.3726785714285714,0.1053571428571428,0.1880357142857143,0.25,0.5178571428571428,0.9933928571428572,0.7589285714285714,0.7589285714285714,0.875,0.375,0.7321428571428572,0.7232142857142857,1.0,0.4910714285714286,0.75,0.6160714285714286,0.9464285714285714,0.6964285714285714,0.9464285714285714,0.75,0.7901785714285714,0.5401785714285714,0.3794642857142857,0.4938214285714286,0.2101071428571428,0.7898928571428572,0.3029285714285714,0.1647142857142857,0.8352857142857143,0.6280487804878049,0.0975609756097561,0.6829268292682927,0.2565789473684211,0.5975609756097561
CROWDSTRIKE HOLDINGS INC,0.019423663507596046,0.0605513888888888,0.8821999681596298,12.85316155586424,0.0,0.21875,0.3366071428571428,0.1629642857142857,0.2477857142857142,0.2857142857142857,0.4553571428571428,0.9666071428571429,0.9553571428571428,1.0,0.7946428571428572,0.75,0.7410714285714286,0.7053571428571428,1.0,0.5089285714285714,0.75,0.4732142857142857,0.875,0.4642857142857143,0.7767857142857144,0.75,0.875,0.625,0.4732142857142857,0.5569285714285716,0.1951071428571428,0.8048928571428572,0.2482857142857143,0.1282857142857142,0.8717142857142858,0.3170731707317073,0.10975609756097561,0.8902439024390244,0.40789473684210525,0.8414634146341463
"Synopsys, Inc.",0.019362508294281162,0.0244583333333333,0.6429763097985489,16.902972468640254,0.0,0.2633928571428572,0.3595357142857143,0.1426071428571428,0.1582142857142857,0.4821428571428572,0.5089285714285714,0.9744285714285715,0.9642857142857144,1.0,0.7857142857142856,0.5178571428571429,0.5089285714285714,0.6875,0.7946428571428572,0.7321428571428572,0.7232142857142857,0.7232142857142857,0.9464285714285714,0.6964285714285714,0.7678571428571428,0.7767857142857144,0.7991071428571428,0.46875,0.5892857142857143,0.1867142857142857,0.2843571428571428,0.7156428571428572,0.2198928571428571,0.2072857142857142,0.7927142857142858,0.5121951219512195,0.43902439024390244,0.8292682926829268,0.8157894736842105,0.14634146341463414
META PLATFORMS INC,0.019129733441471647,0.0115402777777777,0.2887872330680491,7.22669484990153,0.0,0.3214285714285714,0.5086071428571429,0.114,0.1630357142857143,0.25,0.5357142857142857,0.9988571428571429,0.6964285714285714,0.8035714285714286,0.75,0.3214285714285714,0.7678571428571428,0.3035714285714286,0.7589285714285714,0.5089285714285714,0.7232142857142857,0.25,1.0,0.7232142857142857,0.7946428571428572,0.7142857142857143,0.7321428571428572,0.4866071428571428,0.6830357142857143,0.4631428571428572,0.1895,0.8105,0.2014285714285714,0.1222142857142857,0.8777857142857143,0.17073170731707318,0.7682926829268293,0.35365853658536583,0.19736842105263158,0.23170731707317074
APPLIED MATERIALS INC,0.0189894481762642,0.0069166666666666,0.1924021707590243,5.352086069318278,0.0,0.2723214285714286,0.3809642857142857,0.0788928571428571,0.1136428571428571,0.375,0.5535714285714286,0.9955714285714286,0.7589285714285714,1.0,0.75,0.5178571428571429,0.75,0.7142857142857143,0.7589285714285714,0.2946428571428572,0.75,0.7410714285714286,0.9732142857142856,0.5089285714285714,0.5267857142857143,0.75,0.8035714285714286,0.5178571428571428,0.5267857142857143,0.3769999999999999,0.21875,0.78125,0.2056428571428571,0.1489285714285714,0.8510714285714286,0.6951219512195121,0.4268292682926829,0.5853658536585366,0.631578947368421,0.2073170731707317
ADVANCED MICRO DEVICES INC,0.018953846321815043,0.0332125,0.9602181545372472,27.761201484468693,0.0,0.2232142857142857,0.3736071428571428,0.1837857142857143,0.2925,0.2410714285714286,0.6071428571428572,0.9937142857142858,0.75,0.9910714285714286,0.75,0.2857142857142857,0.7946428571428572,0.75,0.7767857142857144,0.2589285714285714,0.75,0.7232142857142857,0.9642857142857144,0.7410714285714286,0.5357142857142857,0.7410714285714286,0.7723214285714286,0.6294642857142857,0.4866071428571428,0.4513928571428571,0.21025,0.78975,0.3209285714285714,0.1546428571428571,0.8453571428571429,0.8780487804878049,0.15853658536585366,0.5121951219512195,0.3684210526315789,0.9512195121951219
Monday.com Ltd.,0.018764820886493817,0.0302222222222222,0.6905193059628427,15.777030173406816,0.0,0.2321428571428571,0.3442857142857143,0.1746071428571428,0.2656428571428572,0.2321428571428571,0.5357142857142857,0.9861785714285715,0.7142857142857143,0.9464285714285714,0.7589285714285714,0.5357142857142857,0.7142857142857143,0.7410714285714286,0.7678571428571428,0.7410714285714286,0.7321428571428572,0.7410714285714286,0.7321428571428572,0.4821428571428572,0.7410714285714286,0.7410714285714286,0.7633928571428572,0.5357142857142857,0.65625,0.3753571428571428,0.3385357142857143,0.6614642857142857,0.2592857142857143,0.1976785714285714,0.8023214285714286,0.573170731707317,0.2682926829268293,0.45121951219512196,0.3157894736842105,0.7560975609756098
SUPER MICRO COMPUTER INC,0.018731335150995777,0.0426597222222222,0.5674912963341261,7.54919053943645,0.0,0.2633928571428572,0.5968928571428571,0.1581785714285714,0.2141071428571428,0.2232142857142857,0.4553571428571428,0.9648214285714286,0.7321428571428572,0.9910714285714286,0.7321428571428572,0.5714285714285714,0.7053571428571428,0.4642857142857143,0.9732142857142856,0.4910714285714286,0.7232142857142857,0.4732142857142857,0.7321428571428572,0.25,0.5089285714285714,0.7142857142857143,0.7276785714285714,0.5401785714285714,0.3169642857142857,0.3622142857142857,0.3350357142857142,0.6649642857142858,0.1959642857142857,0.2742857142857143,0.7257142857142858,0.07317073170731707,0.24390243902439024,0.32926829268292684,0.11842105263157894,0.9024390243902439
MARVELL TECHNOLOGY INC,0.018687150327932094,0.0244458333333333,0.6119908705451699,15.320926904951826,0.0,0.2857142857142857,0.3535714285714286,0.1451785714285714,0.25575,0.2678571428571428,0.5535714285714286,0.9694642857142858,0.7321428571428572,0.9732142857142856,0.75,0.4285714285714286,0.7410714285714286,0.7321428571428572,0.7767857142857144,0.5267857142857143,0.7232142857142857,0.7321428571428572,0.7678571428571428,0.2946428571428572,0.7321428571428572,0.75,0.7589285714285714,0.5401785714285714,0.7098214285714286,0.3921071428571429,0.2460714285714286,0.7539285714285714,0.22875,0.1800714285714285,0.8199285714285716,0.4634146341463415,0.6829268292682927,0.47560975609756095,0.8421052631578947,0.7439024390243902
"MongoDB, Inc.",0.018523026653071366,0.0434027777777777,0.9394414201331625,20.333956190096167,0.0,0.2276785714285714,0.35125,0.1517857142857143,0.2465714285714285,0.2678571428571428,0.5,0.9828214285714286,0.7678571428571428,0.9642857142857144,0.7589285714285714,0.5178571428571429,0.7410714285714286,0.7053571428571428,0.7767857142857144,0.3035714285714286,0.7053571428571428,0.7142857142857143,0.7767857142857144,0.5089285714285714,0.7410714285714286,0.7410714285714286,0.7544642857142856,0.5535714285714286,0.5491071428571428,0.3732857142857143,0.18375,0.81625,0.2015357142857143,0.1534642857142857,0.8465357142857143,0.4024390243902439,0.2073170731707317,0.5609756097560976,0.42105263157894735,0.6829268292682927
GITLAB INC,0.018274495540283372,0.0263611111111111,0.5853677807263284,12.99852033050454,0.0,0.2633928571428572,0.3598214285714286,0.0918571428571428,0.1884285714285714,0.2678571428571428,0.5,0.9441071428571429,0.7410714285714286,0.7678571428571428,0.75,0.6071428571428571,0.6785714285714286,0.7410714285714286,0.75,0.7232142857142857,0.7053571428571428,0.7589285714285714,0.75,0.2589285714285714,0.7589285714285714,0.7410714285714286,0.7544642857142856,0.5178571428571428,0.6830357142857143,0.3467142857142857,0.2851071428571428,0.7148928571428572,0.3125357142857143,0.1988571428571428,0.8011428571428572,0.4878048780487805,0.3902439024390244,0.3902439024390244,0.6842105263157895,0.4024390243902439
CLOUDFLARE INC,0.018267221962488887,0.0387708333333333,0.8878185730837229,20.330277967864617,0.0,0.2276785714285714,0.2226785714285714,0.15225,0.2648214285714286,0.2678571428571428,0.3125,0.9167500000000001,0.7857142857142856,0.9732142857142856,0.875,0.4464285714285714,0.7232142857142857,0.7410714285714286,1.0,0.5982142857142857,0.7232142857142857,0.75,0.7767857142857144,0.625,0.7946428571428572,0.75,0.7857142857142856,0.53125,0.3839285714285714,0.5054285714285714,0.2528214285714286,0.7471785714285715,0.2627857142857143,0.1724285714285715,0.8275714285714285,0.7073170731707317,0.1951219512195122,0.7682926829268293,0.4342105263157895,0.5609756097560976
ZSCALER INC,0.018266734766135967,0.0479027777777777,0.9088214543153168,17.242349486608916,0.0,0.2232142857142857,0.3259642857142857,0.1602499999999999,0.2433928571428571,0.2857142857142857,0.4910714285714286,0.9078214285714286,0.8035714285714286,0.9553571428571428,0.75,0.7321428571428571,0.7410714285714286,0.75,0.9732142857142856,0.4553571428571428,0.75,0.6875,0.75,0.7053571428571428,0.7410714285714286,0.7678571428571428,0.7678571428571428,0.5357142857142857,0.5044642857142857,0.5329285714285714,0.1818571428571428,0.8181428571428572,0.2514285714285714,0.1326071428571428,0.8673928571428572,0.7621951219512195,0.18292682926829268,0.6097560975609756,0.7828947368421053,0.5853658536585366
OKTA INC,0.018260521373855497,0.0032819444444444,0.0787007279603083,1.8872362668926683,0.0,0.2633928571428572,0.3583928571428572,0.1232142857142857,0.1752142857142857,0.2767857142857143,0.5,0.9780714285714286,0.75,0.75,0.7410714285714286,0.5535714285714286,0.7142857142857143,0.5,0.8035714285714286,0.75,0.7053571428571428,0.7053571428571428,0.75,0.5178571428571428,0.75,0.7321428571428572,0.7410714285714286,0.5089285714285714,0.6964285714285714,0.2634285714285714,0.2906428571428571,0.7093571428571429,0.2139642857142857,0.1824642857142857,0.8175357142857143,0.2682926829268293,0.4024390243902439,0.34146341463414637,0.5657894736842105,0.2682926829268293
"Airbnb, Inc.",0.01811571764151155,0.0014499999999999,0.0444767534286524,1.3642631693470002,0.0,0.28125,0.3216071428571428,0.0835,0.1405357142857143,0.25,0.5267857142857143,0.9816071428571429,0.7321428571428572,0.7946428571428572,0.7410714285714286,0.4285714285714286,0.5267857142857143,0.7232142857142857,0.9464285714285714,0.6785714285714286,0.75,0.2589285714285714,0.7678571428571428,0.7321428571428572,0.9642857142857144,0.7142857142857143,0.7544642857142856,0.5,0.5223214285714286,0.3610357142857143,0.2801785714285714,0.7198214285714286,0.1650357142857142,0.1864642857142857,0.8135357142857143,0.5365853658536586,0.4878048780487805,0.4878048780487805,0.5263157894736842,0.036585365853658534
ON SEMICONDUCTOR CORP,0.017915079161687344,0.0051708333333333,0.1060694914682504,2.175807320612395,0.0,0.2991071428571428,0.2578571428571428,0.1129642857142857,0.15625,0.375,0.4821428571428572,0.9642857142857143,0.7410714285714286,0.9732142857142856,0.75,0.5178571428571429,0.7142857142857143,0.75,0.7678571428571428,0.6964285714285714,0.7410714285714286,0.7321428571428572,0.7678571428571428,0.5089285714285714,0.5089285714285714,0.7232142857142857,0.75,0.5,0.5357142857142857,0.2861785714285714,0.2892499999999999,0.7107500000000001,0.1798214285714285,0.2700357142857143,0.7299642857142856,0.7195121951219512,0.6097560975609756,0.4146341463414634,0.6710526315789473,0.07317073170731707
APPLOVIN CORP,0.017755973590077842,0.0184166666666666,0.4190463748664105,9.534834260018838,0.0,0.21875,0.3191071428571428,0.1378928571428571,0.2476071428571428,0.2321428571428571,0.4821428571428572,0.9583928571428572,0.7053571428571428,0.9910714285714286,0.7678571428571428,0.3392857142857143,0.7053571428571428,0.4821428571428572,0.75,0.6875,0.7232142857142857,0.2589285714285714,0.9553571428571428,0.4196428571428572,0.9553571428571428,0.7410714285714286,0.6830357142857143,0.7008928571428572,0.5,0.5717142857142857,0.2628214285714286,0.7371785714285715,0.2927857142857142,0.1888928571428571,0.8111071428571429,0.08536585365853659,0.14634146341463414,0.5,0.3157894736842105,0.8780487804878049
Li Auto Inc.,0.017698329288648434,0.0250986111111111,0.6655718161325214,17.649814982544346,0.0,0.4776785714285714,0.3308928571428571,0.1292857142857142,0.1885357142857142,0.2410714285714286,0.4732142857142857,0.9071428571428573,0.5089285714285714,0.3928571428571428,0.7410714285714286,0.4464285714285714,0.4910714285714286,0.5357142857142857,0.75,0.75,0.7410714285714286,0.7142857142857143,0.7321428571428572,0.4821428571428572,0.4910714285714286,0.6964285714285714,0.7276785714285714,0.4553571428571428,0.5446428571428572,0.2473214285714285,0.3633928571428571,0.6366071428571429,0.1885714285714285,0.2755714285714286,0.7244285714285714,0.35365853658536583,0.7926829268292683,0.06097560975609756,0.4473684210526316,0.10975609756097561
"Bill.com Holdings, Inc.",0.01743522832224538,0.0001805555555555,0.0043599289589871,0.1052805075364533,0.0,0.3035714285714286,0.3405357142857143,0.1182142857142857,0.1653928571428571,0.2410714285714286,0.4642857142857143,0.93125,0.7232142857142857,0.7589285714285714,0.6964285714285714,0.4821428571428571,0.5267857142857143,0.7321428571428572,0.75,0.7589285714285714,0.7053571428571428,0.7142857142857143,0.7321428571428572,0.4642857142857143,0.7321428571428572,0.7410714285714286,0.7098214285714286,0.4910714285714286,0.5446428571428572,0.2875357142857143,0.3028214285714286,0.6971785714285714,0.1898214285714285,0.2679285714285714,0.7320714285714286,0.36585365853658536,0.7195121951219512,0.18292682926829268,0.2894736842105263,0.12195121951219512
Sea Limited,0.017379731473997195,0.0138333333333333,0.3611579605535348,9.429041383459415,0.0,0.2723214285714286,0.3821428571428572,0.1269642857142857,0.25,0.2589285714285714,0.4910714285714286,0.9656428571428572,0.5446428571428572,0.6428571428571428,0.6071428571428572,0.7321428571428571,0.6875,0.5357142857142857,0.7589285714285714,0.7589285714285714,0.5,0.4910714285714286,0.7321428571428572,0.4553571428571428,0.7232142857142857,0.6964285714285714,0.7366071428571428,0.5133928571428572,0.4955357142857143,0.4565000000000001,0.3302857142857142,0.6697142857142858,0.3484285714285714,0.1962857142857142,0.8037142857142858,0.0975609756097561,0.3780487804878049,0.12195121951219512,0.48026315789473684,0.6585365853658537
ACM Research Inc.,0.016669562782559637,0.0575138888888888,0.7350334361356246,9.393803178239244,0.0,0.3035714285714286,0.3614285714285714,0.1376785714285714,0.1571785714285714,0.25,0.4732142857142857,0.8871428571428572,0.7410714285714286,0.7946428571428572,0.7142857142857143,0.7321428571428571,0.7232142857142857,0.5,0.75,0.5089285714285714,0.7410714285714286,0.7053571428571428,0.7321428571428572,0.3035714285714286,0.5089285714285714,0.7232142857142857,0.5491071428571428,0.5401785714285714,0.5535714285714286,0.5363928571428571,0.2862857142857142,0.7137142857142857,0.3059285714285714,0.2544642857142857,0.7455357142857143,0.25609756097560976,0.6463414634146342,0.1951219512195122,0.5526315789473685,0.7804878048780488
Global X Robotics & Artificial Intelligence ETF,0.016391262132446613,0.0031388888888888,0.1195113996601155,4.550328206671812,0.0,0.2276785714285714,0.2642857142857143,0.1315714285714285,0.1537499999999999,0.0267857142857143,0.4642857142857143,0.9800714285714286,0.5446428571428572,0.7589285714285714,0.5446428571428572,0.4285714285714286,0.7232142857142857,0.7142857142857143,0.7767857142857144,0.5178571428571428,0.625,0.4910714285714286,0.7410714285714286,0.5267857142857143,0.7142857142857143,0.7053571428571428,0.78125,0.5446428571428572,0.4776785714285714,0.2784285714285714,0.1844285714285714,0.8155714285714286,0.1304999999999999,0.14075,0.8592500000000001,0.24390243902439024,0.13414634146341464,0.21951219512195122,0.05263157894736842,0.21951219512195122
BLOCK INC,0.016260585284055606,0.0080277777777777,0.2197322415002628,6.014398914776035,0.0,0.2901785714285714,0.26625,0.0821428571428571,0.1339285714285714,0.2410714285714286,0.4732142857142857,0.9641071428571429,0.625,0.7767857142857144,0.6160714285714286,0.3571428571428571,0.6964285714285714,0.3214285714285714,0.7678571428571428,0.5446428571428572,0.6071428571428572,0.3660714285714286,0.75,0.4375,0.7142857142857143,0.6964285714285714,0.6875,0.5223214285714286,0.53125,0.2821428571428571,0.2453571428571428,0.7546428571428572,0.1935714285714286,0.1817857142857143,0.8182142857142857,0.06097560975609756,0.5121951219512195,0.15853658536585366,0.27631578947368424,0.06097560975609756
KUAISHOU TECHNOLOGY,0.0,0.0027986111111111,0.0789499729640585,2.2272112785798557,1.0,0.59375,0.3964285714285714,0.1423571428571428,0.1646428571428571,0.2410714285714286,0.5,0.9578571428571429,0.625,0.9464285714285714,0.7410714285714286,0.5892857142857143,0.7142857142857143,0.6964285714285714,0.7589285714285714,0.7053571428571428,0.6875,0.5535714285714286,0.7857142857142856,0.5178571428571428,0.7410714285714286,0.5267857142857143,0.5133928571428572,0.5357142857142857,0.6785714285714286,0.5338571428571428,0.2485714285714285,0.7514285714285716,0.2329642857142857,0.1660714285714285,0.8339285714285715,0.2926829268292683,0.9146341463414634,0.2073170731707317,0.48026315789473684,0.7073170731707317
NICE Ltd.,0.0,0.0019875,0.0522631909353027,1.3743100008754243,0.0,0.5669642857142857,0.6335714285714286,0.1657499999999999,0.147,0.75,0.7232142857142857,0.9883214285714286,0.7946428571428572,0.8035714285714286,0.9642857142857144,,0.6785714285714286,0.7410714285714286,0.7857142857142856,0.7589285714285714,0.7321428571428572,0.7232142857142857,0.75,0.7857142857142856,0.75,0.7767857142857144,0.7633928571428572,0.5044642857142857,0.75,0.3620714285714285,0.3166428571428571,0.6833571428571429,0.2015714285714286,0.2723571428571428,0.7276428571428573,0.8048780487804879,0.9878048780487805,0.6707317073170732,,0.6097560975609756
FPT Corporation,0.0,0.0288194444444444,0.6170321337347447,13.21082558670368,0.0,0.5178571428571428,0.6407142857142857,0.1790357142857143,0.2002857142857143,0.75,0.7142857142857143,0.9867142857142858,0.7589285714285714,0.875,0.75,0.6785714285714286,0.6785714285714286,0.7321428571428572,0.7767857142857144,0.7410714285714286,0.7589285714285714,0.7410714285714286,0.7410714285714286,0.7232142857142857,0.7410714285714286,0.75,0.7901785714285714,0.5535714285714286,0.6651785714285714,0.551,0.1768571428571428,0.8231428571428572,0.2862142857142857,0.1400357142857143,0.8599642857142857,0.8536585365853658,0.9634146341463414,0.524390243902439,1.0,0.9634146341463414
Alibaba Group Holding Ltd.,0.0,-0.0232361111111111,-0.5192553999550498,-11.603756286633873,1.0,0.5089285714285714,0.2258928571428571,0.0844642857142857,0.08025,0.2857142857142857,0.4642857142857143,0.9815,0.5357142857142857,0.7946428571428572,0.7053571428571428,,0.7410714285714286,0.4910714285714286,0.7589285714285714,0.3125,0.5,0.5,0.8035714285714286,0.5267857142857143,0.7321428571428572,0.5089285714285714,0.6964285714285714,0.5178571428571428,0.7276785714285714,0.4999285714285715,0.2181785714285714,0.7818214285714287,0.26075,0.1403928571428571,0.8596071428571429,0.13414634146341464,0.8658536585365854,0.17073170731707318,,0.08536585365853659
MediaTek Inc.,0.0,0.0057888888888888,0.1652586614436184,4.717731797298051,0.0,0.5044642857142857,0.3953571428571428,0.1317857142857142,0.1372142857142857,0.4553571428571428,0.5535714285714286,0.9974285714285716,0.7142857142857143,0.9553571428571428,0.7321428571428572,0.6428571428571429,0.5535714285714286,0.7589285714285714,0.75,0.625,0.7589285714285714,0.6964285714285714,0.7589285714285714,0.5535714285714286,0.7321428571428572,0.7410714285714286,0.7901785714285714,0.5401785714285714,0.7098214285714286,0.4173214285714286,0.2543214285714286,0.7456785714285714,0.2788571428571428,0.1769642857142856,0.8230357142857144,0.7926829268292683,0.9390243902439024,0.3780487804878049,0.6447368421052632,0.6463414634146342
"Baidu, Inc.",0.0,-0.0225638888888888,-0.4915959528408302,-10.71032489299694,0.0,0.5,0.2203571428571428,0.0506785714285714,0.07625,0.25,0.4732142857142857,0.9738571428571429,0.5267857142857143,0.7678571428571428,0.6964285714285714,,0.5357142857142857,0.5267857142857143,0.75,0.7589285714285714,0.625,0.4732142857142857,0.7589285714285714,0.5,0.6964285714285714,0.6160714285714286,0.5401785714285714,0.5133928571428572,0.6964285714285714,0.3401785714285714,0.23775,0.76225,0.2362142857142857,0.1860357142857142,0.8139642857142858,0.12195121951219512,0.8902439024390244,0.07317073170731707,,0.024390243902439025
Progyny Inc.,0.0,0.0121055555555555,0.1958548558484618,3.1687207070655896,0.0,0.4821428571428572,0.3797857142857143,0.1252142857142857,0.1627499999999999,0.4732142857142857,0.6964285714285714,0.9813571428571429,0.7589285714285714,0.5892857142857143,0.7589285714285714,0.5178571428571429,0.7053571428571428,0.5892857142857143,0.75,0.75,0.7410714285714286,0.7232142857142857,0.625,0.4821428571428572,0.7678571428571428,0.7767857142857144,0.7589285714285714,0.5133928571428572,0.6383928571428572,0.3426428571428571,0.2950714285714285,0.7049285714285716,0.2533214285714285,0.2026785714285714,0.7973214285714286,0.43902439024390244,0.9512195121951219,0.43902439024390244,0.9736842105263158,0.43902439024390244
TENCENT HOLDINGS LTD,0.0,-0.0134444444444444,-0.3582243857517301,-9.544813181197018,0.0,0.4776785714285714,0.34525,0.0989285714285714,0.1158214285714285,0.2767857142857143,0.4732142857142857,0.9950357142857142,0.75,0.9910714285714286,0.7767857142857144,,0.7053571428571428,0.5535714285714286,0.9910714285714286,0.7053571428571428,0.7410714285714286,0.4821428571428572,0.7232142857142857,0.7142857142857143,0.7857142857142856,0.7232142857142857,0.7366071428571428,0.53125,0.6785714285714286,0.2973571428571428,0.1773928571428571,0.8226071428571429,0.1968571428571428,0.12425,0.87575,0.3780487804878049,0.8414634146341463,0.6341463414634146,,0.0975609756097561
"Marathon Digital Holdings, Inc.",0.0,0.0053277777777777,0.0709501837111006,0.9448458210166916,1.0,0.46875,0.2458928571428571,0.1382142857142857,0.1535714285714285,0.0,0.2946428571428572,0.7633928571428572,0.375,0.1696428571428571,0.2678571428571428,0.2857142857142857,0.7053571428571428,0.4732142857142857,0.7053571428571428,0.7142857142857143,0.5535714285714286,0.4553571428571428,0.7410714285714286,0.2767857142857143,0.2946428571428572,0.5089285714285714,0.4732142857142857,0.5223214285714286,0.5133928571428572,0.5901071428571428,0.2989285714285714,0.7010714285714286,0.3841785714285714,0.2566071428571428,0.7433928571428572,0.04878048780487805,0.7317073170731707,0.012195121951219513,0.15789473684210525,0.524390243902439
VanEck Solana ETN,0.0,0.0399597222222222,0.6423381895448914,10.325355803358324,1.0,0.4375,0.3921428571428571,0.1677142857142857,0.1978571428571428,0.0,0.3035714285714286,0.9645,0.5446428571428572,0.6785714285714286,0.5089285714285714,0.4107142857142857,0.5892857142857143,0.4910714285714286,0.75,0.7053571428571428,0.5267857142857143,0.4910714285714286,0.2946428571428572,0.4910714285714286,0.7410714285714286,0.6875,0.6919642857142857,0.4955357142857143,0.5223214285714286,0.5949285714285715,0.2278571428571428,0.7721428571428572,0.375,0.2496785714285714,0.7503214285714286,0.10975609756097561,0.7073170731707317,0.0975609756097561,0.039473684210526314,0.7195121951219512
3IQ ETHER STAKING ETF,0.0,0.0061597222222222,0.1025666948869384,1.7078573546836155,1.0,0.4241071428571428,0.32375,0.0915714285714285,0.0963928571428571,0.0267857142857143,0.375,0.9423928571428573,0.4732142857142857,0.0446428571428571,0.5,,0.5089285714285714,0.5446428571428572,0.7678571428571428,0.6785714285714286,0.5446428571428572,0.4910714285714286,0.375,0.7410714285714286,0.75,0.5446428571428572,0.7098214285714286,0.4955357142857143,0.5178571428571428,0.3904642857142857,0.2541071428571428,0.7458928571428571,0.18375,0.1865,0.8135,0.2804878048780488,0.6707317073170732,0.08536585365853659,,0.04878048780487805
"Micron Tech, Inc.",0.0,0.0006111111111111,0.0145405671582413,0.3459732435545323,0.0,0.3392857142857143,0.6478571428571428,0.1310357142857142,0.1874285714285714,0.2589285714285714,0.7142857142857143,0.9850714285714286,0.625,0.9732142857142856,0.5357142857142857,,0.8035714285714286,0.7410714285714286,0.75,0.2410714285714286,0.7410714285714286,0.6964285714285714,0.9642857142857144,0.6875,0.5089285714285714,0.7321428571428572,0.7767857142857144,0.625,0.5357142857142857,0.6692857142857143,0.2317142857142857,0.7682857142857142,0.4101428571428572,0.1236071428571428,0.8763928571428572,0.6707317073170732,0.7439024390243902,0.2926829268292683,,0.975609756097561
iShares Ethereum Trust ETF,0.0,0.0352916666666666,0.5355359251130529,8.126528276364393,1.0,0.3080357142857143,0.4228571428571428,0.1260892857142857,0.1533928571428571,0.0267857142857143,0.2767857142857143,0.9453214285714286,0.7321428571428572,0.0357142857142857,0.5178571428571428,0.3214285714285714,0.3303571428571428,0.7053571428571428,0.7946428571428572,0.7410714285714286,0.7589285714285714,0.5267857142857143,0.7678571428571428,0.7321428571428572,0.7410714285714286,0.6160714285714286,0.6339285714285714,0.5,0.4866071428571428,0.3876071428571429,0.2448214285714285,0.7551785714285715,0.1943214285714285,0.1931785714285714,0.8068214285714286,0.6829268292682927,0.5975609756097561,0.13414634146341464,0.07894736842105263,0.3780487804878049
"Confluent, Inc.",0.0,0.0328263888888888,0.71611664257956,15.622280218370353,1.0,0.2857142857142857,0.3544642857142857,0.1191071428571428,0.1906785714285714,0.2142857142857143,0.4642857142857143,0.7764285714285715,0.7321428571428572,0.7857142857142856,0.7142857142857143,0.5357142857142857,0.6964285714285714,0.6696428571428572,0.7767857142857144,0.6160714285714286,0.7232142857142857,0.5535714285714286,0.7410714285714286,0.4464285714285714,0.7053571428571428,0.7410714285714286,0.7366071428571428,0.5267857142857143,0.5446428571428572,0.5136071428571429,0.2316071428571428,0.7683928571428572,0.27675,0.2399285714285714,0.7600714285714286,0.18292682926829268,0.5609756097560976,0.24390243902439024,0.3815789473684211,0.573170731707317
Atlassian Corporation Plc,0.0,0.0163263888888888,0.3680876927353299,8.298745697245206,1.0,0.28125,0.2235714285714286,0.1393214285714285,0.1748214285714285,0.4464285714285714,0.4732142857142857,0.8676071428571429,0.8035714285714286,0.75,0.8035714285714286,0.5178571428571429,0.5357142857142857,0.7410714285714286,0.875,0.7410714285714286,0.75,0.7410714285714286,0.7589285714285714,0.2857142857142857,0.7767857142857144,0.75,0.7767857142857144,0.5223214285714286,0.71875,0.2726428571428571,0.3508214285714285,0.6491785714285715,0.2604285714285714,0.2551071428571428,0.7448928571428572,0.6280487804878049,0.6341463414634146,0.6463414634146342,0.868421052631579,0.32926829268292684
"DexCom, Inc.",0.0,0.0110555555555555,0.2110624904239259,4.029410791714056,0.0,0.28125,0.6368571428571428,0.13925,0.1902857142857142,0.5,0.5178571428571428,0.9851785714285715,0.7678571428571428,0.7410714285714286,0.7857142857142856,0.3214285714285714,0.7410714285714286,0.6785714285714286,1.0,0.75,0.7321428571428572,0.75,0.9464285714285714,0.6875,0.5446428571428572,0.7410714285714286,0.8482142857142856,0.4866071428571428,0.6964285714285714,0.2933571428571428,0.3343214285714285,0.6656785714285716,0.26675,0.1798214285714285,0.8201785714285715,0.5975609756097561,0.6219512195121951,0.5365853658536586,0.7368421052631579,0.5487804878048781
Lam Research Corporation,0.0,0.0190833333333333,0.4005612461351394,8.407824204646412,0.0,0.2767857142857143,0.4362857142857143,0.0755357142857142,0.1597142857142857,0.2946428571428572,0.5178571428571428,0.9947857142857143,0.7946428571428572,0.9732142857142856,0.75,0.5178571428571429,0.75,0.7767857142857144,0.8035714285714286,0.3035714285714286,0.7678571428571428,0.5535714285714286,0.9464285714285714,0.7589285714285714,0.625,0.75,0.875,0.53125,0.6875,0.6026071428571429,0.1578571428571428,0.8421428571428572,0.3695357142857142,0.1218571428571428,0.8781428571428572,0.9146341463414634,0.524390243902439,0.6585365853658537,0.5,0.5121951219512195
ADYEN NV,0.0,0.0064833333333333,0.1226244927590885,2.319295561607776,0.0,0.2767857142857143,0.4510714285714286,0.1186785714285714,0.1889285714285714,0.4464285714285714,0.5357142857142857,0.9983571428571429,0.7589285714285714,0.7946428571428572,0.9553571428571428,0.5357142857142857,0.5267857142857143,0.7410714285714286,0.9732142857142856,0.7053571428571428,0.7589285714285714,0.5267857142857143,0.7321428571428572,0.7589285714285714,0.9910714285714286,0.7410714285714286,0.8035714285714286,0.5357142857142857,0.5357142857142857,0.5959285714285714,0.2425357142857142,0.7574642857142858,0.30975,0.1478571428571428,0.8521428571428572,0.7804878048780488,0.47560975609756095,0.7439024390243902,0.5394736842105263,0.7987804878048781
VanEck Crypto Leaders ETN,0.0,0.0075277777777777,0.1303680594231138,2.2577487566012837,1.0,0.2723214285714286,0.2191071428571428,0.098,0.1442857142857143,0.0,0.25,0.9230357142857143,0.2857142857142857,0.2410714285714286,0.2767857142857143,0.4285714285714286,0.2946428571428572,0.5,0.5446428571428572,0.6964285714285714,0.7232142857142857,0.25,0.2857142857142857,0.5267857142857143,0.75,0.5,0.5178571428571428,0.4776785714285714,0.46875,0.3281428571428572,0.2707857142857143,0.7292142857142857,0.1943214285714285,0.2523214285714286,0.7476785714285714,0.15853658536585366,0.3170731707317073,0.04878048780487805,0.06578947368421052,0.012195121951219513
RUBRIK INC-A,0.0,0.019375,0.4325459276381186,9.65656668471332,1.0,0.2678571428571428,0.3557142857142857,0.1486071428571428,0.2653571428571428,0.2410714285714286,0.375,0.86,0.7410714285714286,0.8035714285714286,0.7410714285714286,0.5535714285714286,0.7232142857142857,0.7321428571428572,0.7767857142857144,0.5446428571428572,0.7321428571428572,0.7232142857142857,0.75,0.5178571428571428,0.7410714285714286,0.7142857142857143,0.5491071428571428,0.5401785714285714,0.7098214285714286,0.3683571428571429,0.2432857142857143,0.7567142857142857,0.3307857142857143,0.1759642857142857,0.8240357142857143,0.5609756097560976,0.4634146341463415,0.2682926829268293,0.35526315789473684,0.7682926829268293
CRISPR Therapeutics AG,0.0,0.0176111111111111,0.3383993744449627,6.502379997619424,1.0,0.2633928571428572,0.2482142857142857,0.0966071428571428,0.3416071428571428,0.0357142857142857,0.2946428571428572,0.8451071428571428,0.625,0.7232142857142857,0.4017857142857143,0.6964285714285714,0.7232142857142857,0.6964285714285714,0.9553571428571428,0.5267857142857143,0.7321428571428572,0.6964285714285714,0.75,0.5,0.2589285714285714,0.7142857142857143,0.7455357142857143,0.5357142857142857,0.5401785714285714,0.4350714285714286,0.2586071428571428,0.7413928571428572,0.2777857142857143,0.2522857142857143,0.7477142857142858,0.4268292682926829,0.32926829268292684,0.10975609756097561,0.18421052631578946,0.49390243902439024
Enovix Corporation,0.0,0.0061944444444444,0.0675112836922003,0.7357840507967502,1.0,0.2633928571428572,0.2075,0.1830357142857143,0.3941785714285714,0.1964285714285714,0.2946428571428572,0.5314285714285714,0.5178571428571428,0.5,0.4642857142857143,0.6785714285714286,0.3035714285714286,0.6964285714285714,0.75,0.7142857142857143,0.5267857142857143,0.7321428571428572,0.6964285714285714,0.2321428571428571,0.2767857142857143,0.5267857142857143,0.6964285714285714,0.4910714285714286,0.5580357142857143,0.3960000000000001,0.3523571428571428,0.6476428571428572,0.3344285714285714,0.2779642857142857,0.7220357142857143,0.1951219512195122,0.2804878048780488,0.036585365853658534,0.23026315789473684,0.47560975609756095
iShares Bitcoin Trust ETF,0.0,0.0145972222222222,0.2485331507412328,4.2315398147005086,1.0,0.2410714285714286,0.4405357142857143,0.11875,0.1453214285714285,0.0178571428571428,0.2767857142857143,0.9696428571428573,0.5446428571428572,0.0178571428571428,0.4910714285714286,0.5,0.3660714285714286,0.7142857142857143,0.7857142857142856,0.7142857142857143,0.7767857142857144,0.2321428571428571,0.9464285714285714,0.75,0.8660714285714286,0.5446428571428572,0.6071428571428572,0.4866071428571428,0.4776785714285714,0.5628571428571428,0.2190714285714285,0.7809285714285715,0.2282142857142857,0.1519285714285714,0.8480714285714286,0.5853658536585366,0.21951219512195122,0.14634146341463414,0.02631578947368421,0.3170731707317073
ROBLOX CORP -CLASS A,0.0,0.0043874999999999,0.084103742462578,1.6121799421565024,1.0,0.2410714285714286,0.2260714285714286,0.1330357142857142,0.1785714285714285,0.0357142857142857,0.2410714285714286,0.8783928571428572,0.7589285714285714,0.6785714285714286,0.7410714285714286,0.5357142857142857,0.7410714285714286,0.4821428571428572,0.7767857142857144,0.4910714285714286,0.625,0.25,0.7767857142857144,0.3125,0.7410714285714286,0.7053571428571428,0.53125,0.5089285714285714,0.5357142857142857,0.3451785714285714,0.3418571428571428,0.6581428571428571,0.1961785714285714,0.2493214285714285,0.7506785714285715,0.036585365853658534,0.23170731707317074,0.23170731707317074,0.09868421052631579,0.24390243902439024
Next Generation Internet Innovation Index,0.0,0.0,,,1.0,0.2232142857142857,0.3175714285714285,0.1121428571428571,0.1675,0.0446428571428571,0.2946428571428572,0.8210357142857143,0.5089285714285714,0.8035714285714286,0.7410714285714286,0.3214285714285714,0.7321428571428572,0.6607142857142857,0.7857142857142856,0.4821428571428572,0.6964285714285714,0.6964285714285714,0.5178571428571428,0.5178571428571428,0.9464285714285714,0.7142857142857143,0.6964285714285714,0.5357142857142857,0.4642857142857143,0.2979285714285714,0.1916428571428571,0.8083571428571429,0.19475,0.1470357142857143,0.8529642857142857,0.3048780487804878,0.06097560975609756,0.3048780487804878,0.21052631578947367,0.1951219512195122
MICROSTRATEGY INC,0.0,0.0418888888888888,0.3145737992166624,2.3623609453115253,1.0,0.2142857142857143,0.1697857142857143,0.1123571428571428,0.2117857142857143,0.0,0.2410714285714286,0.7564285714285715,0.3839285714285714,0.3125,0.25,0.3214285714285714,0.5892857142857143,0.375,0.6875,0.7053571428571428,0.6875,0.25,0.75,0.2410714285714286,0.3125,0.5,0.2410714285714286,0.4955357142857143,0.5580357142857143,0.4834642857142857,0.3664285714285714,0.6335714285714287,0.2198571428571428,0.2948928571428571,0.7051071428571429,0.024390243902439025,0.07926829268292683,0.024390243902439025,0.09868421052631579,0.25609756097560976
PALO ALTO NETWORKS INC,0.0,0.0211111111111111,0.5189999710719941,12.759203840813562,1.0,0.2142857142857143,0.3094642857142857,0.11375,0.1722142857142857,0.5357142857142857,0.5357142857142857,0.9965,0.7946428571428572,0.9732142857142856,0.9464285714285714,0.6785714285714286,0.75,0.75,0.9821428571428572,0.5178571428571428,0.7410714285714286,0.7410714285714286,0.9553571428571428,0.7410714285714286,0.7589285714285714,0.7589285714285714,0.9375,0.5446428571428572,0.4821428571428572,0.3849642857142856,0.1928214285714286,0.8071785714285714,0.1602142857142857,0.1260357142857142,0.8739642857142857,0.8902439024390244,0.12195121951219512,0.8170731707317073,0.7105263157894737,0.2926829268292683
iShares Semiconductor ETF ,0.0,0.012425,0.3215712680500054,8.322581926381366,1.0,0.2098214285714286,0.3379285714285714,0.0722142857142857,0.1278214285714285,0.0446428571428571,0.4821428571428572,0.9981071428571429,0.7321428571428572,0.9642857142857144,0.75,0.4821428571428571,0.75,0.75,0.6607142857142857,0.2857142857142857,0.75,0.375,0.875,0.5446428571428572,0.375,0.6964285714285714,0.7633928571428572,0.5491071428571428,0.4732142857142857,0.2882142857142857,0.1854285714285714,0.8145714285714286,0.12675,0.1444285714285714,0.8555714285714286,0.5487804878048781,0.036585365853658534,0.36585365853658536,0.013157894736842105,0.18292682926829268
DATADOG INC,0.0,0.0355972222222222,0.8142175288070742,18.623649342021977,1.0,0.2008928571428571,0.3641785714285714,0.1682499999999999,0.2521428571428571,0.25,0.5089285714285714,0.9849642857142858,0.7589285714285714,0.9553571428571428,0.9553571428571428,0.5357142857142857,0.75,0.75,0.9821428571428572,0.5178571428571428,0.7321428571428572,0.7321428571428572,0.7678571428571428,0.6875,0.8660714285714286,0.75,0.78125,0.53125,0.4866071428571428,0.3833928571428571,0.1934642857142857,0.8065357142857144,0.2575714285714286,0.1602857142857142,0.8397142857142859,0.7439024390243902,0.07926829268292683,0.7317073170731707,0.3157894736842105,0.6341463414634146
SNOWFLAKE INC,0.0,0.0211041666666666,0.3975718767711002,7.48967726117093,1.0,0.1294642857142857,0.1823214285714285,0.1455357142857143,0.2104285714285714,0.0446428571428571,0.375,0.9356071428571429,0.7321428571428572,0.9464285714285714,0.75,0.7142857142857143,0.75,0.6160714285714286,0.9642857142857144,0.4821428571428572,0.7232142857142857,0.6875,0.7589285714285714,0.4642857142857143,0.7589285714285714,0.7232142857142857,0.7366071428571428,0.5089285714285714,0.4910714285714286,0.5550357142857143,0.2258928571428571,0.7741071428571429,0.2749285714285714,0.1596071428571428,0.8403928571428572,0.21341463414634146,0.04878048780487805,0.4634146341463415,0.17105263157894737,0.36585365853658536
PALANTIR TECHNOLOGIES INC,0.0,0.0175416666666666,0.390542284001573,8.694913573007051,1.0,0.1294642857142857,0.3510357142857143,0.11825,0.3093571428571429,0.25,0.5089285714285714,0.9891428571428572,0.7232142857142857,0.9464285714285714,0.7410714285714286,0.5714285714285714,0.75,0.5178571428571428,0.7678571428571428,0.3660714285714286,0.7321428571428572,0.2589285714285714,0.7767857142857144,0.7232142857142857,0.75,0.7142857142857143,0.7633928571428572,0.5401785714285714,0.2633928571428572,0.5993214285714286,0.2145357142857143,0.7854642857142857,0.3230714285714285,0.1664642857142857,0.8335357142857143,0.23170731707317074,0.024390243902439025,0.4024390243902439,0.23026315789473684,0.7987804878048781
TESLA INC,0.0,0.0093055555555555,0.1976654764707846,4.198743466218518,1.0,0.0357142857142857,0.1467857142857143,0.0833214285714285,0.1901785714285714,0.2232142857142857,0.4910714285714286,0.98375,0.7410714285714286,0.7767857142857144,0.7410714285714286,0.4464285714285714,0.6964285714285714,0.375,0.9821428571428572,0.3303571428571428,0.5982142857142857,0.5267857142857143,0.9910714285714286,0.5178571428571428,0.5089285714285714,0.6964285714285714,0.7366071428571428,0.5133928571428572,0.2366071428571428,0.4447857142857143,0.2645714285714285,0.7354285714285715,0.2714642857142857,0.1848928571428571,0.8151071428571429,0.14634146341463414,0.012195121951219513,0.25609756097560976,0.14473684210526316,0.15853658536585366
COINBASE GLOBAL INC,0.0,-0.0004930555555555,-0.0092612419269524,-0.1739572773556922,0.0,,,,,,,,,,,,,,,,,,,,,,,,,,,,,,,,,,,
UIPATH INC - CLASS A,0.0,-0.0014847222222222,-0.0350071706317037,-0.8254082664722165,0.0,,,,,,,,,,,0.4821428571428571,,,,,,,,,,,,,,,,,,,,,,,,
GENIUS SPORTS LTD,0.0,-0.0027069444444444,-0.0457407292233208,-0.7729062612182844,0.0,,,,,,,,,,,0.5714285714285714,,,,,,,,,,,,,,,,,,,,,,,,
Hims & Hers Health Inc,0.0,-0.0029166666666666,-0.0456290036297004,-0.7138306190534459,0.0,,,,,,,,,,,0.5892857142857143,,,,,,,,,,,,,,,,,,,,,,,,
NXP SEMICONDUCTORS NV,0.0,-0.0031625,-0.0808303625171272,-2.06594387498821,0.0,,,,,,,,,,,,,,,,,,,,,,,,,,,,,,,,,,,
"First Solar, Inc.",0.0,-0.0032333333333333,-0.0686216059092213,-1.4563684940908703,0.0,,,,,,,,,,,,,,,,,,,,,,,,,,,,,,,,,,,
Vertex Pharmaceuticals Inc.,0.0,-0.0033305555555555,-0.0852762224066636,-2.183429757182882,0.0,,,,,,,,,,,0.7321428571428571,,,,,,,,,,,,,,,,,,,,,,,,
DRAFTKINGS INC,0.0,-0.0035097222222222,-0.0818619432149749,-1.9093755353347388,0.0,,,,,,,,,,,0.5178571428571429,,,,,,,,,,,,,,,,,,,,,,,,
"Uber Technologies, Inc.",0.0,-0.0037361111111111,-0.0893245220963506,-2.135608393447521,0.0,,,,,,,,,,,,,,,,,,,,,,,,,,,,,,,,,,,
HDFC Bank Limited,0.0,-0.0037986111111111,-0.0833467041518141,-1.8287402657910137,0.0,,,,,,,,,,,,,,,,,,,,,,,,,,,,,,,,,,,
PURE STORAGE INC,0.0,-0.0046875,-0.1120877714282381,-2.680249280799776,0.0,,,,,,,,,,,0.6607142857142857,,,,,,,,,,,,,,,,,,,,,,,,
Toast Inc.,0.0,-0.0055555555555555,-0.1243838659482005,-2.784842299479588,0.0,,,,,,,,,,,0.5535714285714286,,,,,,,,,,,,,,,,,,,,,,,,
Lululemon Athletica Inc.,0.0,-0.0068430555555555,-0.1511837747814448,-3.340106414686415,0.0,,,,,,,,,,,0.3571428571428571,,,,,,,,,,,,,,,,,,,,,,,,
Eli Lilly Inc.,0.0,-0.0068611111111111,-0.1590890410980003,-3.6888082101592095,0.0,,,,,,,,,,,,,,,,,,,,,,,,,,,,,,,,,,,
"Pinterest, Inc.",0.0,-0.0071791666666666,-0.1525426112566525,-3.241218560510488,0.0,,,,,,,,,,,,,,,,,,,,,,,,,,,,,,,,,,,
Grab Holdings Inc.,0.0,-0.0071944444444444,-0.1838033201919668,-4.695798372545424,0.0,,,,,,,,,,,,,,,,,,,,,,,,,,,,,,,,,,,
ICICI Bank Limited,0.0,-0.0071958333333333,-0.1552002888062386,-3.347371809455455,0.0,,,,,,,,,,,,,,,,,,,,,,,,,,,,,,,,,,,
First Trust Cloud Computing ETF,0.0,-0.0077416666666666,-0.2372042487492837,-7.267925376712002,0.0,,,,,,,,,,,,,,,,,,,,,,,,,,,,,,,,,,,
ADOBE INC,0.0,-0.0082083333333333,-0.193098016297556,-4.542559662706744,0.0,,,,,,,,,,,0.5892857142857143,,,,,,,,,,,,,,,,,,,,,,,,
"Marqeta, Inc. ",0.0,-0.0084041666666666,-0.1917741782146824,-4.376083541487371,0.0,,,,,,,,,,,,,,,,,,,,,,,,,,,,,,,,,,,
FAIR ISAAC CORP,0.0,-0.0088611111111111,-0.1907449693220021,-4.105991095860362,0.0,,,,,,,,,,,,,,,,,,,,,,,,,,,,,,,,,,,
WORKDAY INC,0.0,-0.009,-0.2473634216743288,-6.798740264714645,0.0,,,,,,,,,,,0.6428571428571429,,,,,,,,,,,,,,,,,,,,,,,,
StoneCo Ltd.,0.0,-0.0090277777777777,-0.1214559023000321,-1.6340163179278109,0.0,,,,,,,,,,,0.5178571428571429,,,,,,,,,,,,,,,,,,,,,,,,
Axsome Therapeutics Inc.,0.0,-0.0093041666666666,-0.0711811653962311,-0.5445687387907509,0.0,,,,,,,,,,,0.5535714285714286,,,,,,,,,,,,,,,,,,,,,,,,
ASM Pacific Tech Limited,0.0,-0.0094291666666666,-0.2779108463814573,-8.191014250441853,0.0,,,,,,,,,,,,,,,,,,,,,,,,,,,,,,,,,,,
Novo Nordisk AS,0.0,-0.0095291666666666,-0.2333996732063811,-5.716702137596381,0.0,,,,,,,,,,,,,,,,,,,,,,,,,,,,,,,,,,,
NUTANIX INC A,0.0,-0.0099444444444444,-0.2086804119261384,-4.3790796524577145,0.0,,,,,,,,,,,0.6428571428571429,,,,,,,,,,,,,,,,,,,,,,,,
UNITY SOFTWARE INC,0.0,-0.0103305555555555,-0.1703028433769012,-2.807502298040508,0.0,,,,,,,,,,,0.5,,,,,,,,,,,,,,,,,,,,,,,,
Nasdaq 100 ETF,0.0,-0.0107319444444444,-0.3350156102426597,-10.45807306283272,0.0,,,,,,,,,,,,,,,,,,,,,,,,,,,,,,,,,,,
TRIP.COM GROUP LTD,0.0,-0.0107638888888888,-0.2198479639112194,-4.490303433529596,0.0,,,,,,,,,,,,,,,,,,,,,,,,,,,,,,,,,,,
Agilysys Inc.,0.0,-0.0108875,-0.22934087991184,-4.830974897702599,0.0,,,,,,,,,,,0.5,,,,,,,,,,,,,,,,,,,,,,,,
Silicon Laboratories Inc.,0.0,-0.0114444444444444,-0.2845575772391812,-7.075311969690227,0.0,,,,,,,,,,,,,,,,,,,,,,,,,,,,,,,,,,,
Celsius Holdings Inc.,0.0,-0.0120138888888888,-0.1751663230482619,-2.553980731303885,0.0,,,,,,,,,,,0.4821428571428571,,,,,,,,,,,,,,,,,,,,,,,,
Keyence Corporation,0.0,-0.0123611111111111,-0.3145180054400883,-8.00264433001441,0.0,,,,,,,,,,,,,,,,,,,,,,,,,,,,,,,,,,,
ETFMG Prime Cyber Security ETF,0.0,-0.0125416666666666,-0.4132485856422035,-13.616562939690228,0.0,,,,,,,,,,,,,,,,,,,,,,,,,,,,,,,,,,,
"Regeneron Pharmaceuticals, Inc.",0.0,-0.0131458333333333,-0.3073914423446142,-7.187790718988445,0.0,,,,,,,,,,,,,,,,,,,,,,,,,,,,,,,,,,,
STMICROELECTRONICS NV NY SHS,0.0,-0.0132361111111111,-0.3667641127384663,-10.162797309846884,0.0,,,,,,,,,,,,,,,,,,,,,,,,,,,,,,,,,,,
Reliance Industries Limited,0.0,-0.0133333333333333,-0.3256825053704734,-7.955182072829132,0.0,,,,,,,,,,,,,,,,,,,,,,,,,,,,,,,,,,,
ADVANTEST CORP,0.0,-0.0133749999999999,-0.3278943263434126,-8.038481439117785,0.0,,,,,,,,,,,,,,,,,,,,,,,,,,,,,,,,,,,
UnitedHealth Group Inc.,0.0,-0.0141958333333333,-0.3083504197483669,-6.69773863403539,0.0,,,,,,,,,,,,,,,,,,,,,,,,,,,,,,,,,,,
Xero Limited,0.0,-0.0143888888888888,-0.3483976340755704,-8.435739018263288,0.0,,,,,,,,,,,,,,,,,,,,,,,,,,,,,,,,,,,
Naspers Limited,0.0,-0.0149305555555555,-0.3045858380259069,-6.213602191877177,0.0,,,,,,,,,,,,,,,,,,,,,,,,,,,,,,,,,,,
SPOTIFY TECHNOLOGY SA,0.0,-0.0151444444444444,-0.3221952115203949,-6.854642618782451,0.0,,,,,,,,,,,,,,,,,,,,,,,,,,,,,,,,,,,
Magnite Inc.,0.0,-0.0152916666666666,-0.2913151549024832,-5.549723344470265,0.0,,,,,,,,,,,0.5892857142857143,,,,,,,,,,,,,,,,,,,,,,,,
PT GoTo Gojek Tokopedia Tbk,0.0,-0.0153472222222222,-0.3384773810237371,-7.46499502032357,0.0,,,,,,,,,,,,,,,,,,,,,,,,,,,,,,,,,,,
VISA INC,0.0,-0.0161111111111111,-0.3857925273953492,-9.238088743081528,0.0,,,,,,,,,,,,,,,,,,,,,,,,,,,,,,,,,,,
REDDIT INC-CL A,0.0,-0.0162513888888888,-0.4126895890269799,-10.47988563043376,0.0,,,,,,,,,,,,,,,,,,,,,,,,,,,,,,,,,,,
BOOKING HOLDINGS INC,0.0,-0.0163902777777777,-0.3984741528677978,-9.687550916250366,0.0,,,,,,,,,,,,,,,,,,,,,,,,,,,,,,,,,,,
Infineon Technologies AG,0.0,-0.016825,-0.4536808492654737,-12.233361841916285,0.0,,,,,,,,,,,,,,,,,,,,,,,,,,,,,,,,,,,
ARK Genomic Revolution ETF,0.0,-0.0168472222222222,-0.5120129680514831,-15.560860775439416,0.0,,,,,,,,,,,,,,,,,,,,,,,,,,,,,,,,,,,
"JD.com, Inc.",0.0,-0.0174027777777777,-0.3869433298247035,-8.603519645410778,0.0,,,,,,,,,,,,,,,,,,,,,,,,,,,,,,,,,,,
DigitalOcean Holdings Inc.,0.0,-0.01775,-0.4425217201829482,-11.032421004714111,0.0,,,,,,,,,,,,,,,,,,,,,,,,,,,,,,,,,,,
CORPAY INC,0.0,-0.0179486111111111,-0.3825646587550627,-8.154152832347895,0.0,,,,,,,,,,,,,,,,,,,,,,,,,,,,,,,,,,,
PROSUS NV,0.0,-0.0179819444444444,-0.4002190720841593,-8.907563147843668,0.0,,,,,,,,,,,,,,,,,,,,,,,,,,,,,,,,,,,
MSCI Inc.,0.0,-0.0185708333333333,-0.4171485678881129,-9.370227203469788,0.0,,,,,,,,,,,,,,,,,,,,,,,,,,,,,,,,,,,
ARK Innovation ETF,0.0,-0.0189291666666666,-0.4763994923207968,-11.989776427040086,0.0,,,,,,,,,,,,,,,,,,,,,,,,,,,,,,,,,,,
NIO Inc.,0.0,-0.0198194444444444,-0.3469001967373563,-6.071802205845823,0.0,,,,,,,,,,,0.3571428571428571,,,,,,,,,,,,,,,,,,,,,,,,
ARK Fintech Innovation ETF,0.0,-0.0200763888888888,-0.6469865152148933,-20.84994234703121,0.0,,,,,,,,,,,,,,,,,,,,,,,,,,,,,,,,,,,
SALESFORCE INC,0.0,-0.0200930555555555,-0.529126874762523,-13.933930995305683,0.0,,,,,,,,,,,,,,,,,,,,,,,,,,,,,,,,,,,
Wingstop Inc.,0.0,-0.0204027777777777,-0.5114007303701386,-12.818387274107558,0.0,,,,,,,,,,,,,,,,,,,,,,,,,,,,,,,,,,,
Games Workshop Group plc,0.0,-0.0212097222222222,-0.333850595499116,-5.254958973405956,0.0,,,,,,,,,,,,,,,,,,,,,,,,,,,,,,,,,,,
PAGERDUTY INC,0.0,-0.0212222222222222,-0.5104223994172633,-12.276331059905164,0.0,,,,,,,,,,,,,,,,,,,,,,,,,,,,,,,,,,,
EQUINIX INC,0.0,-0.0213194444444444,-0.588345834174952,-16.236390281793778,0.0,,,,,,,,,,,,,,,,,,,,,,,,,,,,,,,,,,,
QUALCOMM INC,0.0,-0.0222111111111111,-0.6037348996858124,-16.41051756822282,0.0,,,,,,,,,,,,,,,,,,,,,,,,,,,,,,,,,,,
Global X Lithium & Battery Tech ETF,0.0,-0.0222361111111111,-0.5753480616288265,-14.886838366922827,0.0,,,,,,,,,,,,,,,,,,,,,,,,,,,,,,,,,,,
Xiaomi Corporation,0.0,-0.0222375,-0.5781717990747008,-15.032383552345191,0.0,,,,,,,,,,,,,,,,,,,,,,,,,,,,,,,,,,,
TOTVS S.A.,0.0,-0.0226055555555555,-0.4640401345965781,-9.525678145233194,0.0,,,,,,,,,,,,,,,,,,,,,,,,,,,,,,,,,,,
Softtek,0.0,-0.0229069444444444,-0.5177402806393224,-11.701909822437925,0.0,,,,,,,,,,,,,,,,,,,,,,,,,,,,,,,,,,,
Teledyne Technologies Incorporated,0.0,-0.0229305555555555,-0.5849545392312651,-14.922089965864831,0.0,,,,,,,,,,,,,,,,,,,,,,,,,,,,,,,,,,,
Hermès International SCA,0.0,-0.0229722222222222,-0.4772362949543608,-9.91434259248315,0.0,,,,,,,,,,,,,,,,,,,,,,,,,,,,,,,,,,,
ANALOG DEVICES INC,0.0,-0.023625,-0.58934271989823,-14.701580592467453,0.0,,,,,,,,,,,,,,,,,,,,,,,,,,,,,,,,,,,
KraneShares Electric Vehicles & Future Mobility ETF,0.0,-0.0248611111111111,-0.7302018047985622,-21.446936677451163,0.0,,,,,,,,,,,,,,,,,,,,,,,,,,,,,,,,,,,
RENESAS ELECTRONICS CORP,0.0,-0.0249597222222222,-0.5896998423688776,-13.932282618925658,0.0,,,,,,,,,,,,,,,,,,,,,,,,,,,,,,,,,,,
S&P GLOBAL INC,0.0,-0.0249722222222222,-0.6133304781847576,-15.063708472672262,0.0,,,,,,,,,,,,,,,,,,,,,,,,,,,,,,,,,,,
GLOBAL PAYMENTS INC,0.0,-0.0250083333333333,-0.5265673209127739,-11.087229994798648,0.0,,,,,,,,,,,,,,,,,,,,,,,,,,,,,,,,,,,
Insmed Incorporated,0.0,-0.0253888888888888,-0.3369611860372471,-4.472146906173541,0.0,,,,,,,,,,,0.5178571428571429,,,,,,,,,,,,,,,,,,,,,,,,
"Match Group, Inc.",0.0,-0.0254611111111111,-0.5043908603233017,-9.992106741431918,0.0,,,,,,,,,,,,,,,,,,,,,,,,,,,,,,,,,,,
HCL Technologies Limited,0.0,-0.0259930555555555,-0.7077506491835089,-19.27095413423288,0.0,,,,,,,,,,,,,,,,,,,,,,,,,,,,,,,,,,,
Twilio Inc.,0.0,-0.0260833333333333,-0.6101927388753243,-14.274831127520883,0.0,,,,,,,,,,,,,,,,,,,,,,,,,,,,,,,,,,,
ROKU INC,0.0,-0.0261125,-0.498725584188896,-9.525216211567471,0.0,,,,,,,,,,,,,,,,,,,,,,,,,,,,,,,,,,,
"Crocs, Inc.",0.0,-0.0262222222222222,-0.4511313996867981,-7.761338381569182,0.0,,,,,,,,,,,,,,,,,,,,,,,,,,,,,,,,,,,
ZEBRA TECHNOLOGIES CORP,0.0,-0.0263486111111111,-0.650845963713101,-16.07676650185954,0.0,,,,,,,,,,,,,,,,,,,,,,,,,,,,,,,,,,,
ACCENTURE PLC CL A,0.0,-0.0267513888888888,-0.7045856477507781,-18.55757609738831,0.0,,,,,,,,,,,,,,,,,,,,,,,,,,,,,,,,,,,
NETFLIX INC,0.0,-0.0269847222222222,-0.6648766548023047,-16.381897966585733,0.0,,,,,,,,,,,,,,,,,,,,,,,,,,,,,,,,,,,
Dassault Systèmes SE,0.0,-0.0269986111111111,-0.7925515543164964,-23.26556590872143,0.0,,,,,,,,,,,,,,,,,,,,,,,,,,,,,,,,,,,
Cohu Inc.,0.0,-0.0273361111111111,-0.6170088218244227,-13.926629309551714,0.0,,,,,,,,,,,,,,,,,,,,,,,,,,,,,,,,,,,
VanEck Video Gaming and eSports ETF,0.0,-0.0274097222222222,-0.8799634997943446,-28.250405264688336,0.0,,,,,,,,,,,,,,,,,,,,,,,,,,,,,,,,,,,
NASDAQ INC,0.0,-0.0275194444444444,-0.678384591706001,-16.722926772492414,0.0,,,,,,,,,,,,,,,,,,,,,,,,,,,,,,,,,,,
APPLE INC,0.0,-0.0277847222222222,-0.8518578229962335,-26.11729369817122,0.0,,,,,,,,,,,,,,,,,,,,,,,,,,,,,,,,,,,
Danaher Corp.,0.0,-0.0281527777777777,-0.7333289379443829,-19.10189237706849,0.0,,,,,,,,,,,,,,,,,,,,,,,,,,,,,,,,,,,
Alteryx,0.0,-0.0285138888888888,-0.5258451067981221,-9.697487334015612,0.0,,,,,,,,,,,,,,,,,,,,,,,,,,,,,,,,,,,
"Globus Medical, Inc.",0.0,-0.0292013888888888,-0.6928212424641174,-16.437617944678088,0.0,,,,,,,,,,,,,,,,,,,,,,,,,,,,,,,,,,,
Arcellx Inc.,0.0,-0.0292499999999999,-0.2369870509078239,-1.920097856341454,0.0,,,,,,,,,,,0.4464285714285714,,,,,,,,,,,,,,,,,,,,,,,,
"Etsy, Inc.",0.0,-0.0292888888888888,-0.5892326246492056,-11.854156955838103,0.0,,,,,,,,,,,,,,,,,,,,,,,,,,,,,,,,,,,
Ferrari NV,0.0,-0.0295166666666666,-0.7650238507254459,-19.82817026015097,0.0,,,,,,,,,,,,,,,,,,,,,,,,,,,,,,,,,,,
"Affirm Holdings, Inc. ",0.0,-0.0296527777777777,-0.5993482858839165,-12.11415572881649,0.0,,,,,,,,,,,,,,,,,,,,,,,,,,,,,,,,,,,
FACTSET RESEARCH SYSTEMS INC,0.0,-0.0298194444444444,-0.6597340184296558,-14.596146346194962,0.0,,,,,,,,,,,,,,,,,,,,,,,,,,,,,,,,,,,
Aselsan Elektronik Sanayi ve Ticaret A.S.,0.0,-0.0298888888888888,-0.5399683116151389,-9.754988839912764,0.0,,,,,,,,,,,,,,,,,,,,,,,,,,,,,,,,,,,
Techtronic Industries Co. Ltd.,0.0,-0.030325,-0.661589680201085,-14.433665455847446,0.0,,,,,,,,,,,,,,,,,,,,,,,,,,,,,,,,,,,
Parsons Corporation,0.0,-0.0305291666666666,-0.71663017276169,-16.821907067420216,0.0,,,,,,,,,,,,,,,,,,,,,,,,,,,,,,,,,,,
Bumble Inc. ,0.0,-0.0312486111111111,-0.5735858118651171,-10.528489807215218,0.0,,,,,,,,,,,,,,,,,,,,,,,,,,,,,,,,,,,
FISERV INC,0.0,-0.0321388888888888,-0.6281475625259577,-12.277006889423395,0.0,,,,,,,,,,,,,,,,,,,,,,,,,,,,,,,,,,,
"Illumina, Inc.",0.0,-0.0329805555555555,-0.7489275942240097,-17.00676449932272,0.0,,,,,,,,,,,,,,,,,,,,,,,,,,,,,,,,,,,
Invesco Solar ETF,0.0,-0.0330694444444444,-0.7815957384889534,-18.473001548313583,0.0,,,,,,,,,,,,,,,,,,,,,,,,,,,,,,,,,,,
iShares MSCI India ETF,0.0,-0.0331666666666666,-0.994758378134592,-29.835504448310477,0.0,,,,,,,,,,,,,,,,,,,,,,,,,,,,,,,,,,,
SPDR S&P Biotech ETF,0.0,-0.0333597222222222,-0.9330000022286112,-26.094012364968723,0.0,,,,,,,,,,,,,,,,,,,,,,,,,,,,,,,,,,,
Vanguard Growth ETF,0.0,-0.0342055555555555,-0.2786898395718353,-2.2706260845385025,0.0,,,,,,,,,,,,,,,,,,,,,,,,,,,,,,,,,,,
PAYPAL HOLDINGS INC,0.0,-0.0342902777777777,-0.722646892668509,-15.229346780675003,0.0,,,,,,,,,,,,,,,,,,,,,,,,,,,,,,,,,,,
XPO Inc.,0.0,-0.0347027777777777,-0.571517429038215,-9.41227742015548,0.0,,,,,,,,,,,,,,,,,,,,,,,,,,,,,,,,,,,
Electronic Arts Inc.,0.0,-0.0350944444444444,-0.8901521856884062,-22.578243543367485,0.0,,,,,,,,,,,,,,,,,,,,,,,,,,,,,,,,,,,
iShares Global Clean Energy ETF,0.0,-0.0352277777777777,-0.2935546473242223,-2.446204001548137,0.0,,,,,,,,,,,,,,,,,,,,,,,,,,,,,,,,,,,
Fisher & Paykel Healthcare Corporation Limited,0.0,-0.0355847222222222,-0.841453587933329,-19.89741935385146,0.0,,,,,,,,,,,,,,,,,,,,,,,,,,,,,,,,,,,
CSPC Pharmaceutical Group Limited,0.0,-0.03585,-0.7278881763119512,-14.778833952991304,0.0,,,,,,,,,,,,,,,,,,,,,,,,,,,,,,,,,,,
"T-Mobile US, Inc.",0.0,-0.0361805555555555,-0.8338594773843067,-19.218102578772086,0.0,,,,,,,,,,,,,,,,,,,,,,,,,,,,,,,,,,,
Costco Wholesale Corporation,0.0,-0.0361944444444444,-0.905693528707632,-22.66316780195224,0.0,,,,,,,,,,,,,,,,,,,,,,,,,,,,,,,,,,,
BROADRIDGE FINANCIAL SOLUTIONS INC,0.0,-0.0362305555555555,-0.7541377611076853,-15.697351420859032,0.0,,,,,,,,,,,,,,,,,,,,,,,,,,,,,,,,,,,
Texas Instruments Incorporated,0.0,-0.0368791666666666,-0.7771677685187623,-16.377532222558337,0.0,,,,,,,,,,,,,,,,,,,,,,,,,,,,,,,,,,,
Schneider Electric SE,0.0,-0.0370680555555555,-1.0512571056177955,-29.813851456426665,0.0,,,,,,,,,,,,,,,,,,,,,,,,,,,,,,,,,,,
SoftBank Group Corp.,0.0,-0.0371347222222222,-0.8931144680131891,-21.47998975732606,0.0,,,,,,,,,,,,,,,,,,,,,,,,,,,,,,,,,,,
GEN DIGITAL INC,0.0,-0.0371944444444444,-0.6656961568550297,-11.914450662476494,0.0,,,,,,,,,,,,,,,,,,,,,,,,,,,,,,,,,,,
REA GROUP LTD,0.0,-0.0374055555555555,-0.9101576355181816,-22.14609325242366,0.0,,,,,,,,,,,,,,,,,,,,,,,,,,,,,,,,,,,
"Moderna, Inc.",0.0,-0.0374583333333333,-0.4560340086924526,-5.5519559622008785,0.0,,,,,,,,,,,,,,,,,,,,,,,,,,,,,,,,,,,
LVMH Moët Hennessy Louis Vuitton SE,0.0,-0.0375138888888888,-0.998281701152276,-26.565263809550064,0.0,,,,,,,,,,,,,,,,,,,,,,,,,,,,,,,,,,,
Infosys Limited,0.0,-0.0387361111111111,-0.951855673459382,-23.389782740398203,0.0,,,,,,,,,,,,,,,,,,,,,,,,,,,,,,,,,,,
"DocuSign, Inc.",0.0,-0.0389708333333333,-1.0189079405746693,-26.639753440379273,0.0,,,,,,,,,,,,,,,,,,,,,,,,,,,,,,,,,,,
Tata Consultancy Services Limited,0.0,-0.0392472222222222,-0.895709473825901,-20.442095416556732,0.0,,,,,,,,,,,,,,,,,,,,,,,,,,,,,,,,,,,
iShares MSCI World ETF,0.0,-0.0393625,-0.9539305364020366,-23.118030315154712,0.0,,,,,,,,,,,,,,,,,,,,,,,,,,,,,,,,,,,
CME GROUP INC,0.0,-0.0396888888888888,-1.0393478352543344,-27.217792004005712,0.0,,,,,,,,,,,,,,,,,,,,,,,,,,,,,,,,,,,
S&P 500 ETF,0.0,-0.0397888888888888,-0.9699312673668088,-23.64395412103339,0.0,,,,,,,,,,,,,,,,,,,,,,,,,,,,,,,,,,,
VanEck Rare Earth Strategic Metals ETF,0.0,-0.0398041666666666,-1.1408096120105202,-32.69623961115278,0.0,,,,,,,,,,,,,,,,,,,,,,,,,,,,,,,,,,,
ORACLE CORP,0.0,-0.0398763888888888,-1.078868826911049,-29.18915122740079,0.0,,,,,,,,,,,,,,,,,,,,,,,,,,,,,,,,,,,
Russell 2000 Growth ETF,0.0,-0.0414208333333333,-1.133636096746213,-31.02619373936599,0.0,,,,,,,,,,,,,,,,,,,,,,,,,,,,,,,,,,,
FOXCONN INDUSTRIAL INTERNE A,0.0,-0.0415555555555555,-1.052952133083993,-26.680143719505825,0.0,,,,,,,,,,,,,,,,,,,,,,,,,,,,,,,,,,,
Berkshire Hathaway Inc.,0.0,-0.0420138888888888,-0.9846722172805094,-23.07759174705992,0.0,,,,,,,,,,,,,,,,,,,,,,,,,,,,,,,,,,,
Capgemini SE,0.0,-0.0424638888888888,-1.121379793895555,-29.61322373105288,0.0,,,,,,,,,,,,,,,,,,,,,,,,,,,,,,,,,,,
BioNTech SE,0.0,-0.0425333333333333,-0.5501165335677766,-7.115083083964575,0.0,,,,,,,,,,,,,,,,,,,,,,,,,,,,,,,,,,,
SEI Investments Company,0.0,-0.0429305555555555,-1.069221231129705,-26.629845020735537,0.0,,,,,,,,,,,,,,,,,,,,,,,,,,,,,,,,,,,
CHECK POINT SOFTWARE TECH,0.0,-0.0430277777777777,-0.9964462379469928,-23.075909479841023,0.0,,,,,,,,,,,,,,,,,,,,,,,,,,,,,,,,,,,
"Huntington Ingalls Industries, Inc.",0.0,-0.0430694444444444,-0.3204559149950854,-2.384335223729215,0.0,,,,,,,,,,,,,,,,,,,,,,,,,,,,,,,,,,,
RELX PLC,0.0,-0.0433819444444444,-0.9618156130824406,-21.324292523444495,0.0,,,,,,,,,,,,,,,,,,,,,,,,,,,,,,,,,,,
H&E Equipment Services Inc.,0.0,-0.0435125,-0.8197930284357037,-15.445230898518412,0.0,,,,,,,,,,,,,,,,,,,,,,,,,,,,,,,,,,,
Honeywell International Inc.,0.0,-0.0435277777777777,-1.303069078813338,-39.00932027424369,0.0,,,,,,,,,,,,,,,,,,,,,,,,,,,,,,,,,,,
Boot Barn Holdings Inc.,0.0,-0.0435972222222222,-0.89839669065679,-18.513028414266067,0.0,,,,,,,,,,,,,,,,,,,,,,,,,,,,,,,,,,,
All-World Equity Market Index,0.0,-0.0436481481481481,-1.2409570382391115,-35.28155113312691,0.0,,,,,,,,,,,,,,,,,,,,,,,,,,,,,,,,,,,
AstraZeneca plc,0.0,-0.0437625,-1.2042125916774429,-33.13631456051422,0.0,,,,,,,,,,,,,,,,,,,,,,,,,,,,,,,,,,,
Sony Group Corporation,0.0,-0.0441361111111111,-1.104769481405019,-27.65344694668068,0.0,,,,,,,,,,,,,,,,,,,,,,,,,,,,,,,,,,,
"NextEra Energy, Inc.",0.0,-0.0445,-1.2370525413024973,-34.38874134703296,0.0,,,,,,,,,,,,,,,,,,,,,,,,,,,,,,,,,,,
"Automatic Data Processing, Inc.",0.0,-0.0447638888888888,-1.1190328692847318,-27.974213001195352,0.0,,,,,,,,,,,,,,,,,,,,,,,,,,,,,,,,,,,
"Samsung Electronics Co., Ltd.",0.0,-0.0449444444444444,-0.9000768163756577,-18.025326275383076,0.0,,,,,,,,,,,,,,,,,,,,,,,,,,,,,,,,,,,
MOTOROLA SOLUTIONS INC,0.0,-0.045,-1.188169030573991,-31.372125449225273,0.0,,,,,,,,,,,,,,,,,,,,,,,,,,,,,,,,,,,
Immunovant Inc.,0.0,-0.0452916666666666,-0.3513334999504374,-2.725340824745333,0.0,,,,,,,,,,,0.4642857142857143,,,,,,,,,,,,,,,,,,,,,,,,
Siemens Healthineers AG,0.0,-0.0453888888888888,-1.2232950079915508,-32.969537550045125,0.0,,,,,,,,,,,,,,,,,,,,,,,,,,,,,,,,,,,
AMN Healthcare Services Inc.,0.0,-0.0456277777777777,-1.0936056342096916,-26.211517225317507,0.0,,,,,,,,,,,,,,,,,,,,,,,,,,,,,,,,,,,
"Huawei Technologies Co., Ltd.",0.0,-0.0459972222222222,-1.0121561701706734,-22.27221695834552,0.0,,,,,,,,,,,,,,,,,,,,,,,,,,,,,,,,,,,
JPMorgan Chase & Co.,0.0,-0.0462680555555555,-1.301709034652026,-36.62238212842406,0.0,,,,,,,,,,,,,,,,,,,,,,,,,,,,,,,,,,,
"Rivian Automotive, Inc.",0.0,-0.04725,-0.5827503504254922,-7.187258643831405,0.0,,,,,,,,,,,,,,,,,,,,,,,,,,,,,,,,,,,
Amgen Inc.,0.0,-0.0477305555555555,-1.2068063193877074,-30.512561095564095,0.0,,,,,,,,,,,,,,,,,,,,,,,,,,,,,,,,,,,
SAP SE,0.0,-0.0480416666666666,-0.9199504195103804,-17.616141010039716,0.0,,,,,,,,,,,,,,,,,,,,,,,,,,,,,,,,,,,
LY CORP,0.0,-0.0481527777777777,-0.9722035704991132,-19.628769639275497,0.0,,,,,,,,,,,,,,,,,,,,,,,,,,,,,,,,,,,
DISCOVER FINANCIAL SERVICES,0.0,-0.0482638888888889,-1.080736654829767,-24.200116152710702,0.0,,,,,,,,,,,,,,,,,,,,,,,,,,,,,,,,,,,
Eagle Materials Inc.,0.0,-0.0484902777777777,-1.08675504338265,-24.356150932566383,0.0,,,,,,,,,,,,,,,,,,,,,,,,,,,,,,,,,,,
Matador Resources Co.,0.0,-0.0492944444444444,-0.9067093899614918,-16.67778036875705,0.0,,,,,,,,,,,,,,,,,,,,,,,,,,,,,,,,,,,
Starbucks Corporation,0.0,-0.0497083333333333,-1.2675503023975812,-32.32222167526973,0.0,,,,,,,,,,,,,,,,,,,,,,,,,,,,,,,,,,,
"Cisco Systems, Inc.",0.0,-0.0501708333333333,-1.30231809930057,-33.805147713960956,0.0,,,,,,,,,,,,,,,,,,,,,,,,,,,,,,,,,,,
Thales Group,0.0,-0.0508333333333333,-1.2104914439969787,-28.8253679211126,0.0,,,,,,,,,,,,,,,,,,,,,,,,,,,,,,,,,,,
WESTERN DIGITAL CORP,0.0,-0.0510375,-0.4205963734901559,-3.4661045190902917,0.0,,,,,,,,,,,,,,,,,,,,,,,,,,,,,,,,,,,
ZOOM VIDEO COMMUNICATIONS INC,0.0,-0.0512916666666666,-1.138517375042827,-25.271586936300423,0.0,,,,,,,,,,,,,,,,,,,,,,,,,,,,,,,,,,,
Ally Financial Inc.,0.0,-0.0519861111111111,-0.9558535601870424,-17.575002418808864,0.0,,,,,,,,,,,,,,,,,,,,,,,,,,,,,,,,,,,
ROBINHOOD MARKETS INC - A,0.0,-0.0526388888888888,-0.7471222715851368,-10.60416928398272,0.0,,,,,,,,,,,,,,,,,,,,,,,,,,,,,,,,,,,
Novartis AG,0.0,-0.0528888888888888,-1.3135148728968855,-32.62162162162162,0.0,,,,,,,,,,,,,,,,,,,,,,,,,,,,,,,,,,,
OpenText Corporation,0.0,-0.0531763888888888,-1.254489946980102,-29.594808146195323,0.0,,,,,,,,,,,,,,,,,,,,,,,,,,,,,,,,,,,
ABB Ltd,0.0,-0.0532527777777777,-1.3779609492046678,-35.65591236304264,0.0,,,,,,,,,,,,,,,,,,,,,,,,,,,,,,,,,,,
Essential Properties Realty Trust Inc.,0.0,-0.0534166666666666,-1.4239614045698468,-37.959427426605885,0.0,,,,,,,,,,,,,,,,,,,,,,,,,,,,,,,,,,,
NETAPP INC,0.0,-0.0534583333333333,-1.2306591108813736,-28.33088412524395,0.0,,,,,,,,,,,,,,,,,,,,,,,,,,,,,,,,,,,
SNAP INC,0.0,-0.0542361111111111,-1.2348914736535797,-28.11700397504898,0.0,,,,,,,,,,,,,,,,,,,,,,,,,,,,,,,,,,,
Saudi Telecom Company (STC),0.0,-0.0544027777777777,-1.2806468314018251,-30.14655452849797,0.0,,,,,,,,,,,,,,,,,,,,,,,,,,,,,,,,,,,
Vestas Wind Systems AS,0.0,-0.0545277777777777,-1.1861764979547251,-25.803631500155326,0.0,,,,,,,,,,,,,,,,,,,,,,,,,,,,,,,,,,,
"Rexford Industrial Realty, Inc.",0.0,-0.0549944444444444,-1.3492335517987306,-33.10209232386052,0.0,,,,,,,,,,,,,,,,,,,,,,,,,,,,,,,,,,,
"Mondelez International, Inc.",0.0,-0.0550958333333333,-1.529624246354417,-42.46691979191381,0.0,,,,,,,,,,,,,,,,,,,,,,,,,,,,,,,,,,,
FTSE Emerging Markets ETF,0.0,-0.0554333333333333,-1.3626228094501525,-33.49502563139795,0.0,,,,,,,,,,,,,,,,,,,,,,,,,,,,,,,,,,,
Siemens AG,0.0,-0.0555708333333333,-1.4836686964003056,-39.61201710750272,0.0,,,,,,,,,,,,,,,,,,,,,,,,,,,,,,,,,,,
McDonald's Corp.,0.0,-0.0555833333333333,-1.5248494840818303,-41.83207104835905,0.0,,,,,,,,,,,,,,,,,,,,,,,,,,,,,,,,,,,
Rocket Pharmaceuticals Inc.,0.0,-0.0557499999999999,-0.465590405601752,-3.888330507415318,0.0,,,,,,,,,,,,,,,,,,,,,,,,,,,,,,,,,,,
Kura Oncology Inc.,0.0,-0.0562097222222222,-0.5418768191916786,-5.223838075848128,0.0,,,,,,,,,,,,,,,,,,,,,,,,,,,,,,,,,,,
DIGITAL REALTY TRUST INC,0.0,-0.0562722222222222,-1.529459540192338,-41.57018139158498,0.0,,,,,,,,,,,,,,,,,,,,,,,,,,,,,,,,,,,
Vale S.A.,0.0,-0.0568458333333333,-1.4222762237172326,-35.58518783055958,0.0,,,,,,,,,,,,,,,,,,,,,,,,,,,,,,,,,,,
Carvajal Tecnología y Servicios,0.0,-0.0568472222222222,-1.1597449878324502,-23.66005557043227,0.0,,,,,,,,,,,,,,,,,,,,,,,,,,,,,,,,,,,
Ørsted AS,0.0,-0.0572638888888888,-1.3246288555780774,-30.64132805291445,0.0,,,,,,,,,,,,,,,,,,,,,,,,,,,,,,,,,,,
Lancashire Holdings Limited,0.0,-0.0574722222222222,-1.1710185742726162,-23.859952656593983,0.0,,,,,,,,,,,,,,,,,,,,,,,,,,,,,,,,,,,
Union Pacific Corporation,0.0,-0.0577083333333333,-1.4258087596618616,-35.22767859861654,0.0,,,,,,,,,,,,,,,,,,,,,,,,,,,,,,,,,,,
Rolls-Royce Holdings plc,0.0,-0.0582222222222222,-1.3714717617938996,-32.30613194767665,0.0,,,,,,,,,,,,,,,,,,,,,,,,,,,,,,,,,,,
Sage Group plc,0.0,-0.0583611111111111,-1.4323040531685642,-35.151745086164446,0.0,,,,,,,,,,,,,,,,,,,,,,,,,,,,,,,,,,,
Johnson & Johnson,0.0,-0.0584444444444444,-1.6388298958258762,-45.95412708569177,0.0,,,,,,,,,,,,,,,,,,,,,,,,,,,,,,,,,,,
Splunk Inc.,0.0,-0.0587208333333333,-1.0384639636846464,-18.364988074163797,0.0,,,,,,,,,,,,,,,,,,,,,,,,,,,,,,,,,,,
"Charter Communications, Inc.",0.0,-0.0590513888888888,-1.119098075149903,-21.208315763083867,0.0,,,,,,,,,,,,,,,,,,,,,,,,,,,,,,,,,,,
Amdocs Limited,0.0,-0.0596111111111111,-1.5002217646524008,-37.755802587569185,0.0,,,,,,,,,,,,,,,,,,,,,,,,,,,,,,,,,,,
Turkcell Iletisim Hizmetleri A.S.,0.0,-0.0597513888888888,-0.9864367587430865,-16.285102272836237,0.0,,,,,,,,,,,,,,,,,,,,,,,,,,,,,,,,,,,
Albany International Corp.,0.0,-0.0598625,-1.479886268097378,-36.58489649619018,0.0,,,,,,,,,,,,,,,,,,,,,,,,,,,,,,,,,,,
"Ginkgo Bioworks Holdings, Inc.",0.0,-0.0600555555555555,-0.693884291106316,-8.017166854758615,0.0,,,,,,,,,,,,,,,,,,,,,,,,,,,,,,,,,,,
WIPRO LTD,0.0,-0.0603138888888888,-1.5660565465280067,-40.66282496625808,0.0,,,,,,,,,,,,,,,,,,,,,,,,,,,,,,,,,,,
Lenovo Group Limited,0.0,-0.0609055555555555,-1.213184113463899,-24.165540889265127,0.0,,,,,,,,,,,,,,,,,,,,,,,,,,,,,,,,,,,
Unum Group,0.0,-0.0612638888888888,-1.231278893631118,-24.746188030130543,0.0,,,,,,,,,,,,,,,,,,,,,,,,,,,,,,,,,,,
PT Telekomunikasi Indonesia Tbk,0.0,-0.0612819444444444,-1.4605925102588158,-34.81172962711935,0.0,,,,,,,,,,,,,,,,,,,,,,,,,,,,,,,,,,,
FIDELITY NATIONAL INFORMATION SERVICES INC,0.0,-0.0614583333333333,-1.525500422787422,-37.865516581824046,0.0,,,,,,,,,,,,,,,,,,,,,,,,,,,,,,,,,,,
The Walt Disney Company,0.0,-0.0622222222222222,-1.773607951571291,-50.55565445159322,0.0,,,,,,,,,,,,,,,,,,,,,,,,,,,,,,,,,,,
Topgolf Callaway Brands Corp.,0.0,-0.0622819444444444,-1.022432154205638,-16.784439202697833,0.0,,,,,,,,,,,,,,,,,,,,,,,,,,,,,,,,,,,
NEXTDOOR HOLDINGS INC,0.0,-0.0628333333333333,-1.1381846468708436,-20.617468812294536,0.0,,,,,,,,,,,,,,,,,,,,,,,,,,,,,,,,,,,
TotalEnergies SE,0.0,-0.0630138888888889,-1.484119865828257,-34.954385691540224,0.0,,,,,,,,,,,,,,,,,,,,,,,,,,,,,,,,,,,
PepsiCo Inc.,0.0,-0.0630416666666666,-1.4856339048207343,-35.010306926417506,0.0,,,,,,,,,,,,,,,,,,,,,,,,,,,,,,,,,,,
LG Electronics Inc.,0.0,-0.0632222222222222,-1.5195010460063292,-36.52012453309131,0.0,,,,,,,,,,,,,,,,,,,,,,,,,,,,,,,,,,,
Etisalat Group,0.0,-0.0635,-1.3898847756589885,-30.4217273954116,0.0,,,,,,,,,,,,,,,,,,,,,,,,,,,,,,,,,,,
BHP Group Limited,0.0,-0.0635416666666666,-1.6258829143675315,-41.60254821611424,0.0,,,,,,,,,,,,,,,,,,,,,,,,,,,,,,,,,,,
Allianz SE,0.0,-0.0643361111111111,-1.4794815344194077,-34.022348769383086,0.0,,,,,,,,,,,,,,,,,,,,,,,,,,,,,,,,,,,
BrightSpring Health Services,0.0,-0.0647777777777777,-0.4799341632985778,-3.555799673945032,0.0,,,,,,,,,,,,,,,,,,,,,,,,,,,,,,,,,,,
"Hon Hai Precision Industry Co., Ltd. (Foxconn)",0.0,-0.0658833333333333,-1.5541995092314809,-36.66384185927715,0.0,,,,,,,,,,,,,,,,,,,,,,,,,,,,,,,,,,,
Plug Power Inc.,0.0,-0.0666388888888888,-0.6055703644019258,-5.503024920678501,0.0,,,,,,,,,,,,,,,,,,,,,,,,,,,,,,,,,,,
HEWLETT PACKARD ENTERPRISE CO,0.0,-0.0668972222222222,-1.864230250171676,-51.95065370742242,0.0,,,,,,,,,,,,,,,,,,,,,,,,,,,,,,,,,,,
Diageo PLC,0.0,-0.0669166666666666,-1.749185409342466,-45.72328163770716,0.0,,,,,,,,,,,,,,,,,,,,,,,,,,,,,,,,,,,
OMNICOM GROUP INC,0.0,-0.0671652777777777,-1.4256879679194137,-30.262454784973524,0.0,,,,,,,,,,,,,,,,,,,,,,,,,,,,,,,,,,,
Roche Holding AG,0.0,-0.0672916666666666,-1.841164884540669,-50.37604654462893,0.0,,,,,,,,,,,,,,,,,,,,,,,,,,,,,,,,,,,
EBAY INC,0.0,-0.0673125,-1.5980676472983235,-37.939761639243805,0.0,,,,,,,,,,,,,,,,,,,,,,,,,,,,,,,,,,,
Procter & Gamble Co.,0.0,-0.0675555555555555,-1.8529537273935204,-50.823910596634654,0.0,,,,,,,,,,,,,,,,,,,,,,,,,,,,,,,,,,,
NEC Corporation,0.0,-0.06775,-1.3257330606310889,-25.941965284874897,0.0,,,,,,,,,,,,,,,,,,,,,,,,,,,,,,,,,,,
"América Móvil, S.A.B. de C.V.",0.0,-0.0677916666666666,-1.6579701071591937,-40.54871360147709,0.0,,,,,,,,,,,,,,,,,,,,,,,,,,,,,,,,,,,
"Gilead Sciences, Inc.",0.0,-0.0680555555555555,-1.7283319180968075,-43.89254036246483,0.0,,,,,,,,,,,,,,,,,,,,,,,,,,,,,,,,,,,
Nestlé SA,0.0,-0.0686375,-1.933087802622102,-54.442956877018354,0.0,,,,,,,,,,,,,,,,,,,,,,,,,,,,,,,,,,,
Advanced Info Service PCL,0.0,-0.0686486111111111,-1.533870572175966,-34.27249137465244,0.0,,,,,,,,,,,,,,,,,,,,,,,,,,,,,,,,,,,
Xtrackers MSCI Europe ETF,0.0,-0.0687222222222222,-2.0373867261656513,-60.40178180695864,0.0,,,,,,,,,,,,,,,,,,,,,,,,,,,,,,,,,,,
Chevron Corporation,0.0,-0.0690166666666666,-1.634560190770901,-38.71220020168565,0.0,,,,,,,,,,,,,,,,,,,,,,,,,,,,,,,,,,,
Comcast Corporation,0.0,-0.0694305555555555,-1.6973389342858372,-41.49411501593635,0.0,,,,,,,,,,,,,,,,,,,,,,,,,,,,,,,,,,,
Ericsson (Telefonaktiebolaget LM Ericsson),0.0,-0.069825,-1.6973720533268517,-41.26132312803455,0.0,,,,,,,,,,,,,,,,,,,,,,,,,,,,,,,,,,,
Antero Resources Corporation,0.0,-0.0699583333333333,-1.2498261792545655,-22.32851190017961,0.0,,,,,,,,,,,,,,,,,,,,,,,,,,,,,,,,,,,
Toyota Motor Corporation,0.0,-0.0701097222222222,-1.700602558241309,-41.25032833435204,0.0,,,,,,,,,,,,,,,,,,,,,,,,,,,,,,,,,,,
Murphy USA Inc.,0.0,-0.0701527777777777,-1.4520434564511353,-30.054835549084203,0.0,,,,,,,,,,,,,,,,,,,,,,,,,,,,,,,,,,,
Coca-Cola Company,0.0,-0.0702902777777777,-2.1381019615245234,-65.03715936829437,0.0,,,,,,,,,,,,,,,,,,,,,,,,,,,,,,,,,,,
PLDT Inc.,0.0,-0.0703694444444444,-1.7745095699260525,-44.74789077303485,0.0,,,,,,,,,,,,,,,,,,,,,,,,,,,,,,,,,,,
iShares MSCI China ETF,0.0,-0.071074074074074,-2.195807622619485,-67.83867645646353,0.0,,,,,,,,,,,,,,,,,,,,,,,,,,,,,,,,,,,
Kaiser Aluminum Corp.,0.0,-0.0721347222222222,-1.5200961478525734,-32.033010283144726,0.0,,,,,,,,,,,,,,,,,,,,,,,,,,,,,,,,,,,
Bellway plc,0.0,-0.0723472222222222,-1.4726462581295812,-29.97609217008641,0.0,,,,,,,,,,,,,,,,,,,,,,,,,,,,,,,,,,,
Heineken NV,0.0,-0.0725666666666666,-1.9989756438820312,-55.065277328896386,0.0,,,,,,,,,,,,,,,,,,,,,,,,,,,,,,,,,,,
Tyman plc,0.0,-0.0729166666666666,-1.2801988356961234,-22.47646709372859,0.0,,,,,,,,,,,,,,,,,,,,,,,,,,,,,,,,,,,
Panasonic Holdings Corporation,0.0,-0.0730013888888889,-1.628798368255342,-36.34155684995549,0.0,,,,,,,,,,,,,,,,,,,,,,,,,,,,,,,,,,,
"Teladoc Health, Inc.",0.0,-0.0734888888888888,-1.1115836694018388,-16.81367445831223,0.0,,,,,,,,,,,,,,,,,,,,,,,,,,,,,,,,,,,
Shell plc,0.0,-0.0735833333333333,-1.6073405304505135,-35.11044503957787,0.0,,,,,,,,,,,,,,,,,,,,,,,,,,,,,,,,,,,
HSBC Holdings plc,0.0,-0.0739861111111111,-1.6870284755871303,-38.46755877150595,0.0,,,,,,,,,,,,,,,,,,,,,,,,,,,,,,,,,,,
Barnes Group Inc.,0.0,-0.074,-1.51289545016048,-30.930441123192995,0.0,,,,,,,,,,,,,,,,,,,,,,,,,,,,,,,,,,,
Dimension Data,0.0,-0.0744124999999999,-1.685403246402312,-38.17348030214619,0.0,,,,,,,,,,,,,,,,,,,,,,,,,,,,,,,,,,,
Marshalls plc,0.0,-0.0757916666666666,-1.574361615391325,-32.70299499968222,0.0,,,,,,,,,,,,,,,,,,,,,,,,,,,,,,,,,,,
Keurig Dr Pepper Inc.,0.0,-0.0758888888888889,-1.8774356604040057,-46.44638642841819,0.0,,,,,,,,,,,,,,,,,,,,,,,,,,,,,,,,,,,
SEAGATE TECHNOLOGY HOLDINGS,0.0,-0.0760277777777777,-1.5414617076812969,-31.253105979144554,0.0,,,,,,,,,,,,,,,,,,,,,,,,,,,,,,,,,,,
Aegon NV,0.0,-0.0762222222222222,-1.7542555170499916,-40.37421541093732,0.0,,,,,,,,,,,,,,,,,,,,,,,,,,,,,,,,,,,
Consolidated Water Co. Ltd.,0.0,-0.0762222222222222,-2.081221552233612,-56.82703840427867,0.0,,,,,,,,,,,,,,,,,,,,,,,,,,,,,,,,,,,
"Lyft, Inc.",0.0,-0.0782499999999999,-1.8500863463056116,-43.742102093117545,0.0,,,,,,,,,,,,,,,,,,,,,,,,,,,,,,,,,,,
Springer Nature AG,0.0,-0.0785694444444444,-2.0383074486098423,-52.87930040024788,0.0,,,,,,,,,,,,,,,,,,,,,,,,,,,,,,,,,,,
Exxon Mobil Corporation,0.0,-0.0793319444444444,-1.8338812013693244,-42.39301436877,0.0,,,,,,,,,,,,,,,,,,,,,,,,,,,,,,,,,,,
INTERNATIONAL BUSINESS MACHINES CORP,0.0,-0.0794791666666666,-1.9247630279502197,-46.61237490450241,0.0,,,,,,,,,,,,,,,,,,,,,,,,,,,,,,,,,,,
Unilever PLC,0.0,-0.0796027777777777,-2.076616656067783,-54.173194160342334,0.0,,,,,,,,,,,,,,,,,,,,,,,,,,,,,,,,,,,
Abercrombie & Fitch Co.,0.0,-0.0796666666666666,-2.016729725405302,-51.052704418410144,0.0,,,,,,,,,,,,,,,,,,,,,,,,,,,,,,,,,,,
Axiata Group Berhad,0.0,-0.0805375,-1.9443253228404849,-46.93963633138297,0.0,,,,,,,,,,,,,,,,,,,,,,,,,,,,,,,,,,,
INTEL CORP,0.0,-0.0811555555555555,-1.871436031263144,-43.15505938114667,0.0,,,,,,,,,,,,,,,,,,,,,,,,,,,,,,,,,,,
The Cheesecake Factory Inc.,0.0,-0.0838749999999999,-1.6448889985237451,-32.25823925441967,0.0,,,,,,,,,,,,,,,,,,,,,,,,,,,,,,,,,,,
Verizon Communications Inc.,0.0,-0.0839458333333333,-2.0725493361248004,-51.16943367057747,0.0,,,,,,,,,,,,,,,,,,,,,,,,,,,,,,,,,,,
Biogen Inc.,0.0,-0.0843902777777777,-1.5489696429502544,-28.43108256023824,0.0,,,,,,,,,,,,,,,,,,,,,,,,,,,,,,,,,,,
Kaspersky Lab,0.0,-0.0848861111111111,-1.1704002054207543,-16.137347122144696,0.0,,,,,,,,,,,,,,,,,,,,,,,,,,,,,,,,,,,
Fujitsu Limited,0.0,-0.0850791666666666,-1.9435271764871824,-44.39744809141572,0.0,,,,,,,,,,,,,,,,,,,,,,,,,,,,,,,,,,,
Maxis Berhad,0.0,-0.0853611111111111,-2.7958720024186374,-91.57449044604702,0.0,,,,,,,,,,,,,,,,,,,,,,,,,,,,,,,,,,,
Toshiba Corporation,0.0,-0.0854583333333333,-1.7511868883539334,-35.88480372044152,0.0,,,,,,,,,,,,,,,,,,,,,,,,,,,,,,,,,,,
QuantumScape Corporation,0.0,-0.0859444444444444,-0.5168157701301471,-3.107804605425926,0.0,,,,,,,,,,,,,,,,,,,,,,,,,,,,,,,,,,,
Sonda S.A.,0.0,-0.0874416666666666,-0.6039326787359284,-4.171177132699751,0.0,,,,,,,,,,,,,,,,,,,,,,,,,,,,,,,,,,,
Conduit Holdings Limited,0.0,-0.0875305555555555,-0.4540923368728911,-2.3557470770970763,0.0,,,,,,,,,,,,,,,,,,,,,,,,,,,,,,,,,,,
Redrow plc,0.0,-0.0883194444444444,-1.6374221198953356,-30.35742826042184,0.0,,,,,,,,,,,,,,,,,,,,,,,,,,,,,,,,,,,
Owens & Minor Inc.,0.0,-0.0908333333333333,-1.7109093865868583,-32.226175366359854,0.0,,,,,,,,,,,,,,,,,,,,,,,,,,,,,,,,,,,
Nokia Corporation,0.0,-0.0935833333333333,-1.928285071138765,-39.73232394204771,0.0,,,,,,,,,,,,,,,,,,,,,,,,,,,,,,,,,,,
Yandex N.V.,0.0,-0.0945833333333333,-0.9297417192333024,-9.13923874343151,0.0,,,,,,,,,,,,,,,,,,,,,,,,,,,,,,,,,,,
"Lucid Group, Inc. ",0.0,-0.0976805555555555,-0.8657491634318633,-7.673191555065252,0.0,,,,,,,,,,,,,,,,,,,,,,,,,,,,,,,,,,,
AT&T Inc.,0.0,-0.0978749999999999,-2.1495191973735817,-47.20748689530082,0.0,,,,,,,,,,,,,,,,,,,,,,,,,,,,,,,,,,,
Alcoa Corporation,0.0,-0.1003541666666666,-0.8086579803682405,-6.5161990870325095,0.0,,,,,,,,,,,,,,,,,,,,,,,,,,,,,,,,,,,
Stericycle Inc.,0.0,-0.1024972222222222,-2.0773212526709877,-42.101273510053986,0.0,,,,,,,,,,,,,,,,,,,,,,,,,,,,,,,,,,,
The Kraft Heinz Company,0.0,-0.1075527777777777,-2.2573148165789347,-47.376462853194674,0.0,,,,,,,,,,,,,,,,,,,,,,,,,,,,,,,,,,,
BlackBerry Limited,0.0,-0.1223611111111111,-2.311311477709907,-43.658975457836085,0.0,,,,,,,,,,,,,,,,,,,,,,,,,,,,,,,,,,,
Micro Focus International plc,0.0,-0.1672347222222222,-1.2039879967668663,-8.667979215658779,0.0,,,,,,,,,,,,,,,,,,,,,,,,,,,,,,,,,,,
