Asset,w,Alpha,t-value,iKelly-weight,Valuation Score100,Tenbagger Probability100,Return100,Growth Rate100,Defensive Score100,Risk Score100,Bankruptcy Score100,Future Moat Score100,AI Winner Score100,Good Business Score100,Tariff Winner Score100,Sentiment Score100,Good Governance Score100,Market Disruptor Score100,Oversold Score100,Management Score100,Better World Score100,Marketability Score100,Clean Earnings Score100,Scalability Score100,hard-sell,Cat-Integrity,Cat-Market,Cat-Quality,Cat-Resilience,Cat-Upside
ADOBE INC,0.02055056357920107,-0.0038125,-0.1038586515518927,-2.8292772464727785,0.7321428571428572,0.6216071428571428,0.1296428571428571,0.1142857142857142,0.4464285714285714,0.5,0.9962857142857143,0.7946428571428572,0.8035714285714286,1.0,0.5892857142857143,0.7410714285714286,0.25,0.75,0.75,0.7678571428571428,0.2767857142857143,1.0,0.7410714285714286,0.9910714285714286,0.0,0.635,0.94,0.85,0.4536082474226804,0.49
ALPHABET INC,0.020545552829798003,-0.0010312499999999,-0.0249399213635363,-0.6031512025400007,0.7410714285714286,0.5925,0.12875,0.1476785714285714,0.7142857142857143,0.6160714285714286,0.999,0.7767857142857144,1.0,1.0,0.5,0.75,0.25,0.9821428571428572,0.5,0.7410714285714286,0.2321428571428571,1.0,0.7946428571428572,0.8035714285714286,0.0,0.45,0.95,0.94,0.7938144329896907,0.55
BYD Company Limited,0.020054658376021956,0.0226458333333333,0.6620270194386219,19.35366069402548,0.6160714285714286,0.6942857142857143,0.1627499999999999,0.2177857142857142,0.2142857142857143,0.4910714285714286,0.9707142857142858,0.9821428571428572,0.7410714285714286,1.0,0.5892857142857143,0.6964285714285714,0.6607142857142857,1.0,0.6339285714285714,0.5892857142857143,0.2232142857142857,0.7767857142857144,0.75,0.5,0.0,0.48,0.85,0.64,0.41237113402061853,0.97
ASML Holding NV,0.01999404273507321,0.0241666666666666,0.4674983495718233,9.043643042167394,0.4910714285714286,0.7269642857142857,0.1311428571428571,0.1420714285714285,0.4464285714285714,0.5267857142857143,0.9983928571428572,0.9910714285714286,1.0,1.0,0.5,0.7232142857142857,0.9910714285714286,1.0,0.5,0.7142857142857143,0.5178571428571428,1.0,0.8035714285714286,0.4821428571428572,0.0,0.88,0.8,0.88,0.6804123711340206,0.62
Evolution AB,0.019474770181690824,0.0249791666666666,0.4715372817844965,8.901314086247009,0.7678571428571428,0.6366071428571428,0.186,0.1542857142857142,0.2857142857142857,0.4821428571428572,0.9994642857142858,0.9732142857142856,0.6339285714285714,0.8035714285714286,0.5357142857142857,0.5178571428571428,0.2410714285714286,1.0,0.7321428571428572,0.9464285714285714,0.25,0.7946428571428572,0.7321428571428572,0.75,0.0,0.5,0.99,0.58,0.1134020618556701,0.87
Taiwan Semiconductor Manufacturing Company Limited (TSMC),0.019287202489839138,0.0129791666666666,0.3053791547877372,7.18508595920689,0.4642857142857143,0.6671428571428573,0.1558928571428571,0.1748928571428571,0.2946428571428572,0.5,0.9987142857142858,0.9821428571428572,1.0,1.0,0.5892857142857143,0.75,0.9910714285714286,0.9910714285714286,0.2410714285714286,0.7857142857142856,0.4464285714285714,0.9910714285714286,0.9732142857142856,0.4732142857142857,0.0,0.89,0.72,0.84,0.3402061855670103,0.88
Meituan,0.019070837646013243,0.0117104166666666,0.2850181281509636,6.937014769586548,0.7053571428571428,0.5405357142857143,0.1117142857142857,0.1298571428571428,0.4732142857142857,0.5,0.9880357142857144,0.7321428571428572,0.8035714285714286,0.9464285714285714,0.6071428571428571,0.5357142857142857,0.2678571428571428,0.7946428571428572,0.7589285714285714,0.7321428571428572,0.25,0.7678571428571428,0.5446428571428572,0.7410714285714286,0.0,0.38,0.91,0.51,0.7319587628865979,0.39
MERCADOLIBRE INC,0.018839354460795914,0.0671,1.3269559486019806,26.24161087228289,0.2946428571428572,0.7485714285714287,0.1687142857142857,0.2369642857142856,0.1964285714285714,0.5178571428571428,0.9862142857142858,0.9910714285714286,0.9464285714285714,1.0,0.6964285714285714,0.75,0.6607142857142857,1.0,0.3928571428571428,0.9910714285714286,0.5267857142857143,0.9821428571428572,0.7410714285714286,0.7589285714285714,0.0,0.94,0.56,0.92,0.5567010309278351,0.98
ARISTA NETWORKS INC,0.018574226510992557,0.0312125,0.7895821741959879,19.974049172865463,0.3035714285714286,0.715,0.1325,0.1564642857142857,0.9910714285714286,0.75,0.999,0.75,0.9821428571428572,0.9821428571428572,0.3214285714285714,0.7410714285714286,0.3035714285714286,1.0,0.5,1.0,0.5446428571428572,1.0,0.7857142857142856,0.7589285714285714,0.0,0.98,0.6,0.79,0.9226804123711341,0.67
NVIDIA CORP,0.018496318052673058,0.0704791666666666,1.5726031441359254,35.08952738676249,0.2142857142857143,0.7544642857142857,0.1909642857142857,0.33125,0.0535714285714286,0.5,0.9988928571428572,0.9910714285714286,1.0,1.0,0.6071428571428571,0.8035714285714286,0.9910714285714286,1.0,0.2410714285714286,1.0,0.2589285714285714,1.0,0.7589285714285714,0.9910714285714286,0.0,0.915,0.245,0.99,0.08247422680412371,1.0
KLA Corporation,0.018452817790325107,0.0031458333333333,0.0798494727441738,2.0267883329873015,0.375,0.6691071428571428,0.0858928571428571,0.1163214285714285,0.2946428571428572,0.6339285714285714,0.9944642857142858,0.8035714285714286,0.7678571428571428,1.0,0.4285714285714286,0.7589285714285714,0.875,0.875,0.2946428571428572,0.9910714285714286,0.7232142857142857,1.0,0.7946428571428572,0.5535714285714286,0.0,1.0,0.69,0.63,0.8556701030927835,0.27
MediaTek Inc.,0.018201843172965047,-0.0044833333333333,-0.1410473526022757,-4.437402753035845,0.7053571428571428,0.5203571428571429,0.1482142857142857,0.1363571428571428,0.4910714285714286,0.5267857142857143,0.9938214285714286,0.75,0.7767857142857144,0.7767857142857144,0.6428571428571429,0.7589285714285714,0.9732142857142856,0.9910714285714286,0.5267857142857143,0.9910714285714286,0.2678571428571428,0.8035714285714286,0.7767857142857144,0.7142857142857143,0.0,0.9,0.9,0.47,0.8969072164948454,0.61
FORTINET INC,0.017927913371052377,0.0240625,0.5880681534934562,14.371912858314936,0.3125,0.6295357142857143,0.0892142857142857,0.1701785714285714,0.7589285714285714,0.5625,0.9985357142857143,0.7589285714285714,0.7589285714285714,1.0,0.3392857142857143,0.5178571428571428,0.75,1.0,0.5,1.0,0.5178571428571428,0.9910714285714286,0.7321428571428572,0.7857142857142856,0.0,0.96,0.62,0.72,0.8865979381443299,0.5
NETEASE INC,0.01759921599681695,0.0019583333333333,0.0543313290797934,1.5073497802094329,0.7232142857142857,0.4314285714285714,0.1261071428571428,0.1271428571428571,0.5,0.7232142857142857,0.994,0.75,0.625,0.8035714285714286,0.3571428571428571,0.75,0.75,0.7232142857142857,0.2678571428571428,1.0,0.2321428571428571,0.9553571428571428,0.7589285714285714,0.7410714285714286,0.0,0.84,0.88,0.31,0.979381443298969,0.43
TRADE DESK INC,0.017515896969642335,0.040625,0.7692814654120642,14.567236259114656,0.3303571428571428,0.6115,0.16,0.2123214285714286,0.2678571428571428,0.5,0.9923571428571429,0.8035714285714286,0.8035714285714286,1.0,0.5,0.7410714285714286,0.25,0.9642857142857144,0.7232142857142857,0.3392857142857143,0.2767857142857143,0.875,0.7410714285714286,0.9642857142857144,0.0,0.42,0.7,0.87,0.5154639175257731,0.93
Nu Holdings,0.017473620156886603,0.03984375,0.7714670529586455,14.937384503233194,0.5446428571428572,0.6008928571428571,0.1940357142857143,0.3193571428571428,0.2678571428571428,0.5,0.9673214285714286,0.7589285714285714,0.7678571428571428,0.8035714285714286,0.5714285714285714,0.7410714285714286,0.2857142857142857,1.0,0.4821428571428572,0.7589285714285714,0.4910714285714286,0.7589285714285714,0.5178571428571428,0.9464285714285714,0.0,0.68,0.81,0.65,0.7731958762886598,0.99
META PLATFORMS INC,0.01725437707951197,-0.0011895833333333,-0.037586558395892,-1.1876001726496384,0.3839285714285714,0.6298214285714286,0.12125,0.1293214285714285,0.2946428571428572,0.5178571428571428,0.9981785714285715,0.75,0.875,0.9821428571428572,0.3214285714285714,0.7321428571428572,0.125,0.7321428571428572,0.25,0.2946428571428572,0.0089285714285713,1.0,0.7142857142857143,0.7857142857142856,0.0,0.14,0.68,0.67,0.5670103092783505,0.51
"Synopsys, Inc.",0.017204625709780524,0.0211458333333333,0.5483763374617208,14.221080945242056,0.2589285714285714,0.5939285714285714,0.1306428571428571,0.1532142857142857,0.25,0.5357142857142857,0.9937142857142858,0.9732142857142856,1.0,1.0,0.5178571428571429,0.7232142857142857,0.6875,0.9464285714285714,0.5267857142857143,0.75,0.2857142857142857,0.9821428571428572,0.6875,0.9910714285714286,0.0,0.71,0.45,0.98,0.7010309278350515,0.58
AMAZON.COM INC,0.01713089093167906,0.0045625,0.1333643089995477,3.89830989916205,0.3303571428571428,0.5782142857142857,0.1333928571428571,0.1782857142857143,0.2589285714285714,0.5446428571428572,0.999,0.9642857142857144,1.0,0.9821428571428572,0.4642857142857143,0.7410714285714286,0.25,1.0,0.3125,0.8035714285714286,0.0089285714285713,1.0,0.6875,0.9553571428571428,0.0,0.32,0.66,0.96,0.44329896907216493,0.69
Lululemon Athletica Inc.,0.01710294919622258,-0.0013479166666666,-0.0327163829825469,-0.7940859712845888,0.7410714285714286,0.4507142857142857,0.0973571428571428,0.1168928571428571,0.375,0.5089285714285714,0.9955714285714286,0.75,0.4732142857142857,0.75,0.3571428571428571,0.4732142857142857,0.25,0.7410714285714286,0.7767857142857144,0.75,0.25,1.0,0.75,0.6964285714285714,0.0,0.52,0.97,0.185,0.6494845360824743,0.22
APPLIED MATERIALS INC,0.016956317957385326,-0.0037291666666666,-0.1146561718152232,-3.525194476510925,0.4732142857142857,0.4332142857142857,0.1004642857142857,0.0977857142857142,0.3035714285714286,0.5178571428571428,0.9929285714285715,0.7767857142857144,0.9910714285714286,0.9821428571428572,0.5178571428571429,0.75,0.7410714285714286,1.0,0.5089285714285714,0.2857142857142857,0.2232142857142857,1.0,0.7589285714285714,0.5535714285714286,0.0,0.49,0.77,0.77,0.7835051546391752,0.16
KUAISHOU TECHNOLOGY,0.01677120201723603,-0.0027604166666666,-0.0987425341113296,-3.5321073664218954,0.7321428571428572,0.3808928571428571,0.1176428571428571,0.1427142857142856,0.4553571428571428,0.5267857142857143,0.9846428571428572,0.5,0.7142857142857143,0.7946428571428572,0.5892857142857143,0.7410714285714286,0.6607142857142857,0.7589285714285714,0.2767857142857143,0.7142857142857143,0.25,0.75,0.4910714285714286,0.7053571428571428,0.0,0.41,0.89,0.2,0.9690721649484536,0.4
"Cadence Design Systems, Inc.",0.01600115936801355,0.0193333333333333,0.3584739852224148,6.646737831788279,0.2321428571428571,0.3866071428571428,0.1099642857142857,0.1366428571428571,0.7767857142857144,0.6339285714285714,0.99775,0.9464285714285714,1.0,1.0,0.6428571428571429,0.7410714285714286,0.7589285714285714,0.9821428571428572,0.5178571428571428,0.9821428571428572,0.625,1.0,0.7232142857142857,0.9553571428571428,0.0,0.95,0.38,0.97,0.9484536082474226,0.32
"ServiceNow, Inc.",0.01569067004119416,0.0350208333333333,0.7657511316391711,16.74359916069019,0.2321428571428571,0.4185714285714286,0.1432142857142857,0.1939999999999999,0.4553571428571428,0.5089285714285714,0.9985714285714286,0.7946428571428572,0.8035714285714286,1.0,0.5892857142857143,0.7410714285714286,0.2857142857142857,1.0,0.4732142857142857,0.6696428571428572,0.4642857142857143,1.0,0.6964285714285714,0.9821428571428572,0.0,0.6,0.35,0.95,0.5154639175257731,0.75
ADYEN NV,0.015680474256701864,0.0165791666666666,0.3722804788734117,8.35945242222971,0.2767857142857143,0.36875,0.1525714285714285,0.2141071428571428,0.2857142857142857,0.5178571428571428,0.99825,0.7946428571428572,0.7857142857142856,1.0,0.5357142857142857,0.6785714285714286,0.4107142857142857,1.0,0.5357142857142857,0.9821428571428572,0.4910714285714286,0.7678571428571428,0.9553571428571428,0.9910714285714286,0.0,0.915,0.51,0.9,0.5360824742268041,0.78
ACM Research Inc.,0.01563650772021224,0.0512291666666666,0.5820213242138566,6.612421085117222,0.7410714285714286,0.2603571428571428,0.1456428571428571,0.1503571428571428,0.1964285714285714,0.5089285714285714,0.9461785714285715,0.7410714285714286,0.6071428571428572,0.7946428571428572,0.7321428571428571,0.7232142857142857,0.25,0.9642857142857144,0.4642857142857143,0.75,0.2678571428571428,0.5178571428571428,0.5089285714285714,0.3035714285714286,0.0,0.37,0.93,0.24,0.6907216494845361,0.37
"DexCom, Inc.",0.0155750284439819,0.0204166666666666,0.3909465834620159,7.486003156928472,0.2678571428571428,0.4339285714285714,0.1551785714285714,0.2081071428571428,0.7142857142857143,0.5178571428571428,0.9850714285714286,0.7767857142857144,0.7232142857142857,0.9821428571428572,0.3214285714285714,0.75,0.7321428571428572,0.9464285714285714,0.4910714285714286,0.25,0.2589285714285714,1.0,0.7321428571428572,0.7142857142857143,0.0,0.53,0.46,0.48,0.9896907216494846,0.83
APPLOVIN CORP,0.015478932587770586,0.022875,0.6048356183251518,15.9923989156183,0.4553571428571428,0.3616071428571428,0.18,0.2370714285714286,0.0,0.4821428571428572,0.9685714285714286,0.7232142857142857,0.7857142857142856,1.0,0.3392857142857143,0.75,0.0178571428571428,0.2857142857142857,0.625,0.2410714285714286,0.0,0.7946428571428572,0.3303571428571428,0.7857142857142856,0.0,0.02,0.74,0.62,0.18556701030927836,0.86
Constellation Software Inc.,0.015307065703191774,0.0494791666666666,0.8529758514044541,14.704528230652365,0.2232142857142857,0.3710714285714286,0.1331785714285714,0.1763928571428571,0.5357142857142857,0.5178571428571428,0.9898214285714286,0.9553571428571428,0.4910714285714286,1.0,0.7142857142857143,0.75,0.3214285714285714,1.0,0.4553571428571428,1.0,0.4464285714285714,0.8035714285714286,0.7321428571428572,0.9553571428571428,0.0,0.85,0.32,0.68,0.9381443298969072,0.6
Li Auto Inc.,0.015124401303242885,0.0265229166666666,0.8562162312245858,27.640483278137467,0.6875,0.3471428571428571,0.1513928571428571,0.2345714285714285,0.2410714285714286,0.4910714285714286,0.9313571428571429,0.7053571428571428,0.5178571428571428,0.7232142857142857,0.4464285714285714,0.5446428571428572,0.3214285714285714,0.7857142857142856,0.5267857142857143,0.3392857142857143,0.5,0.75,0.5535714285714286,0.2589285714285714,0.0,0.61,0.86,0.065,0.6597938144329897,0.72
Vertex Pharmaceuticals Inc.,0.014994830807725975,0.0002958333333333,0.0083530611790219,0.2358545275283937,0.2946428571428572,0.3183928571428571,0.1245,0.1532142857142857,0.4821428571428572,0.5,0.9953928571428572,0.9732142857142856,0.7142857142857143,0.9642857142857144,0.7321428571428571,0.7232142857142857,0.3571428571428572,1.0,0.7232142857142857,0.7946428571428572,0.2857142857142857,1.0,0.7678571428571428,0.5,0.0,0.81,0.59,0.55,0.5824742268041238,0.3
"Intuitive Surgical, Inc.",0.014993483014332839,0.009375,0.1919875636608309,3.931650624044973,0.25,0.2703571428571428,0.0978214285714285,0.1386785714285714,0.9732142857142856,0.5446428571428572,0.99875,0.7678571428571428,0.7857142857142856,1.0,0.3035714285714286,0.7410714285714286,0.7321428571428572,1.0,0.6071428571428572,0.9732142857142856,0.4732142857142857,1.0,0.9464285714285714,0.7142857142857143,0.0,0.93,0.44,0.71,0.8402061855670103,0.09
MICROSOFT CORP,0.014944403124622453,-0.001875,-0.0391643971314359,-0.8180533347567076,0.2678571428571428,0.2302499999999999,0.1160714285714285,0.1489285714285714,0.6964285714285714,0.8928571428571428,0.9990714285714286,1.0,1.0,1.0,0.6071428571428571,0.7410714285714286,0.7053571428571428,1.0,0.25,0.9821428571428572,0.2321428571428571,1.0,0.8660714285714286,0.9910714285714286,0.0,0.79,0.43,1.0,0.8144329896907216,0.1
WORKDAY INC,0.014934873264468816,-0.0042291666666666,-0.1584509786395609,-5.936562592749066,0.2142857142857143,0.3614285714285714,0.1383928571428571,0.1734642857142857,0.5089285714285714,0.5357142857142857,0.9961071428571429,0.7678571428571428,0.7767857142857144,1.0,0.6428571428571429,0.7410714285714286,0.3035714285714286,1.0,0.7053571428571428,1.0,0.2767857142857143,0.9821428571428572,0.4732142857142857,0.7589285714285714,0.0,0.69,0.3,0.76,0.8402061855670103,0.56
BROADCOM INC,0.014914946945399106,0.0091604166666666,0.1630539884306662,2.902335571687732,0.2053571428571428,0.3867857142857143,0.1497142857142857,0.2497857142857142,0.2589285714285714,0.5357142857142857,0.9881785714285715,0.7678571428571428,1.0,1.0,0.4642857142857143,0.7589285714285714,0.25,0.9821428571428572,0.2857142857142857,0.9464285714285714,0.25,1.0,0.7232142857142857,0.75,0.0,0.57,0.21,0.86,0.8041237113402062,0.82
"Airbnb, Inc.",0.014651870025373421,-0.0026375,-0.0861326169334611,-2.8128256681730237,0.4553571428571428,0.3508928571428572,0.1133928571428571,0.1313214285714285,0.2678571428571428,0.5,0.9847857142857143,0.7410714285714286,0.7410714285714286,0.8035714285714286,0.4285714285714286,0.5089285714285714,0.25,0.75,0.5089285714285714,0.9732142857142856,0.0535714285714286,0.9821428571428572,0.6071428571428572,0.9464285714285714,0.0,0.36,0.71,0.44,0.6237113402061856,0.21
Shopify Inc.,0.014643835503687024,0.0118979166666666,0.3579110520883907,10.766617786616878,0.2053571428571428,0.3791785714285714,0.1464285714285714,0.204,0.1339285714285714,0.5178571428571428,0.9937142857142858,0.75,0.7767857142857144,0.9910714285714286,0.375,0.7232142857142857,0.2321428571428571,1.0,0.4821428571428572,0.6964285714285714,0.2410714285714286,0.9910714285714286,0.5089285714285714,0.9553571428571428,0.0,0.21,0.2,0.74,0.38144329896907214,0.74
MASTERCARD INC,0.01455375509341623,0.00063125,0.0140424244223548,0.3123796968832463,0.2053571428571428,0.2473214285714285,0.1260357142857142,0.1433928571428571,0.7589285714285714,0.6696428571428572,0.9988571428571429,0.9732142857142856,0.7678571428571428,1.0,0.4464285714285714,0.7232142857142857,0.7053571428571428,0.7678571428571428,0.4910714285714286,0.9464285714285714,0.5178571428571428,1.0,1.0,1.0,0.0,0.97,0.22,0.82,0.8762886597938144,0.14
ZSCALER INC,0.014410634792933202,0.058875,1.0147798770005112,17.490924819790617,0.2142857142857143,0.3473214285714286,0.1483928571428571,0.2613571428571428,0.25,0.5,0.97925,0.75,0.9821428571428572,0.9642857142857144,0.7321428571428571,0.7767857142857144,0.2767857142857143,1.0,0.2857142857142857,0.5,0.5178571428571428,0.7857142857142856,0.4732142857142857,0.7678571428571428,0.0,0.46,0.245,0.78,0.6391752577319587,0.77
MARVELL TECHNOLOGY INC,0.014359627440149101,0.0154604166666666,0.4103800671937614,10.893095780080712,0.2232142857142857,0.3630357142857143,0.1839285714285714,0.3763571428571428,0.0089285714285713,0.5267857142857143,0.9389285714285716,0.75,0.9642857142857144,0.9642857142857144,0.4285714285714286,0.75,0.7589285714285714,0.9910714285714286,0.6964285714285714,0.2678571428571428,0.5357142857142857,0.9464285714285714,0.5892857142857143,0.75,0.0,0.72,0.34,0.69,0.7628865979381443,0.96
"Paycom Software, Inc.",0.014253804869175385,0.0217083333333333,0.4444494849677825,9.09951683784079,0.2946428571428572,0.4282142857142857,0.1030357142857142,0.1280714285714285,0.2767857142857143,0.5,0.9984642857142858,0.7857142857142856,0.7410714285714286,0.7678571428571428,0.6071428571428571,0.5089285714285714,0.25,0.875,0.6964285714285714,0.9821428571428572,0.2589285714285714,0.9910714285714286,0.7232142857142857,0.7946428571428572,0.0,0.66,0.575,0.525,0.30927835051546393,0.29
PALO ALTO NETWORKS INC,0.01415439247238306,0.0223125,0.5467274596183913,13.396567623564351,0.1964285714285714,0.25275,0.1397499999999999,0.1788928571428571,0.625,0.5089285714285714,0.9901071428571429,0.7678571428571428,0.9821428571428572,0.9910714285714286,0.6785714285714286,0.75,0.3392857142857143,1.0,0.4642857142857143,0.875,0.4821428571428572,0.9821428571428572,0.5446428571428572,0.75,0.0,0.74,0.17,0.83,0.865979381443299,0.47
Atlassian Corporation Plc,0.013881916897831395,0.01978125,0.4192515194881946,8.885780048943321,0.2142857142857143,0.30625,0.1213571428571428,0.1889285714285714,0.25,0.5089285714285714,0.9289285714285715,0.7678571428571428,0.7589285714285714,0.9821428571428572,0.5178571428571429,0.7321428571428572,0.2767857142857143,0.9910714285714286,0.7053571428571428,0.6517857142857143,0.4910714285714286,0.9464285714285714,0.4732142857142857,0.9821428571428572,0.0,0.43,0.29,0.7,0.9072164948453608,0.41
GITLAB INC,0.013797377863752486,0.0321666666666666,0.7183266649091564,16.04123930112471,0.25,0.2891071428571428,0.1394642857142857,0.1639285714285714,0.2410714285714286,0.4732142857142857,0.9783928571428572,0.7410714285714286,0.7767857142857144,0.9553571428571428,0.6071428571428571,0.5535714285714286,0.2142857142857143,0.9642857142857144,0.75,0.2410714285714286,0.4642857142857143,0.7321428571428572,0.3035714285714286,0.7767857142857144,0.0,0.17,0.42,0.59,0.35051546391752575,0.45
Sea Limited,0.013725728831120642,0.0086249999999999,0.2445075551966141,6.9314718316783,0.2767857142857143,0.4328571428571428,0.145,0.2190714285714285,0.2142857142857143,0.4821428571428572,0.9626785714285715,0.625,0.7142857142857143,0.7946428571428572,0.7321428571428571,0.7410714285714286,0.25,0.7946428571428572,0.5089285714285714,0.875,0.2767857142857143,0.75,0.4375,0.5535714285714286,0.0,0.4,0.49,0.23,0.3917525773195876,0.8
ADVANCED MICRO DEVICES INC,0.01369944228459409,0.0298812499999999,0.9000903565772352,27.112742940918956,0.2142857142857143,0.4053571428571428,0.1608928571428571,0.2564285714285714,0.125,0.6875,0.9955714285714286,0.75,0.9732142857142856,0.7589285714285714,0.2857142857142857,0.7410714285714286,0.7946428571428572,0.9642857142857144,0.2767857142857143,1.0,0.4732142857142857,1.0,0.5357142857142857,0.7053571428571428,0.0,0.86,0.23,0.56,0.4845360824742268,0.94
INTUIT INC,0.013454051352097506,-0.0028749999999999,-0.0614866088819567,-1.3149923728009452,0.2410714285714286,0.3826785714285713,0.1311071428571428,0.1568571428571428,0.5178571428571428,0.7142857142857143,0.9967142857142858,0.9553571428571428,0.7678571428571428,0.7589285714285714,0.5535714285714286,0.7589285714285714,0.7857142857142856,0.2053571428571428,0.25,0.75,0.25,1.0,0.7410714285714286,0.9553571428571428,0.0,0.73,0.39,0.6,0.9226804123711341,0.54
"MongoDB, Inc.",0.013001683111902454,0.048875,0.9764482875429328,19.507954132900792,0.2857142857142857,0.2716071428571428,0.1389285714285714,0.1643928571428571,0.2232142857142857,0.5178571428571428,0.9871785714285715,0.75,0.7767857142857144,0.7678571428571428,0.5178571428571429,0.7410714285714286,0.25,0.75,0.7321428571428572,0.7142857142857143,0.5357142857142857,0.9464285714285714,0.5089285714285714,0.75,0.0,0.59,0.54,0.45,0.6082474226804123,0.42
Celsius Holdings Inc.,0.01288939871380408,-0.005,-0.0647948903716394,-0.8396755636545538,0.2053571428571428,0.3578571428571429,0.1518571428571428,0.2860357142857143,0.25,0.375,0.9767857142857143,0.7053571428571428,0.0089285714285713,0.9553571428571428,0.4821428571428571,0.0892857142857143,0.2053571428571428,0.7232142857142857,0.2678571428571428,0.2053571428571428,0.2321428571428571,0.6875,0.4821428571428572,0.4732142857142857,0.0,0.07,0.15,0.11,0.32989690721649484,0.81
NUTANIX INC A,0.012811890547679745,-0.0013958333333333,-0.0353781663413409,-0.8966791548720662,0.2232142857142857,0.3366071428571428,0.1367857142857143,0.2565714285714285,0.2678571428571428,0.5178571428571428,0.9448214285714286,0.7053571428571428,0.75,0.8035714285714286,0.6428571428571429,0.75,0.25,1.0,0.4732142857142857,0.875,0.4821428571428572,0.7589285714285714,0.5267857142857143,0.7410714285714286,0.0,0.635,0.31,0.41,0.9587628865979382,0.65
iShares Semiconductor ETF ,0.012728316225766914,0.0045958333333333,0.1186156966860323,3.0613998550091357,0.375,0.2436428571428571,0.0941785714285714,0.12125,0.0,0.4821428571428572,0.9943214285714286,0.7321428571428572,0.875,0.7053571428571428,0.4821428571428571,0.6964285714285714,0.5803571428571428,1.0,0.25,0.7142857142857143,0.6964285714285714,0.9821428571428572,0.625,0.2857142857142857,0.0,0.77,0.65,0.385,0.061855670103092786,0.03
Toast Inc.,0.012721480307702603,-0.0043541666666666,-0.1024454119016313,-2.410349263853374,0.2142857142857143,0.3344642857142857,0.1492857142857143,0.2442499999999999,0.25,0.5,0.9796428571428571,0.7678571428571428,0.7589285714285714,0.8035714285714286,0.5535714285714286,0.7410714285714286,0.2857142857142857,0.9642857142857144,0.5089285714285714,0.7321428571428572,0.2857142857142857,0.7321428571428572,0.2678571428571428,0.7053571428571428,0.0,0.34,0.26,0.46,0.5979381443298969,0.71
BLOCK INC,0.012543521132309532,0.0098125,0.3531240210591774,12.707931133656295,0.4821428571428572,0.175,0.0951785714285714,0.1261071428571428,0.0178571428571428,0.4553571428571428,0.9736785714285715,0.7410714285714286,0.5,0.75,0.3571428571428571,0.4910714285714286,0.0178571428571428,0.9910714285714286,0.7678571428571428,0.0089285714285713,0.2857142857142857,0.75,0.375,0.7321428571428572,0.0,0.09,0.79,0.26,0.2268041237113402,0.02
OKTA INC,0.012265814382834804,0.0116729166666666,0.2735474983572744,6.410414465752466,0.1964285714285714,0.3008928571428571,0.1035714285714285,0.1667857142857143,0.2946428571428572,0.5,0.9842857142857143,0.7142857142857143,0.7410714285714286,0.7857142857142856,0.5535714285714286,0.6964285714285714,0.3214285714285714,0.7053571428571428,0.7410714285714286,0.7053571428571428,0.25,0.7857142857142856,0.2589285714285714,0.7410714285714286,0.0,0.27,0.19,0.285,0.711340206185567,0.2
Axsome Therapeutics Inc.,0.012182355608723846,0.0305020833333333,0.3658399791993998,4.387860623092432,0.3125,0.3558928571428572,0.176,0.5296071428571429,0.0,0.4464285714285714,0.8539285714285715,0.7142857142857143,0.2410714285714286,0.75,0.5535714285714286,0.7678571428571428,0.1964285714285714,0.9642857142857144,0.5446428571428572,0.6607142857142857,0.4553571428571428,0.7589285714285714,0.4107142857142857,0.4464285714285714,0.0,0.26,0.64,0.09,0.23711340206185566,0.95
"Bill.com Holdings, Inc.",0.01203412061970676,0.0107708333333333,0.2805792104470929,7.309062437302657,0.2946428571428572,0.2925,0.1328214285714285,0.1600714285714285,0.2321428571428571,0.4553571428571428,0.8906428571428572,0.75,0.7232142857142857,0.75,0.4821428571428571,0.5267857142857143,0.2767857142857143,0.9553571428571428,0.7410714285714286,0.7321428571428572,0.4464285714285714,0.7589285714285714,0.2946428571428572,0.7589285714285714,0.0,0.35,0.575,0.4,0.4690721649484536,0.38
Monday.com Ltd.,0.011964796768481504,0.0345208333333333,0.7911565161302886,18.13190970714541,0.0357142857142857,0.3114285714285714,0.1455357142857143,0.2255714285714285,0.4910714285714286,0.5267857142857143,0.9970357142857142,0.7410714285714286,0.75,0.7946428571428572,0.5357142857142857,0.7410714285714286,0.75,0.9910714285714286,0.4553571428571428,1.0,0.4821428571428572,0.7678571428571428,0.3839285714285714,0.75,0.0,0.82,0.11,0.42,0.7525773195876289,0.63
ON SEMICONDUCTOR CORP,0.011777757705709458,0.00119375,0.0246775098018055,0.5101398869262471,0.2767857142857143,0.1966071428571428,0.1025714285714285,0.1226428571428571,0.25,0.4732142857142857,0.9746428571428571,0.75,0.7857142857142856,0.7410714285714286,0.5178571428571429,0.5357142857142857,0.3392857142857143,0.7946428571428572,0.5446428571428572,0.4910714285714286,0.6964285714285714,0.9821428571428572,0.7589285714285714,0.4910714285714286,0.0,0.8,0.52,0.35,0.4020618556701031,0.05
PURE STORAGE INC,0.01172733577879784,0.0003229166666666,0.0089892427962861,0.2502394406727711,0.125,0.2433928571428571,0.1293571428571428,0.1691071428571428,0.2678571428571428,0.5,0.9828571428571429,0.7410714285714286,0.7946428571428572,0.7767857142857144,0.6607142857142857,0.75,0.25,1.0,0.5446428571428572,0.7589285714285714,0.7321428571428572,0.9642857142857144,0.7410714285714286,0.7232142857142857,0.0,0.78,0.16,0.54,0.6701030927835051,0.25
"Confluent, Inc.",0.011647404419759358,0.03940625,0.9185284412649624,21.410169640923492,0.2142857142857143,0.2628571428571428,0.11625,0.1784285714285714,0.0,0.4910714285714286,0.9375,0.75,0.7857142857142856,0.7321428571428572,0.5357142857142857,0.5267857142857143,0.6785714285714286,1.0,0.6339285714285714,0.6785714285714286,0.5267857142857143,0.7410714285714286,0.2589285714285714,0.7321428571428572,0.0,0.51,0.27,0.49,0.31958762886597936,0.31
Magnite Inc.,0.011602068691197096,-0.0053541666666666,-0.1508429525362432,-4.249698925419701,0.2857142857142857,0.2544642857142857,0.1021428571428571,0.1889642857142857,0.0178571428571428,0.3035714285714286,0.84375,0.5,0.5,0.875,0.5892857142857143,0.5446428571428572,0.4285714285714286,0.9910714285714286,0.2410714285714286,0.75,0.3035714285714286,0.5535714285714286,0.2946428571428572,0.5446428571428572,0.0,0.47,0.48,0.21,0.29896907216494845,0.18
UIPATH INC - CLASS A,0.01153185087815949,0.0048145833333333,0.115189359107257,2.7559162512935957,0.2767857142857143,0.2091071428571428,0.1158571428571428,0.1540357142857142,0.2410714285714286,0.5,0.9798214285714286,0.7321428571428572,0.7678571428571428,0.7767857142857144,0.4821428571428571,0.4910714285714286,0.2321428571428571,0.3125,0.5535714285714286,0.0535714285714286,0.25,0.75,0.4553571428571428,0.75,0.0,0.12,0.5,0.34,0.5463917525773195,0.12
Global X Robotics & Artificial Intelligence ETF,0.011288829360091146,0.0084375,0.364241170440974,15.72404506598052,0.2767857142857143,0.20125,0.1075714285714285,0.1629285714285714,0.0,0.4910714285714286,0.9977857142857143,0.4910714285714286,0.7321428571428572,0.6785714285714286,0.4285714285714286,0.7053571428571428,0.25,1.0,0.5089285714285714,0.3125,0.3035714285714286,0.75,0.7142857142857143,0.8035714285714286,0.0,0.39,0.47,0.3,0.05154639175257732,0.11
CRISPR Therapeutics AG,0.011270429384718483,0.0258958333333333,0.5253223077154355,10.65667682639308,0.3125,0.15375,0.1397142857142857,0.2616785714285714,0.0089285714285713,0.4375,0.9299999999999999,0.75,0.6964285714285714,0.7410714285714286,0.6964285714285714,0.75,0.7142857142857143,0.7767857142857144,0.2946428571428572,0.25,0.7232142857142857,0.75,0.5089285714285714,0.2410714285714286,0.0,0.67,0.61,0.15,0.24742268041237114,0.52
Agilysys Inc.,0.011125375545265222,-0.0030395833333333,-0.0663402593819699,-1.4479056937191133,0.0446428571428571,0.3280357142857143,0.1117857142857143,0.1757857142857143,0.2053571428571428,0.5,0.9746428571428571,0.7321428571428572,0.6964285714285714,0.75,0.5,0.7410714285714286,0.7767857142857144,0.9553571428571428,0.2946428571428572,0.3392857142857143,0.5,0.7410714285714286,0.7142857142857143,0.7410714285714286,0.0,0.75,0.12,0.27,0.5154639175257731,0.34
ROBLOX CORP -CLASS A,0.009543159598415186,0.01108125,0.2096324606250504,3.965777195507125,0.1428571428571428,0.2410714285714285,0.1117857142857143,0.1791071428571428,0.0,0.4464285714285714,0.85875,0.75,0.75,0.7321428571428572,0.5357142857142857,0.7410714285714286,0.0357142857142857,0.75,0.2589285714285714,0.0357142857142857,0.2321428571428571,0.8035714285714286,0.2767857142857143,0.7589285714285714,0.0,0.04,0.14,0.36,0.21649484536082475,0.19
PDD Holdings,0.0,0.0342395833333333,0.7799508714468536,17.76666952831999,0.875,0.3791071428571428,0.1249285714285714,0.12175,0.6339285714285714,0.5,0.9843571428571429,0.7678571428571428,0.6875,0.3392857142857143,0.25,0.5357142857142857,0.2321428571428571,0.5178571428571428,0.7321428571428572,0.2232142857142857,0.0,0.7946428571428572,0.6875,0.9464285714285714,1.0,0.11,1.0,0.32,0.8247422680412371,0.33
Alibaba Group Holding Ltd.,0.0,-0.0301666666666666,-0.8511825189224502,-24.016961785165773,0.75,0.3942857142857143,0.1036071428571428,0.10375,0.2321428571428571,0.5,0.97125,0.4553571428571428,0.7589285714285714,0.6785714285714286,,0.7142857142857143,0.2410714285714286,0.7232142857142857,0.5535714285714286,0.6964285714285714,0.2410714285714286,0.7857142857142856,0.5178571428571428,0.7321428571428572,0.0,0.24,0.98,0.16,,0.17
"Baidu, Inc.",0.0,-0.0261166666666666,-0.7277178354286992,-20.27721434592334,0.7410714285714286,0.3223214285714286,0.0935357142857142,0.0957142857142857,0.2678571428571428,0.4910714285714286,0.9611785714285715,0.7142857142857143,0.7678571428571428,0.4732142857142857,,0.5535714285714286,0.25,0.75,0.7410714285714286,0.6964285714285714,0.0357142857142857,0.7857142857142856,0.6964285714285714,0.5089285714285714,1.0,0.28,0.96,0.17,,0.07
Immunovant Inc.,0.0,-0.0001874999999999,-0.0020504324449649,-0.0224227904606132,0.7142857142857143,0.175,0.1529285714285714,0.0283214285714285,0.0,0.25,0.7642857142857145,0.4553571428571428,0.2142857142857143,0.6607142857142857,0.4642857142857143,0.7053571428571428,0.2410714285714286,0.7678571428571428,0.7589285714285714,0.75,0.2589285714285714,0.5446428571428572,0.4107142857142857,0.125,1.0,0.29,0.92,0.03,0.14432989690721648,0.15
VanEck Solana ETN,0.0,0.0323354166666666,0.5133976447906624,8.151345145594203,0.6785714285714286,0.3701785714285714,0.1828214285714285,0.2425,0.0,0.2767857142857143,0.9979285714285715,0.5357142857142857,0.4910714285714286,0.7946428571428572,0.4107142857142857,0.7410714285714286,0.2142857142857143,0.6964285714285714,0.7589285714285714,0.3125,0.7142857142857143,0.4821428571428572,0.1696428571428571,0.7053571428571428,1.0,0.25,0.87,0.13,0.020618556701030927,0.91
StoneCo Ltd.,0.0,-0.0003749999999999,-0.0069779953156299,-0.1298464496665431,0.6071428571428572,0.1708928571428571,0.1306785714285714,0.1851785714285714,0.0357142857142857,0.4464285714285714,0.7530357142857143,0.6160714285714286,0.5178571428571428,0.6964285714285714,0.5178571428571429,0.7589285714285714,0.25,0.7053571428571428,0.5178571428571428,0.6875,0.25,0.5535714285714286,0.3035714285714286,0.6964285714285714,1.0,0.22,0.84,0.08,0.3711340206185567,0.28
TENCENT HOLDINGS LTD,0.0,-0.0186666666666666,-0.6865096222024973,-25.247971145175836,0.5714285714285714,0.3757142857142856,0.1170357142857143,0.1185,0.2410714285714286,0.5089285714285714,0.9949642857142857,0.75,0.875,0.9821428571428572,,0.7232142857142857,0.2678571428571428,0.9910714285714286,0.5089285714285714,0.7946428571428572,0.2321428571428571,0.9642857142857144,0.7410714285714286,0.875,0.0,0.545,0.83,0.75,,0.26
FPT Corporation,0.0,0.0230625,0.4900080594065903,10.411182581394582,0.5178571428571428,0.6257142857142857,0.1577142857142857,0.2091071428571428,0.7232142857142857,0.7232142857142857,0.9939285714285715,0.75,0.9642857142857144,0.75,0.6785714285714286,0.7589285714285714,0.7589285714285714,0.9910714285714286,0.5446428571428572,1.0,0.4910714285714286,0.7142857142857143,0.75,0.7321428571428572,0.0,0.99,0.82,0.61,1.0,0.92
Progyny Inc.,0.0,0.0262625,0.4603267068131165,8.068564569458692,0.5,0.2951785714285714,0.1216785714285714,0.1714285714285714,0.2321428571428571,0.5178571428571428,0.9945357142857143,0.7410714285714286,0.3482142857142857,0.9821428571428572,0.5178571428571429,0.625,0.0535714285714286,0.9464285714285714,0.5089285714285714,0.2767857142857143,0.2410714285714286,0.75,0.75,0.7678571428571428,0.0,0.23,0.78,0.385,0.422680412371134,0.35
Lam Research Corporation,0.0,0.0078125,0.1589925534561501,3.235664902976867,0.4821428571428572,0.6510714285714286,0.09675,0.1291071428571428,0.2410714285714286,0.5357142857142857,0.9946785714285715,0.7589285714285714,0.9910714285714286,1.0,0.5178571428571429,0.7410714285714286,0.7589285714285714,0.9910714285714286,0.2678571428571428,0.9910714285714286,0.4732142857142857,0.9910714285714286,0.7321428571428572,0.4732142857142857,0.0,0.87,0.75,0.73,0.6237113402061856,0.36
iShares Ethereum Trust ETF,0.0,0.0266666666666666,0.3628068497917933,4.936080384594181,0.4732142857142857,0.3705357142857143,0.1005714285714285,0.1378571428571428,0.0,0.2678571428571428,0.9888928571428572,0.7410714285714286,0.1696428571428571,0.9464285714285714,0.3214285714285714,0.6875,0.2589285714285714,0.9464285714285714,0.7410714285714286,1.0,0.5,0.6071428571428572,0.6875,0.7946428571428572,1.0,0.83,0.76,0.33,0.041237113402061855,0.23
iShares Bitcoin Trust ETF,0.0,-0.0011875,-0.0221278122215283,-0.4123284831252377,0.4642857142857143,0.4560714285714286,0.1326785714285714,0.0730357142857142,0.0,0.2232142857142857,0.9998214285714286,0.6696428571428572,0.0178571428571428,0.9821428571428572,0.5,0.7410714285714286,0.3303571428571428,0.9910714285714286,0.4642857142857143,0.8035714285714286,0.2321428571428571,0.875,0.7321428571428572,0.9642857142857144,1.0,0.62,0.73,0.37,0.010309278350515464,0.44
Arcellx Inc.,0.0,0.0198125,0.3811696406197754,7.333264097423784,0.3303571428571428,0.2407142857142857,0.1825,0.3957857142857143,0.0,0.2946428571428572,0.875,0.5357142857142857,0.2232142857142857,0.7321428571428572,0.4464285714285714,0.75,0.2410714285714286,0.9910714285714286,0.625,0.9464285714285714,0.2678571428571428,0.5178571428571428,0.5267857142857143,0.2142857142857143,0.0,0.44,0.67,0.05,0.12371134020618557,0.79
VanEck Crypto Leaders ETN,0.0,0.0038125,0.0594571786420997,0.9272540569386388,0.3125,0.2539285714285714,0.105,0.09875,0.0,0.2589285714285714,0.9963214285714286,0.2142857142857143,0.2142857142857143,0.75,0.4285714285714286,0.7053571428571428,0.25,0.8035714285714286,0.7232142857142857,1.0,0.2410714285714286,0.2857142857142857,0.1696428571428571,0.9732142857142856,1.0,0.31,0.63,0.22,0.030927835051546393,0.08
Next Generation Internet Innovation Index,0.0,0.0,,,0.2946428571428572,0.3397142857142857,0.1382857142857142,0.17625,0.0,0.4464285714285714,0.9783928571428572,0.5357142857142857,0.7589285714285714,0.9464285714285714,0.3214285714285714,0.7142857142857143,0.9553571428571428,0.9910714285714286,0.5178571428571428,0.6875,1.0,0.5267857142857143,0.4285714285714286,0.9642857142857144,0.0,0.76,0.55,0.5,0.09278350515463918,0.53
SUPER MICRO COMPUTER INC,0.0,0.0486979166666666,0.5962648982359182,7.300760550022638,0.2857142857142857,0.3473214285714286,0.1614999999999999,0.3179285714285714,0.0,0.4375,0.9723214285714286,0.7232142857142857,0.9732142857142856,0.25,0.5714285714285714,0.7053571428571428,0.0089285714285713,0.7053571428571428,0.3303571428571428,0.2589285714285714,0.0446428571428571,0.9553571428571428,0.5089285714285714,0.4642857142857143,1.0,0.05,0.53,0.285,0.10309278350515463,0.89
GENIUS SPORTS LTD,0.0,0.0015229166666666,0.0296024018334382,0.5754104695868786,0.25,0.2473214285714285,0.1505357142857143,0.3232857142857143,0.2053571428571428,0.4910714285714286,0.94,0.7142857142857143,0.7857142857142856,0.9553571428571428,0.5714285714285714,0.7232142857142857,0.2857142857142857,0.8035714285714286,0.5089285714285714,0.7946428571428572,0.25,0.4910714285714286,0.2767857142857143,0.7142857142857143,0.0,0.33,0.41,0.43,0.4948453608247423,0.68
"Marathon Digital Holdings, Inc.",0.0,0.0146791666666666,0.1903184233020359,2.467517609867018,0.2410714285714286,0.1717857142857143,0.0378571428571428,0.08925,0.0,0.2678571428571428,0.7796428571428572,0.2767857142857143,0.0267857142857143,0.6785714285714286,0.2857142857142857,0.7053571428571428,0.0089285714285713,0.3035714285714286,0.7321428571428572,0.0267857142857143,0.1964285714285714,0.7321428571428572,0.2678571428571428,0.2589285714285714,1.0,0.01,0.4,0.01,0.15463917525773196,0.01
UNITY SOFTWARE INC,0.0,0.0001291666666666,0.0019544356050823,0.0295727886535257,0.2410714285714286,0.1441785714285714,0.0964285714285714,0.1423928571428571,0.0,0.375,0.8283928571428572,0.7321428571428572,0.6160714285714286,0.3482142857142857,0.5,0.6160714285714286,0.25,0.4910714285714286,0.4821428571428572,0.3392857142857143,0.5267857142857143,0.75,0.2589285714285714,0.7142857142857143,1.0,0.3,0.37,0.12,0.20103092783505155,0.04
Hims & Hers Health Inc,0.0,0.0184166666666666,0.4802061582359595,12.521155895442863,0.2321428571428571,0.2651785714285714,0.1297142857142857,0.3575357142857143,0.5267857142857143,0.2589285714285714,0.9842857142857143,0.4642857142857143,0.7142857142857143,0.7589285714285714,0.5892857142857143,0.2589285714285714,0.0357142857142857,0.7589285714285714,0.7410714285714286,0.9732142857142856,0.1964285714285714,0.625,0.2678571428571428,0.7321428571428572,1.0,0.15,0.36,0.185,0.4329896907216495,0.59
DRAFTKINGS INC,0.0,0.00781875,0.2053887394208425,5.395304144637279,0.2321428571428571,0.3510714285714286,0.1698214285714285,0.31575,0.0089285714285713,0.4553571428571428,0.8110714285714287,0.5982142857142857,0.7232142857142857,0.7053571428571428,0.5178571428571429,0.75,0.0535714285714286,0.8035714285714286,0.2767857142857143,0.875,0.0267857142857143,0.7767857142857144,0.2589285714285714,0.5178571428571428,1.0,0.1,0.33,0.14,0.36082474226804123,0.9
Insmed Incorporated,0.0,-0.0016041666666666,-0.0267001973694914,-0.4444055311603921,0.2142857142857143,0.2394642857142856,0.1453571428571428,0.3862857142857143,0.0,0.4464285714285714,0.6839285714285714,0.5535714285714286,0.2767857142857143,0.7232142857142857,0.5178571428571429,0.7678571428571428,0.6785714285714286,1.0,0.6071428571428572,0.7767857142857144,0.2678571428571428,0.6964285714285714,0.375,0.4553571428571428,1.0,0.545,0.28,0.1,0.28865979381443296,0.64
NIO Inc.,0.0,-0.0011041666666666,-0.0201940311672955,-0.3693273009379965,0.1964285714285714,0.0614285714285714,0.0766428571428571,0.1605714285714285,0.0,0.2321428571428571,0.3891071428571429,0.2946428571428572,0.3125,0.2857142857142857,0.3571428571428571,0.375,0.2946428571428572,0.7410714285714286,0.7767857142857144,0.2678571428571428,0.2589285714285714,0.7142857142857143,0.25,0.25,1.0,0.18,0.18,0.02,0.16494845360824742,0.06
RUBRIK INC-A,0.0,0.0249375,0.5626738568071229,12.695814301120908,0.0446428571428571,0.26625,0.1498214285714285,0.2514642857142857,0.0,0.4553571428571428,0.8410714285714286,0.75,0.9464285714285714,0.9464285714285714,0.5535714285714286,0.7321428571428572,0.25,0.9821428571428572,0.5089285714285714,0.9464285714285714,0.5178571428571428,0.6964285714285714,0.2857142857142857,0.75,1.0,0.56,0.13,0.66,0.26804123711340205,0.66
Enovix Corporation,0.0,0.0330833333333333,0.468513719936185,6.634915035821926,0.0357142857142857,0.0785714285714285,0.1867857142857143,0.5364285714285714,0.0,0.25,0.6421428571428571,0.5446428571428572,0.3125,0.6785714285714286,0.6785714285714286,0.625,0.25,1.0,0.3214285714285714,0.5803571428571428,0.2589285714285714,0.5089285714285714,0.2678571428571428,0.25,1.0,0.2,0.09,0.065,0.17525773195876287,0.76
CROWDSTRIKE HOLDINGS INC,0.0,0.0700979166666666,0.8770111875025713,10.972489049313216,0.0267857142857143,0.3475,0.1582142857142857,0.3121428571428571,0.2857142857142857,0.5,0.9794285714285715,0.8035714285714286,0.9910714285714286,0.9910714285714286,0.75,0.75,0.125,0.9464285714285714,0.2946428571428572,0.2857142857142857,0.25,0.9910714285714286,0.4732142857142857,0.9642857142857144,1.0,0.13,0.06,0.89,0.7216494845360825,0.84
DATADOG INC,0.0,0.0449583333333333,1.0083720503944569,22.61681242669259,0.0267857142857143,0.3620357142857143,0.1428571428571428,0.2398928571428571,0.4553571428571428,0.5089285714285714,0.9927142857142858,0.7678571428571428,0.9553571428571428,0.875,0.5357142857142857,0.7589285714285714,0.3125,1.0,0.2946428571428572,0.7767857142857144,0.4732142857142857,0.9821428571428572,0.5,0.8035714285714286,1.0,0.65,0.07,0.8,0.7422680412371134,0.73
SNOWFLAKE INC,0.0,0.03040625,0.5368742506440315,9.47943139994542,0.0267857142857143,0.1679999999999999,0.14875,0.1987857142857143,0.0,0.4732142857142857,0.8599285714285715,0.7410714285714286,0.875,0.7321428571428572,0.7142857142857143,0.75,0.2410714285714286,0.9553571428571428,0.3035714285714286,0.25,0.25,0.9553571428571428,0.2678571428571428,0.7678571428571428,1.0,0.08,0.05,0.525,0.25773195876288657,0.46
MICROSTRATEGY INC,0.0,0.0271041666666666,0.1861063810188813,1.277869394838864,0.0267857142857143,0.0669642857142857,0.1171071428571428,0.2236071428571428,0.0,0.2232142857142857,0.7448214285714285,0.2589285714285714,0.3928571428571428,0.25,0.3214285714285714,0.7410714285714286,0.2142857142857143,0.7589285714285714,0.5089285714285714,0.0803571428571428,0.2053571428571428,0.7410714285714286,0.2589285714285714,0.2767857142857143,1.0,0.03,0.08,0.04,0.13402061855670103,0.24
TESLA INC,0.0,0.0236249999999999,0.5253084868146304,11.68038121987203,0.0267857142857143,0.1841071428571428,0.0976428571428571,0.1919285714285714,0.2321428571428571,0.4464285714285714,0.975,0.7410714285714286,0.7857142857142856,0.5714285714285714,0.4464285714285714,0.4821428571428572,0.1964285714285714,0.6696428571428572,0.5357142857142857,0.2857142857142857,0.2410714285714286,1.0,0.3035714285714286,0.5,1.0,0.06,0.1,0.25,0.27835051546391754,0.13
CLOUDFLARE INC,0.0,0.0413645833333333,0.9286330829292012,20.84777201214226,0.0178571428571428,0.3575,0.1580357142857142,0.2625714285714285,0.2053571428571428,0.4910714285714286,0.9407142857142858,0.9642857142857144,0.875,0.9464285714285714,0.4464285714285714,0.7410714285714286,0.25,0.8035714285714286,0.2857142857142857,0.9910714285714286,0.5178571428571428,0.7857142857142856,0.4732142857142857,0.9642857142857144,1.0,0.7,0.03,0.81,0.4690721649484536,0.85
WiseTech Global Limited,0.0,0.0243749999999999,0.5183718059265444,11.023972479160904,0.0178571428571428,0.3435714285714286,0.1513928571428571,0.2239285714285714,0.2767857142857143,0.5,0.98925,0.9642857142857144,0.7946428571428572,1.0,0.6964285714285714,0.7053571428571428,0.1964285714285714,1.0,0.5446428571428572,0.2142857142857143,0.25,0.7767857142857144,0.7232142857142857,0.9553571428571428,1.0,0.19,0.04,0.91,0.5824742268041238,0.7
ARM Holdings plc,0.0,0.0012916666666666,0.0356036657983052,0.9813840141502508,0.0178571428571428,0.2842857142857143,0.1333571428571428,0.2383928571428571,0.0535714285714286,0.5089285714285714,0.9963571428571429,0.7767857142857144,0.9910714285714286,0.9910714285714286,0.4821428571428571,0.7321428571428572,0.5,0.9642857142857144,0.2589285714285714,0.3125,0.7142857142857143,0.8660714285714286,0.3392857142857143,1.0,1.0,0.58,0.02,0.93,0.20103092783505155,0.57
PALANTIR TECHNOLOGIES INC,0.0,0.014875,0.3330916140313366,7.458825098353004,0.0089285714285713,0.2826785714285714,0.1044642857142857,0.2926071428571428,0.0178571428571428,0.4821428571428572,0.9953928571428572,0.7232142857142857,0.7767857142857144,1.0,0.5714285714285714,0.7410714285714286,0.125,0.9910714285714286,0.2946428571428572,0.9375,0.0446428571428571,0.7589285714285714,0.3035714285714286,0.7232142857142857,1.0,0.16,0.01,0.57,0.07216494845360824,0.48
Xero Limited,0.0,-0.0063958333333333,-0.1583251323139616,-3.919246518134222,,,,,,,,,,,,,,,,,,,,,0.0,,,,,
Rocket Pharmaceuticals Inc.,0.0,-0.0064166666666666,-0.1013325008301026,-1.6002507622570536,,,,,,,,,,,,,,,,,,,,,0.0,,,,,
COINBASE GLOBAL INC,0.0,-0.00690625,-0.1246406836048113,-2.2494552049918113,,,,,,,,,,,,,,,,,,,,,0.0,,,,,
First Trust Cloud Computing ETF,0.0,-0.0069666666666666,-0.2659205074946598,-10.150294206634078,,,,,,,,,,,,,,,,,,,,,0.0,,,,,
Silicon Laboratories Inc.,0.0,-0.0074583333333333,-0.2570249165376112,-8.857449079932872,,,,,,,,,,,,,,,,,,,,,0.0,,,,,
Kura Oncology Inc.,0.0,-0.00766875,-0.1374205590468773,-2.462514757784031,,,,,,,,,,,,,,,,,,,,,0.0,,,,,
TRIP.COM GROUP LTD,0.0,-0.0079166666666666,-0.159115485838552,-3.1980300421438055,,,,,,,,,,,,,,,,,,,,,0.0,,,,,
"First Solar, Inc.",0.0,-0.0091833333333333,-0.1758073950271858,-3.365688582168237,,,,,,,,,,,,,,,,,,,,,0.0,,,,,
HDFC Bank Limited,0.0,-0.0092708333333333,-0.2461487628564015,-6.5354657210682605,,,,,,,,,,,,,,,,,,,,,0.0,,,,,
DigitalOcean Holdings Inc.,0.0,-0.009375,-0.3466548435906651,-12.818088595719306,,,,,,,,,,,,,,,,,,,,,0.0,,,,,
PAGERDUTY INC,0.0,-0.0094583333333333,-0.2815065133642879,-8.378422949764015,,,,,,,,,,,,,,,,,,,,,0.0,,,,,
ARK Innovation ETF,0.0,-0.00958125,-0.2300755214436117,-5.524826673716877,,,,,,,,,,,,,,,,,,,,,0.0,,,,,
Global X Lithium & Battery Tech ETF,0.0,-0.0096458333333333,-0.3182530791908254,-10.500391092641912,,,,,,,,,,,,,,,,,,,,,0.0,,,,,
"Uber Technologies, Inc.",0.0,-0.0097083333333333,-0.2672003395395749,-7.354096630049521,,,,,,,,,,,,,,,,,,,,,0.0,,,,,
KraneShares Electric Vehicles & Future Mobility ETF,0.0,-0.0099583333333333,-0.3791779178550067,-14.43774661645438,,,,,,,,,,,,,,,,,,,,,0.0,,,,,
Games Workshop Group plc,0.0,-0.0101687499999999,-0.1687889803225473,-2.80169341151324,,,,,,,,,,,,,,,,,,,,,0.0,,,,,
PT GoTo Gojek Tokopedia Tbk,0.0,-0.0109375,-0.2637284804026517,-6.359105040044967,,,,,,,,,,,,,,,,,,,,,0.0,,,,,
3IQ ETHER STAKING ETF,0.0,-0.0113229166666666,-0.1983250216631165,-3.473735202297021,,,,,,,,,,,,,,,,,,,,,0.0,,,,,
FAIR ISAAC CORP,0.0,-0.0113333333333333,-0.2290806711381346,-4.630407696096897,,,,,,,,,,,,,,,,,,,,,0.0,,,,,
Keyence Corporation,0.0,-0.0115416666666666,-0.2720076758506997,-6.41052786036384,,,,,,,,,,,,,,,,,,,,,0.0,,,,,
"Pinterest, Inc.",0.0,-0.0116020833333333,-0.2670509884817983,-6.146846941205006,,,,,,,,,,,,,,,,,,,,,0.0,,,,,
Grab Holdings Inc.,0.0,-0.0116041666666666,-0.2998704641067367,-7.749138548819218,,,,,,,,,,,,,,,,,,,,,0.0,,,,,
"Micron Tech, Inc.",0.0,-0.0116041666666666,-0.3344871776135342,-9.641508537554152,,,,,,,,,,,,,,,,,,,,,0.0,,,,,
ARK Fintech Innovation ETF,0.0,-0.0116354166666666,-0.4298146401197001,-15.87743955835078,,,,,,,,,,,,,,,,,,,,,0.0,,,,,
Nasdaq 100 ETF,0.0,-0.0116604166666666,-0.3946474526192971,-13.3568650513261,,,,,,,,,,,,,,,,,,,,,0.0,,,,,
NXP SEMICONDUCTORS NV,0.0,-0.0116812499999999,-0.3119561271773394,-8.331011260223383,,,,,,,,,,,,,,,,,,,,,0.0,,,,,
NICE Ltd.,0.0,-0.01176875,-0.3718006211339328,-11.745996972964695,,,,,,,,,,,,,,,,,,,,,0.0,,,,,
SALESFORCE INC,0.0,-0.0122854166666666,-0.3869355511206025,-12.186735279986792,,,,,,,,,,,,,,,,,,,,,0.0,,,,,
ADVANTEST CORP,0.0,-0.0123333333333333,-0.2882587921532459,-6.737280912457966,,,,,,,,,,,,,,,,,,,,,0.0,,,,,
ARK Genomic Revolution ETF,0.0,-0.012875,-0.3898536194146515,-11.804725791899337,,,,,,,,,,,,,,,,,,,,,0.0,,,,,
ETFMG Prime Cyber Security ETF,0.0,-0.0134791666666666,-0.43365958073125,-13.951947966120825,,,,,,,,,,,,,,,,,,,,,0.0,,,,,
Reliance Industries Limited,0.0,-0.0136249999999999,-0.3048309105512226,-6.819954791008257,,,,,,,,,,,,,,,,,,,,,0.0,,,,,
"Marqeta, Inc. ",0.0,-0.0136479166666666,-0.349840256448115,-8.967537538575456,,,,,,,,,,,,,,,,,,,,,0.0,,,,,
REDDIT INC-CL A,0.0,-0.0156270833333333,-0.3966693928821612,-10.068840351921232,,,,,,,,,,,,,,,,,,,,,0.0,,,,,
ICICI Bank Limited,0.0,-0.0159395833333333,-0.3373556501402506,-7.14001315476991,,,,,,,,,,,,,,,,,,,,,0.0,,,,,
ASM Pacific Tech Limited,0.0,-0.01626875,-0.6048051571079683,-22.4841661507119,,,,,,,,,,,,,,,,,,,,,0.0,,,,,
VanEck Video Gaming and eSports ETF,0.0,-0.0164270833333333,-0.693927203679603,-29.31347910249395,,,,,,,,,,,,,,,,,,,,,0.0,,,,,
"JD.com, Inc.",0.0,-0.0165625,-0.4375222829761834,-11.55778101740024,,,,,,,,,,,,,,,,,,,,,0.0,,,,,
Naspers Limited,0.0,-0.0168333333333333,-0.4491780983624335,-11.985799844464868,,,,,,,,,,,,,,,,,,,,,0.0,,,,,
Eli Lilly Inc.,0.0,-0.017375,-0.3889033206832152,-8.704793832427724,,,,,,,,,,,,,,,,,,,,,0.0,,,,,
CORPAY INC,0.0,-0.0176104166666666,-0.4707497490770706,-12.583763942143614,,,,,,,,,,,,,,,,,,,,,0.0,,,,,
STMICROELECTRONICS NV NY SHS,0.0,-0.0180833333333333,-0.5453930342754613,-16.449044894167436,,,,,,,,,,,,,,,,,,,,,0.0,,,,,
ROKU INC,0.0,-0.0184604166666666,-0.3799498147097459,-7.820076020203786,,,,,,,,,,,,,,,,,,,,,0.0,,,,,
EQUINIX INC,0.0,-0.0188125,-0.5077507532984139,-13.704230031899364,,,,,,,,,,,,,,,,,,,,,0.0,,,,,
QuantumScape Corporation,0.0,-0.0188541666666666,-0.1987718581850712,-2.0955713559166975,,,,,,,,,,,,,,,,,,,,,0.0,,,,,
Wingstop Inc.,0.0,-0.0191458333333333,-0.4349749021108987,-9.882211036329188,,,,,,,,,,,,,,,,,,,,,0.0,,,,,
Hermès International SCA,0.0,-0.0194375,-0.3684673884218756,-6.984860004138257,,,,,,,,,,,,,,,,,,,,,0.0,,,,,
UnitedHealth Group Inc.,0.0,-0.0200229166666666,-0.4217040620973318,-8.881539035990775,,,,,,,,,,,,,,,,,,,,,0.0,,,,,
Twilio Inc.,0.0,-0.0203125,-0.5182200341934938,-13.221021727483368,,,,,,,,,,,,,,,,,,,,,0.0,,,,,
"Rivian Automotive, Inc.",0.0,-0.0209375,-0.3496234857217677,-5.8381650993785845,,,,,,,,,,,,,,,,,,,,,0.0,,,,,
Alteryx,0.0,-0.0210416666666666,-0.3733179923240597,-6.62335002263129,,,,,,,,,,,,,,,,,,,,,0.0,,,,,
"Regeneron Pharmaceuticals, Inc.",0.0,-0.0212395833333333,-0.6280052771320638,-18.568661254609683,,,,,,,,,,,,,,,,,,,,,0.0,,,,,
SPOTIFY TECHNOLOGY SA,0.0,-0.0214666666666666,-0.4836567500968368,-10.897073846936363,,,,,,,,,,,,,,,,,,,,,0.0,,,,,
Bumble Inc. ,0.0,-0.02158125,-0.4620829770847708,-9.893804933056469,,,,,,,,,,,,,,,,,,,,,0.0,,,,,
BOOKING HOLDINGS INC,0.0,-0.0216895833333333,-0.5421877290475097,-13.553396993012582,,,,,,,,,,,,,,,,,,,,,0.0,,,,,
Xiaomi Corporation,0.0,-0.0219395833333333,-0.6596010428443387,-19.83052864364664,,,,,,,,,,,,,,,,,,,,,0.0,,,,,
GEN DIGITAL INC,0.0,-0.0221458333333333,-0.7057699247766881,-22.492320754963323,,,,,,,,,,,,,,,,,,,,,0.0,,,,,
Novo Nordisk AS,0.0,-0.0223145833333333,-0.6090869160828037,-16.62531026465923,,,,,,,,,,,,,,,,,,,,,0.0,,,,,
PROSUS NV,0.0,-0.0224520833333333,-0.576710697437357,-14.813557548349982,,,,,,,,,,,,,,,,,,,,,0.0,,,,,
VISA INC,0.0,-0.0229583333333333,-0.5860701937168112,-14.960941065550374,,,,,,,,,,,,,,,,,,,,,0.0,,,,,
Softtek,0.0,-0.0231104166666666,-0.6232304761513066,-16.806976352097404,,,,,,,,,,,,,,,,,,,,,0.0,,,,,
Plug Power Inc.,0.0,-0.0233333333333333,-0.2451320561331093,-2.5752739261733932,,,,,,,,,,,,,,,,,,,,,0.0,,,,,
ANALOG DEVICES INC,0.0,-0.0240208333333333,-0.6098996776074057,-15.485624981604191,,,,,,,,,,,,,,,,,,,,,0.0,,,,,
"Affirm Holdings, Inc. ",0.0,-0.02425,-0.5302512536525317,-11.594490391755937,,,,,,,,,,,,,,,,,,,,,0.0,,,,,
RENESAS ELECTRONICS CORP,0.0,-0.0248770833333333,-0.6064585142756654,-14.784366985844969,,,,,,,,,,,,,,,,,,,,,0.0,,,,,
"Ginkgo Bioworks Holdings, Inc.",0.0,-0.0251041666666666,-0.3993022085580858,-6.351226705767241,,,,,,,,,,,,,,,,,,,,,0.0,,,,,
ACCENTURE PLC CL A,0.0,-0.0254395833333333,-0.6692579597778602,-17.606664812750104,,,,,,,,,,,,,,,,,,,,,0.0,,,,,
QUALCOMM INC,0.0,-0.0261708333333333,-0.888541687233308,-30.167412703126775,,,,,,,,,,,,,,,,,,,,,0.0,,,,,
TOTVS S.A.,0.0,-0.0263666666666666,-0.5737179176041374,-12.48365040379372,,,,,,,,,,,,,,,,,,,,,0.0,,,,,
MSCI Inc.,0.0,-0.0266895833333333,-0.6027391784787626,-13.61184671697461,,,,,,,,,,,,,,,,,,,,,0.0,,,,,
NETFLIX INC,0.0,-0.0271854166666666,-0.6406015170089103,-15.095236855328093,,,,,,,,,,,,,,,,,,,,,0.0,,,,,
HCL Technologies Limited,0.0,-0.0275625,-0.8035221499846243,-23.42486514343449,,,,,,,,,,,,,,,,,,,,,0.0,,,,,
Ferrari NV,0.0,-0.0279208333333333,-0.7148619008685088,-18.302732272078952,,,,,,,,,,,,,,,,,,,,,0.0,,,,,
Teledyne Technologies Incorporated,0.0,-0.0279583333333333,-0.7282518647240396,-18.969327396985065,,,,,,,,,,,,,,,,,,,,,0.0,,,,,
"Match Group, Inc.",0.0,-0.0281083333333333,-0.6716880963139785,-16.050930283897888,,,,,,,,,,,,,,,,,,,,,0.0,,,,,
GLOBAL PAYMENTS INC,0.0,-0.0282520833333333,-0.6535503544641857,-15.118462620288046,,,,,,,,,,,,,,,,,,,,,0.0,,,,,
ZEBRA TECHNOLOGIES CORP,0.0,-0.0285020833333333,-0.7481671118054247,-19.639056578458447,,,,,,,,,,,,,,,,,,,,,0.0,,,,,
Dassault Systèmes SE,0.0,-0.0286645833333333,-0.8197843470065784,-23.445182083477068,,,,,,,,,,,,,,,,,,,,,0.0,,,,,
Cohu Inc.,0.0,-0.0286916666666666,-0.9203936650336124,-29.52510596458922,,,,,,,,,,,,,,,,,,,,,0.0,,,,,
Infineon Technologies AG,0.0,-0.0288833333333333,-0.8782699856736783,-26.70599542072394,,,,,,,,,,,,,,,,,,,,,0.0,,,,,
SPDR S&P Biotech ETF,0.0,-0.02889375,-1.068526725390471,-39.515444096861195,,,,,,,,,,,,,,,,,,,,,0.0,,,,,
PAYPAL HOLDINGS INC,0.0,-0.0292895833333333,-0.7710564246087542,-20.29827475400875,,,,,,,,,,,,,,,,,,,,,0.0,,,,,
NASDAQ INC,0.0,-0.0295916666666666,-0.8979332685292933,-27.24700044151056,,,,,,,,,,,,,,,,,,,,,0.0,,,,,
"Crocs, Inc.",0.0,-0.030375,-0.6139042948205898,-12.407522080630969,,,,,,,,,,,,,,,,,,,,,0.0,,,,,
Invesco Solar ETF,0.0,-0.03075,-0.7743252369584526,-19.498522685878495,,,,,,,,,,,,,,,,,,,,,0.0,,,,,
FACTSET RESEARCH SYSTEMS INC,0.0,-0.0310625,-0.734783004544424,-17.381281730940234,,,,,,,,,,,,,,,,,,,,,0.0,,,,,
"DocuSign, Inc.",0.0,-0.0314354166666666,-0.9431274494791404,-28.295772102942124,,,,,,,,,,,,,,,,,,,,,0.0,,,,,
XPO Inc.,0.0,-0.03195,-0.5074331032192224,-8.059103419176529,,,,,,,,,,,,,,,,,,,,,0.0,,,,,
Parsons Corporation,0.0,-0.0320645833333333,-0.7553829118962648,-17.795439212575044,,,,,,,,,,,,,,,,,,,,,0.0,,,,,
"Etsy, Inc.",0.0,-0.0321625,-0.7678345596086824,-18.33097274557199,,,,,,,,,,,,,,,,,,,,,0.0,,,,,
REA GROUP LTD,0.0,-0.0322333333333333,-0.7846815489646768,-19.102124093658873,,,,,,,,,,,,,,,,,,,,,0.0,,,,,
Aselsan Elektronik Sanayi ve Ticaret A.S.,0.0,-0.0322916666666666,-0.6099819208937486,-11.522413744017362,,,,,,,,,,,,,,,,,,,,,0.0,,,,,
FISERV INC,0.0,-0.0322916666666666,-0.6374578621636096,-12.583820161059078,,,,,,,,,,,,,,,,,,,,,0.0,,,,,
CSPC Pharmaceutical Group Limited,0.0,-0.0323166666666666,-0.8792862005848666,-23.92400894911718,,,,,,,,,,,,,,,,,,,,,0.0,,,,,
APPLE INC,0.0,-0.0325833333333333,-1.0346587247850454,-32.854793149068534,,,,,,,,,,,,,,,,,,,,,0.0,,,,,
FOXCONN INDUSTRIAL INTERNE A,0.0,-0.0331875,-0.9156923949869726,-25.26531260977711,,,,,,,,,,,,,,,,,,,,,0.0,,,,,
Techtronic Industries Co. Ltd.,0.0,-0.0333,-0.8690080661033076,-22.677928497075392,,,,,,,,,,,,,,,,,,,,,0.0,,,,,
"Globus Medical, Inc.",0.0,-0.03378125,-0.8523888537968676,-21.50798913826864,,,,,,,,,,,,,,,,,,,,,0.0,,,,,
Danaher Corp.,0.0,-0.0340208333333333,-0.8792065359122773,-22.721493186749292,,,,,,,,,,,,,,,,,,,,,0.0,,,,,
Tata Consultancy Services Limited,0.0,-0.0340375,-0.8503905056070092,-21.24609657073947,,,,,,,,,,,,,,,,,,,,,0.0,,,,,
"Illumina, Inc.",0.0,-0.0341375,-0.8354051073085943,-20.443843085090705,,,,,,,,,,,,,,,,,,,,,0.0,,,,,
S&P GLOBAL INC,0.0,-0.0342083333333333,-0.8823177524245737,-22.757162959616604,,,,,,,,,,,,,,,,,,,,,0.0,,,,,
VanEck Rare Earth Strategic Metals ETF,0.0,-0.03633125,-1.050493051016578,-30.374282476769135,,,,,,,,,,,,,,,,,,,,,0.0,,,,,
"T-Mobile US, Inc.",0.0,-0.0364375,-0.8819538338587932,-21.347308818064462,,,,,,,,,,,,,,,,,,,,,0.0,,,,,
Electronic Arts Inc.,0.0,-0.0374124999999999,-1.1079905290078746,-32.813712325323095,,,,,,,,,,,,,,,,,,,,,0.0,,,,,
BROADRIDGE FINANCIAL SOLUTIONS INC,0.0,-0.0380541666666666,-0.8446498053395132,-18.74783646977101,,,,,,,,,,,,,,,,,,,,,0.0,,,,,
Costco Wholesale Corporation,0.0,-0.0387083333333333,-0.9580871180136236,-23.714038984809072,,,,,,,,,,,,,,,,,,,,,0.0,,,,,
LVMH Moët Hennessy Louis Vuitton SE,0.0,-0.0397916666666666,-1.0457485233007024,-27.482889398590984,,,,,,,,,,,,,,,,,,,,,0.0,,,,,
Infosys Limited,0.0,-0.0401666666666666,-1.0480781989919008,-27.34774882660846,,,,,,,,,,,,,,,,,,,,,0.0,,,,,
Boot Barn Holdings Inc.,0.0,-0.0405208333333333,-0.959461644732586,-22.7183542880319,,,,,,,,,,,,,,,,,,,,,0.0,,,,,
Russell 2000 Growth ETF,0.0,-0.0412979166666666,-1.214583471207718,-35.72124522498488,,,,,,,,,,,,,,,,,,,,,0.0,,,,,
iShares MSCI India ETF,0.0,-0.0418,-1.3229547689322316,-41.87103637896016,,,,,,,,,,,,,,,,,,,,,0.0,,,,,
S&P 500 ETF,0.0,-0.0419333333333333,-1.0995214582791688,-28.830225052854125,,,,,,,,,,,,,,,,,,,,,0.0,,,,,
Berkshire Hathaway Inc.,0.0,-0.04225,-1.011845984353464,-24.232717066324977,,,,,,,,,,,,,,,,,,,,,0.0,,,,,
ORACLE CORP,0.0,-0.0425645833333333,-1.1414862878987129,-30.61209210617082,,,,,,,,,,,,,,,,,,,,,0.0,,,,,
BioNTech SE,0.0,-0.0428625,-0.4948005698756381,-5.7119301008867005,,,,,,,,,,,,,,,,,,,,,0.0,,,,,
Vanguard Growth ETF,0.0,-0.0432249999999999,-0.2924108651190685,-1.9781171553425585,,,,,,,,,,,,,,,,,,,,,0.0,,,,,
iShares MSCI World ETF,0.0,-0.04341875,-1.05225505399242,-25.501441166606376,,,,,,,,,,,,,,,,,,,,,0.0,,,,,
Texas Instruments Incorporated,0.0,-0.04369375,-0.9420291601727114,-20.309974278145138,,,,,,,,,,,,,,,,,,,,,0.0,,,,,
Fisher & Paykel Healthcare Corporation Limited,0.0,-0.04373125,-1.123087766268876,-28.84267270528086,,,,,,,,,,,,,,,,,,,,,0.0,,,,,
"Moderna, Inc.",0.0,-0.0437708333333333,-0.4726175552211234,-5.103109456522227,,,,,,,,,,,,,,,,,,,,,0.0,,,,,
AMN Healthcare Services Inc.,0.0,-0.0439,-1.2360563026642448,-34.80262376665156,,,,,,,,,,,,,,,,,,,,,0.0,,,,,
"Automatic Data Processing, Inc.",0.0,-0.0441458333333333,-1.232418399616923,-34.40540130358101,,,,,,,,,,,,,,,,,,,,,0.0,,,,,
Schneider Electric SE,0.0,-0.04445625,-1.3599569560678533,-41.60231513808161,,,,,,,,,,,,,,,,,,,,,0.0,,,,,
CME GROUP INC,0.0,-0.0447625,-1.18021281040034,-31.11761581308168,,,,,,,,,,,,,,,,,,,,,0.0,,,,,
CHECK POINT SOFTWARE TECH,0.0,-0.0448333333333333,-1.517310641223027,-51.35089030413309,,,,,,,,,,,,,,,,,,,,,0.0,,,,,
MOTOROLA SOLUTIONS INC,0.0,-0.0453125,-1.2252591746707722,-33.13125616805301,,,,,,,,,,,,,,,,,,,,,0.0,,,,,
SoftBank Group Corp.,0.0,-0.0453895833333333,-1.2935020136698037,-36.86192594191774,,,,,,,,,,,,,,,,,,,,,0.0,,,,,
Vestas Wind Systems AS,0.0,-0.0454791666666666,-1.5437017355245957,-52.397948839468235,,,,,,,,,,,,,,,,,,,,,0.0,,,,,
iShares Global Clean Energy ETF,0.0,-0.04605,-1.4472097500213648,-45.48134767767429,,,,,,,,,,,,,,,,,,,,,0.0,,,,,
"NextEra Energy, Inc.",0.0,-0.046875,-1.357343634425363,-39.30414382752116,,,,,,,,,,,,,,,,,,,,,0.0,,,,,
Capgemini SE,0.0,-0.0469666666666666,-1.3181272820709664,-36.993460576432774,,,,,,,,,,,,,,,,,,,,,0.0,,,,,
Eagle Materials Inc.,0.0,-0.04738125,-1.361532168287984,-39.124544947273,,,,,,,,,,,,,,,,,,,,,0.0,,,,,
AstraZeneca plc,0.0,-0.0477895833333333,-1.3882070474661,-40.32508074391134,,,,,,,,,,,,,,,,,,,,,0.0,,,,,
Siemens Healthineers AG,0.0,-0.0477916666666666,-1.303460375417015,-35.550318052985524,,,,,,,,,,,,,,,,,,,,,0.0,,,,,
"Rexford Industrial Realty, Inc.",0.0,-0.0478041666666666,-1.3969324072565803,-40.82113101250585,,,,,,,,,,,,,,,,,,,,,0.0,,,,,
WESTERN DIGITAL CORP,0.0,-0.0483895833333333,-0.3427741125249851,-2.4280864624919167,,,,,,,,,,,,,,,,,,,,,0.0,,,,,
"Lucid Group, Inc. ",0.0,-0.0485,-0.625215111411099,-8.059668773954492,,,,,,,,,,,,,,,,,,,,,0.0,,,,,
Matador Resources Co.,0.0,-0.0497125,-1.0251876918830325,-21.141761198661484,,,,,,,,,,,,,,,,,,,,,0.0,,,,,
BrightSpring Health Services,0.0,-0.0498958333333333,-1.6237061304417926,-52.83851219442357,,,,,,,,,,,,,,,,,,,,,0.0,,,,,
LY CORP,0.0,-0.0498958333333333,-1.1198674393242338,-25.134425018627805,,,,,,,,,,,,,,,,,,,,,0.0,,,,,
Honeywell International Inc.,0.0,-0.0500625,-1.6993400164714787,-57.683026049064374,,,,,,,,,,,,,,,,,,,,,0.0,,,,,
SEI Investments Company,0.0,-0.0501041666666666,-1.4248385333615163,-40.51888258431861,,,,,,,,,,,,,,,,,,,,,0.0,,,,,
ROBINHOOD MARKETS INC - A,0.0,-0.0506041666666666,-0.6289767026367958,-7.817769138770316,,,,,,,,,,,,,,,,,,,,,0.0,,,,,
Amgen Inc.,0.0,-0.0506166666666666,-1.3390769538873737,-35.42562571812223,,,,,,,,,,,,,,,,,,,,,0.0,,,,,
JPMorgan Chase & Co.,0.0,-0.0508187499999999,-1.733661905214082,-59.14320209746444,,,,,,,,,,,,,,,,,,,,,0.0,,,,,
ZOOM VIDEO COMMUNICATIONS INC,0.0,-0.0510833333333333,-1.2993772463189086,-33.0515085465183,,,,,,,,,,,,,,,,,,,,,0.0,,,,,
SNAP INC,0.0,-0.0515208333333333,-1.1915886946675065,-27.559407047493632,,,,,,,,,,,,,,,,,,,,,0.0,,,,,
Topgolf Callaway Brands Corp.,0.0,-0.05181875,-1.3148938493235984,-33.36525552988117,,,,,,,,,,,,,,,,,,,,,0.0,,,,,
NETAPP INC,0.0,-0.0518958333333333,-1.552093475727887,-46.41979909877941,,,,,,,,,,,,,,,,,,,,,0.0,,,,,
All-World Equity Market Index,0.0,-0.0519333333333333,-2.5386907428734995,-124.1004625407882,,,,,,,,,,,,,,,,,,,,,0.0,,,,,
Conduit Holdings Limited,0.0,-0.0519416666666666,-1.365843116864075,-35.91581748535161,,,,,,,,,,,,,,,,,,,,,0.0,,,,,
"Samsung Electronics Co., Ltd.",0.0,-0.0520833333333333,-1.1757429430818556,-26.54153218957024,,,,,,,,,,,,,,,,,,,,,0.0,,,,,
RELX PLC,0.0,-0.0522395833333333,-1.1939443868081427,-27.28779802271276,,,,,,,,,,,,,,,,,,,,,0.0,,,,,
"Huawei Technologies Co., Ltd.",0.0,-0.0533291666666666,-1.5561403145576576,-45.40803522634466,,,,,,,,,,,,,,,,,,,,,0.0,,,,,
Ørsted AS,0.0,-0.053625,-1.6350577744695745,-49.853872743186905,,,,,,,,,,,,,,,,,,,,,0.0,,,,,
H&E Equipment Services Inc.,0.0,-0.0543104166666666,-1.202938571007145,-26.64426631999776,,,,,,,,,,,,,,,,,,,,,0.0,,,,,
Sony Group Corporation,0.0,-0.0543291666666666,-1.5212387489559969,-42.595303283844586,,,,,,,,,,,,,,,,,,,,,0.0,,,,,
Starbucks Corporation,0.0,-0.0549583333333333,-1.77562479606901,-57.36788627290579,,,,,,,,,,,,,,,,,,,,,0.0,,,,,
"Cisco Systems, Inc.",0.0,-0.0555270833333333,-1.567648546989463,-44.2580776686123,,,,,,,,,,,,,,,,,,,,,0.0,,,,,
Thales Group,0.0,-0.0560624999999999,-1.377883746878224,-33.865125884703204,,,,,,,,,,,,,,,,,,,,,0.0,,,,,
Essential Properties Realty Trust Inc.,0.0,-0.0561458333333333,-1.6308557715410152,-47.37111179343032,,,,,,,,,,,,,,,,,,,,,0.0,,,,,
OpenText Corporation,0.0,-0.0567229166666666,-1.722146395305261,-52.28553785926447,,,,,,,,,,,,,,,,,,,,,0.0,,,,,
WIPRO LTD,0.0,-0.0567416666666666,-1.4853159794537465,-38.88083816397077,,,,,,,,,,,,,,,,,,,,,0.0,,,,,
Carvajal Tecnología y Servicios,0.0,-0.0569375,-1.460796312744664,-37.478390644626224,,,,,,,,,,,,,,,,,,,,,0.0,,,,,
DIGITAL REALTY TRUST INC,0.0,-0.0571791666666666,-1.798470377980801,-56.567730679432856,,,,,,,,,,,,,,,,,,,,,0.0,,,,,
SAP SE,0.0,-0.0572083333333333,-1.084536912817457,-20.560296843646668,,,,,,,,,,,,,,,,,,,,,0.0,,,,,
Sage Group plc,0.0,-0.0576875,-1.5913358307177754,-43.89772006285993,,,,,,,,,,,,,,,,,,,,,0.0,,,,,
Union Pacific Corporation,0.0,-0.0577083333333333,-1.4620657859621184,-37.04207415129578,,,,,,,,,,,,,,,,,,,,,0.0,,,,,
NEXTDOOR HOLDINGS INC,0.0,-0.0577916666666666,-1.0359306988294734,-18.56932797884334,,,,,,,,,,,,,,,,,,,,,0.0,,,,,
"Charter Communications, Inc.",0.0,-0.0583895833333333,-1.389037438175006,-33.043993371850576,,,,,,,,,,,,,,,,,,,,,0.0,,,,,
McDonald's Corp.,0.0,-0.0593958333333333,-1.7162009928457531,-49.58842535831215,,,,,,,,,,,,,,,,,,,,,0.0,,,,,
Splunk Inc.,0.0,-0.0594145833333333,-0.917035124808781,-14.153990029940292,,,,,,,,,,,,,,,,,,,,,0.0,,,,,
DISCOVER FINANCIAL SERVICES,0.0,-0.0595,-1.8752220658331369,-59.1001310283613,,,,,,,,,,,,,,,,,,,,,0.0,,,,,
Ally Financial Inc.,0.0,-0.0595833333333333,-1.214015681650458,-24.73567678813806,,,,,,,,,,,,,,,,,,,,,0.0,,,,,
Johnson & Johnson,0.0,-0.0596041666666666,-1.762570509271633,-52.12143670303917,,,,,,,,,,,,,,,,,,,,,0.0,,,,,
FTSE Emerging Markets ETF,0.0,-0.0596083333333333,-1.6782379929756124,-47.24981564770269,,,,,,,,,,,,,,,,,,,,,0.0,,,,,
Amdocs Limited,0.0,-0.0603749999999999,-1.7800130619451326,-52.47944514609171,,,,,,,,,,,,,,,,,,,,,0.0,,,,,
FIDELITY NATIONAL INFORMATION SERVICES INC,0.0,-0.061,-1.9875322901187156,-64.75876400433683,,,,,,,,,,,,,,,,,,,,,0.0,,,,,
Novartis AG,0.0,-0.0613749999999999,-1.702358127059321,-47.2183004931148,,,,,,,,,,,,,,,,,,,,,0.0,,,,,
"Mondelez International, Inc.",0.0,-0.0614979166666666,-1.8132547380221933,-53.46348174330999,,,,,,,,,,,,,,,,,,,,,0.0,,,,,
Rolls-Royce Holdings plc,0.0,-0.0615,-1.5230072245489648,-37.71627652078603,,,,,,,,,,,,,,,,,,,,,0.0,,,,,
ABB Ltd,0.0,-0.0617958333333333,-1.740976244110066,-49.04858659654387,,,,,,,,,,,,,,,,,,,,,0.0,,,,,
Sonda S.A.,0.0,-0.0622041666666666,-1.4175934568363422,-32.306054667268434,,,,,,,,,,,,,,,,,,,,,0.0,,,,,
Vale S.A.,0.0,-0.0622479166666666,-1.8493582128015449,-54.943618716929336,,,,,,,,,,,,,,,,,,,,,0.0,,,,,
Unum Group,0.0,-0.0623958333333333,-1.605195773095713,-41.295280987742395,,,,,,,,,,,,,,,,,,,,,0.0,,,,,
"Teladoc Health, Inc.",0.0,-0.0626291666666666,-0.8966217592253773,-12.836360786902969,,,,,,,,,,,,,,,,,,,,,0.0,,,,,
The Walt Disney Company,0.0,-0.0627708333333333,-2.190902316953261,-76.46947965373249,,,,,,,,,,,,,,,,,,,,,0.0,,,,,
"Huntington Ingalls Industries, Inc.",0.0,-0.0640625,-1.5104960815993818,-35.61519473213012,,,,,,,,,,,,,,,,,,,,,0.0,,,,,
PepsiCo Inc.,0.0,-0.0647708333333333,-1.5719618121258438,-38.15087457752795,,,,,,,,,,,,,,,,,,,,,0.0,,,,,
Lancashire Holdings Limited,0.0,-0.065,-1.5243186371540884,-35.74688165500457,,,,,,,,,,,,,,,,,,,,,0.0,,,,,
Saudi Telecom Company (STC),0.0,-0.0654791666666666,-1.6777918782518664,-42.990553026707104,,,,,,,,,,,,,,,,,,,,,0.0,,,,,
Lenovo Group Limited,0.0,-0.0656916666666666,-1.5691417935845775,-37.481252848516945,,,,,,,,,,,,,,,,,,,,,0.0,,,,,
Siemens AG,0.0,-0.0661041666666666,-2.106083769163766,-67.09998879649625,,,,,,,,,,,,,,,,,,,,,0.0,,,,,
Albany International Corp.,0.0,-0.0662104166666666,-1.883181154068684,-53.56213474525475,,,,,,,,,,,,,,,,,,,,,0.0,,,,,
Murphy USA Inc.,0.0,-0.0663333333333333,-1.4375070898158089,-31.152160300563555,,,,,,,,,,,,,,,,,,,,,0.0,,,,,
PT Telekomunikasi Indonesia Tbk,0.0,-0.0667770833333333,-1.6640820060771984,-41.46885105968109,,,,,,,,,,,,,,,,,,,,,0.0,,,,,
Turkcell Iletisim Hizmetleri A.S.,0.0,-0.0679604166666666,-1.1069985826913051,-18.031759106056462,,,,,,,,,,,,,,,,,,,,,0.0,,,,,
Roche Holding AG,0.0,-0.068125,-2.0808377399245472,-63.55795522780621,,,,,,,,,,,,,,,,,,,,,0.0,,,,,
"Hon Hai Precision Industry Co., Ltd. (Foxconn)",0.0,-0.0688041666666666,-1.9425993525133216,-54.84685633455111,,,,,,,,,,,,,,,,,,,,,0.0,,,,,
"Gilead Sciences, Inc.",0.0,-0.0688541666666666,-2.1771751294677375,-68.8424793131308,,,,,,,,,,,,,,,,,,,,,0.0,,,,,
Nestlé SA,0.0,-0.0689770833333333,-2.0586654942482143,-61.44219808088305,,,,,,,,,,,,,,,,,,,,,0.0,,,,,
Etisalat Group,0.0,-0.0689791666666666,-1.6795303171219225,-40.89382667904559,,,,,,,,,,,,,,,,,,,,,0.0,,,,,
NEC Corporation,0.0,-0.0694791666666666,-1.4649296852873643,-30.88722973797138,,,,,,,,,,,,,,,,,,,,,0.0,,,,,
Procter & Gamble Co.,0.0,-0.0695,-2.0110043119288807,-58.189040900669795,,,,,,,,,,,,,,,,,,,,,0.0,,,,,
Diageo PLC,0.0,-0.07,-2.2785627366042234,-74.16925920916182,,,,,,,,,,,,,,,,,,,,,0.0,,,,,
BHP Group Limited,0.0,-0.0700416666666666,-2.27720192860323,-74.03662520358269,,,,,,,,,,,,,,,,,,,,,0.0,,,,,
Kaspersky Lab,0.0,-0.0706,-0.941383577406179,-12.552450988810982,,,,,,,,,,,,,,,,,,,,,0.0,,,,,
HEWLETT PACKARD ENTERPRISE CO,0.0,-0.0707,-2.188292032046872,-67.73157026194947,,,,,,,,,,,,,,,,,,,,,0.0,,,,,
OMNICOM GROUP INC,0.0,-0.07108125,-1.9178286543422127,-51.744542300762326,,,,,,,,,,,,,,,,,,,,,0.0,,,,,
EBAY INC,0.0,-0.0715729166666666,-2.0443891994042485,-58.39537346376239,,,,,,,,,,,,,,,,,,,,,0.0,,,,,
Allianz SE,0.0,-0.0716708333333333,-2.2598430739497952,-71.25479754263858,,,,,,,,,,,,,,,,,,,,,0.0,,,,,
Advanced Info Service PCL,0.0,-0.0717229166666666,-1.6903087407655906,-39.83585403236143,,,,,,,,,,,,,,,,,,,,,0.0,,,,,
PLDT Inc.,0.0,-0.0725541666666666,-2.0599482251266297,-58.485775320080634,,,,,,,,,,,,,,,,,,,,,0.0,,,,,
iShares MSCI China ETF,0.0,-0.0729,-4.289847937166492,-252.43889333349253,,,,,,,,,,,,,,,,,,,,,0.0,,,,,
Coca-Cola Company,0.0,-0.0733520833333333,-2.44966441954508,-81.80893432999699,,,,,,,,,,,,,,,,,,,,,0.0,,,,,
"Lyft, Inc.",0.0,-0.0734791666666666,-2.147402612161472,-62.757080515582615,,,,,,,,,,,,,,,,,,,,,0.0,,,,,
Antero Resources Corporation,0.0,-0.0735,-1.5820448972195464,-34.05259941249531,,,,,,,,,,,,,,,,,,,,,0.0,,,,,
LG Electronics Inc.,0.0,-0.0736041666666666,-2.447880336782943,-81.41003987376494,,,,,,,,,,,,,,,,,,,,,0.0,,,,,
Tyman plc,0.0,-0.0738333333333333,-1.7083709517474108,-39.52864075089419,,,,,,,,,,,,,,,,,,,,,0.0,,,,,
Comcast Corporation,0.0,-0.0744791666666666,-2.2746346383062375,-69.46859060519225,,,,,,,,,,,,,,,,,,,,,0.0,,,,,
Keurig Dr Pepper Inc.,0.0,-0.0746041666666666,-2.0453919977414965,-56.07767784763965,,,,,,,,,,,,,,,,,,,,,0.0,,,,,
Toyota Motor Corporation,0.0,-0.07483125,-2.3733191521596484,-75.27127768155405,,,,,,,,,,,,,,,,,,,,,0.0,,,,,
TotalEnergies SE,0.0,-0.0749791666666666,-2.170532318896674,-62.83359440789072,,,,,,,,,,,,,,,,,,,,,0.0,,,,,
Ericsson (Telefonaktiebolaget LM Ericsson),0.0,-0.0750499999999999,-1.97404415739402,-51.9233888786338,,,,,,,,,,,,,,,,,,,,,0.0,,,,,
"América Móvil, S.A.B. de C.V.",0.0,-0.07575,-2.648708881090074,-92.6159569209958,,,,,,,,,,,,,,,,,,,,,0.0,,,,,
Heineken NV,0.0,-0.0766,-2.678766270294926,-93.67870405835234,,,,,,,,,,,,,,,,,,,,,0.0,,,,,
Chevron Corporation,0.0,-0.0767333333333333,-2.092489889590064,-57.06143272854002,,,,,,,,,,,,,,,,,,,,,0.0,,,,,
Abercrombie & Fitch Co.,0.0,-0.0775416666666666,-1.862316290697847,-44.72720429788614,,,,,,,,,,,,,,,,,,,,,0.0,,,,,
Shell plc,0.0,-0.0784166666666666,-1.9035797943425017,-46.20976875786236,,,,,,,,,,,,,,,,,,,,,0.0,,,,,
Xtrackers MSCI Europe ETF,0.0,-0.0791,-3.23606737065979,-132.39104965169363,,,,,,,,,,,,,,,,,,,,,0.0,,,,,
Bellway plc,0.0,-0.0793125,-2.6502642322389764,-88.55981718752089,,,,,,,,,,,,,,,,,,,,,0.0,,,,,
SEAGATE TECHNOLOGY HOLDINGS,0.0,-0.0799375,-2.1472349739856815,-57.677786189301514,,,,,,,,,,,,,,,,,,,,,0.0,,,,,
Barnes Group Inc.,0.0,-0.08125,-1.833161948152092,-41.359787423418744,,,,,,,,,,,,,,,,,,,,,0.0,,,,,
The Cheesecake Factory Inc.,0.0,-0.0820208333333333,-2.1788119973019677,-57.878242961690496,,,,,,,,,,,,,,,,,,,,,0.0,,,,,
HSBC Holdings plc,0.0,-0.0823125,-2.3037254866006007,-64.47564000137494,,,,,,,,,,,,,,,,,,,,,0.0,,,,,
Consolidated Water Co. Ltd.,0.0,-0.0823958333333333,-2.9908430295925834,-108.56303851524704,,,,,,,,,,,,,,,,,,,,,0.0,,,,,
Marshalls plc,0.0,-0.0824583333333333,-2.742332436274344,-91.20227012886158,,,,,,,,,,,,,,,,,,,,,0.0,,,,,
Fujitsu Limited,0.0,-0.0828479166666666,-2.8930629079658945,-101.02623368458966,,,,,,,,,,,,,,,,,,,,,0.0,,,,,
Verizon Communications Inc.,0.0,-0.08291875,-2.462078200443693,-73.10564938690048,,,,,,,,,,,,,,,,,,,,,0.0,,,,,
Dimension Data,0.0,-0.08311875,-2.3612443337667197,-67.07842458826005,,,,,,,,,,,,,,,,,,,,,0.0,,,,,
Kaiser Aluminum Corp.,0.0,-0.0838895833333333,-2.1554532592613436,-55.38206971895019,,,,,,,,,,,,,,,,,,,,,0.0,,,,,
Unilever PLC,0.0,-0.0840291666666666,-2.511032417367139,-75.0368479325868,,,,,,,,,,,,,,,,,,,,,0.0,,,,,
Biogen Inc.,0.0,-0.08485625,-2.3458644314597534,-64.85179265861963,,,,,,,,,,,,,,,,,,,,,0.0,,,,,
INTEL CORP,0.0,-0.0851916666666666,-2.6628500188643773,-83.23314357389432,,,,,,,,,,,,,,,,,,,,,0.0,,,,,
Panasonic Holdings Corporation,0.0,-0.0852729166666666,-2.5995178886287467,-79.24548048140558,,,,,,,,,,,,,,,,,,,,,0.0,,,,,
Springer Nature AG,0.0,-0.0861875,-2.927069736659237,-99.40811884863088,,,,,,,,,,,,,,,,,,,,,0.0,,,,,
INTERNATIONAL BUSINESS MACHINES CORP,0.0,-0.0864166666666666,-2.322900342607111,-62.44010802334697,,,,,,,,,,,,,,,,,,,,,0.0,,,,,
Exxon Mobil Corporation,0.0,-0.0864770833333333,-2.0810471835183675,-50.07982708362693,,,,,,,,,,,,,,,,,,,,,0.0,,,,,
Aegon NV,0.0,-0.0868333333333333,-2.7213938904634087,-85.28965113687026,,,,,,,,,,,,,,,,,,,,,0.0,,,,,
Redrow plc,0.0,-0.0897916666666666,-2.5568108917227983,-72.8049960393392,,,,,,,,,,,,,,,,,,,,,0.0,,,,,
Axiata Group Berhad,0.0,-0.0920354166666666,-2.3422004722298997,-59.60643468353902,,,,,,,,,,,,,,,,,,,,,0.0,,,,,
Owens & Minor Inc.,0.0,-0.09225,-2.1607699157222084,-50.61167077170905,,,,,,,,,,,,,,,,,,,,,0.0,,,,,
Toshiba Corporation,0.0,-0.0926458333333333,-2.6012527556474767,-73.03637579056722,,,,,,,,,,,,,,,,,,,,,0.0,,,,,
Maxis Berhad,0.0,-0.0944375,-3.47229982832716,-127.67032267691144,,,,,,,,,,,,,,,,,,,,,0.0,,,,,
Nokia Corporation,0.0,-0.0950625,-2.155344128867886,-48.867937555242776,,,,,,,,,,,,,,,,,,,,,0.0,,,,,
Stericycle Inc.,0.0,-0.0964541666666666,-2.21167360257095,-50.71320704281823,,,,,,,,,,,,,,,,,,,,,0.0,,,,,
AT&T Inc.,0.0,-0.1009791666666666,-2.420154363654261,-58.00352030284889,,,,,,,,,,,,,,,,,,,,,0.0,,,,,
Alcoa Corporation,0.0,-0.10740625,-0.7315454673107652,-4.982566384571902,,,,,,,,,,,,,,,,,,,,,0.0,,,,,
BlackBerry Limited,0.0,-0.1083541666666666,-2.4841607271270054,-56.952627739590135,,,,,,,,,,,,,,,,,,,,,0.0,,,,,
Yandex N.V.,0.0,-0.1117708333333333,-0.9844523273672178,-8.6708343845702,,,,,,,,,,,,,,,,,,,,,0.0,,,,,
The Kraft Heinz Company,0.0,-0.1118708333333333,-2.216450133132105,-43.91360148380641,,,,,,,,,,,,,,,,,,,,,0.0,,,,,
Micro Focus International plc,0.0,-0.1591854166666666,-0.9436569674962704,-5.594032989648383,,,,,,,,,,,,,,,,,,,,,0.0,,,,,
