Asset,w,Alpha,t-value,iKelly-weight,Valuation Score100,Tenbagger Probability100,Return100,Growth Rate100,Defensive Score100,Risk Score100,Bankruptcy Score100,Future Moat Score100,AI Winner Score100,Good Business Score100,Tariff Winner Score100,Sentiment Score100,Good Governance Score100,Market Disruptor Score100,Oversold Score100,hard-sell
Evolution AB,0.023747969162408292,0.0249791666666666,0.4715372817844966,8.90131408624701,0.9821428571428572,0.2371428571428571,0.1566928571428571,0.1030714285714285,0.3928571428571429,0.2678571428571429,0.9930714285714286,0.7857142857142858,0.7321428571428571,0.9107142857142858,0.5357142857142857,0.75,0.2857142857142857,0.9821428571428572,0.9285714285714286,0.0
Taiwan Semiconductor Manufacturing Company Limited (TSMC),0.022495320976409206,0.0129791666666666,0.3053791547877372,7.185085959206891,0.8928571428571428,0.0745714285714285,0.1567428571428571,0.1662857142857143,0.3928571428571429,0.3392857142857143,0.9994142857142858,0.9464285714285714,1.0,0.9821428571428572,0.5892857142857143,0.8928571428571428,0.9107142857142858,1.0,0.5357142857142857,0.0
ALPHABET INC,0.022076708052162327,-0.00103125,-0.0249399213635363,-0.6031512025400014,1.0,0.0243214285714285,0.1116428571428571,0.1267857142857142,0.7321428571428571,0.5357142857142857,0.9995346428571429,0.7678571428571428,1.0,0.9107142857142858,0.5,0.875,0.2321428571428571,0.9107142857142858,0.75,0.0
ACM Research Inc.,0.0215787151655214,0.0512291666666666,0.5820213242138563,6.612421085117219,1.0,0.21,0.1584285714285714,0.1115,0.25,0.2678571428571429,0.9746071428571429,0.5535714285714286,0.7678571428571428,0.75,0.7321428571428571,0.875,0.25,0.7321428571428571,0.4285714285714286,0.0
Nu Holdings,0.021522178381908442,0.03984375,0.7714670529586456,14.937384503233195,0.9642857142857142,0.1660714285714285,0.1292142857142857,0.2360714285714285,0.4107142857142857,0.6428571428571429,0.9860714285714286,0.7321428571428571,0.8214285714285714,0.75,0.5714285714285714,0.75,0.75,0.9464285714285714,0.3392857142857143,0.0
ASML Holding NV,0.0214413142645266,0.0241666666666666,0.4674983495718233,9.043643042167396,0.8035714285714286,0.0715714285714285,0.1320357142857142,0.1381928571428571,0.3928571428571429,0.4285714285714286,0.9988214285714286,1.0,1.0,0.9642857142857142,0.5,0.7678571428571428,0.7678571428571428,1.0,0.7678571428571428,0.0
PDD Holdings,0.02114026538857695,0.0342395833333333,0.7799508714468536,17.76666952831999,1.0,0.1503571428571428,0.1486071428571428,0.1425714285714285,0.4285714285714286,0.25,0.9886428571428572,0.5892857142857143,0.7678571428571428,0.75,0.25,0.75,0.1785714285714285,0.9642857142857142,0.625,0.0
AMAZON.COM INC,0.020816704857909558,0.0045625,0.1333643089995477,3.89830989916205,0.8214285714285714,0.0281428571428571,0.1061571428571428,0.1761428571428571,0.5,0.5178571428571429,0.99575,0.8571428571428572,1.0,0.9642857142857142,0.4642857142857143,0.8928571428571428,0.3035714285714286,0.9821428571428572,0.5714285714285714,0.0
Meituan,0.020659745031359908,0.0117104166666666,0.2850181281509636,6.937014769586548,1.0,0.0782142857142857,0.1178642857142857,0.1316428571428571,0.4107142857142857,0.3571428571428571,0.9950357142857142,0.6607142857142857,0.8928571428571428,0.75,0.6071428571428571,0.7678571428571428,0.25,0.75,0.75,0.0
NVIDIA CORP,0.02055218139256194,0.0704791666666666,1.5726031441359254,35.08952738676249,0.8035714285714286,0.0687142857142857,0.1464285714285714,0.2275,0.2678571428571429,0.3571428571428571,0.9994135714285715,0.8035714285714286,1.0,0.875,0.6071428571428571,0.9285714285714286,0.5714285714285714,0.9821428571428572,0.4107142857142857,0.0
KUAISHOU TECHNOLOGY,0.020318890963065415,-0.0027604166666666,-0.0987425341113297,-3.5321073664218967,1.0,0.0753571428571428,0.1169714285714285,0.1440714285714285,0.3571428571428571,0.3392857142857143,0.9856785714285715,0.4107142857142857,0.7857142857142858,0.75,0.5892857142857143,0.875,0.375,0.7142857142857143,0.75,0.0
MARVELL TECHNOLOGY INC,0.020275097103861137,0.0154604166666666,0.4103800671937614,10.89309578008071,0.9285714285714286,0.0768571428571428,0.1925714285714286,0.2017857142857142,0.25,0.4285714285714286,0.9908571428571429,0.7321428571428571,0.9464285714285714,0.75,0.4285714285714286,0.8392857142857142,0.7678571428571428,0.8214285714285714,0.7678571428571428,0.0
SUPER MICRO COMPUTER INC,0.020248717628998374,0.0486979166666666,0.5962648982359182,7.300760550022638,0.8928571428571428,0.1832142857142857,0.1494714285714285,0.2105714285714285,0.125,0.25,0.9582142857142858,0.5535714285714286,1.0,0.75,0.5714285714285714,0.6785714285714286,0.25,0.8571428571428572,0.7678571428571428,0.0
ADOBE INC,0.020177341113494087,-0.0038125,-0.1038586515518927,-2.8292772464727807,0.9285714285714286,0.0336428571428571,0.1105642857142857,0.1121428571428571,0.5357142857142857,0.5535714285714286,0.9977857142857143,0.7857142857142858,0.7857142857142858,0.7857142857142858,0.5892857142857143,0.7142857142857143,0.7321428571428571,0.7857142857142858,0.7678571428571428,0.0
ON SEMICONDUCTOR CORP,0.020109982352836377,0.00119375,0.0246775098018055,0.5101398869262468,1.0,0.0442142857142857,0.1278857142857142,0.0705714285714285,0.3392857142857143,0.3392857142857143,0.986,0.7321428571428571,0.7678571428571428,0.75,0.5178571428571429,0.4107142857142857,0.75,0.7142857142857143,0.8035714285714286,0.0
MICROSOFT CORP,0.019960657902074644,-0.0018749999999999,-0.0391643971314359,-0.8180533347567075,0.7142857142857143,0.016,0.10555,0.1327857142857142,0.8214285714285714,0.7142857142857143,0.9995706428571429,1.0,1.0,0.9464285714285714,0.6071428571428571,0.8928571428571428,0.8571428571428572,1.0,0.25,0.0
DRAFTKINGS INC,0.019887193744966548,0.00781875,0.2053887394208425,5.395304144637279,0.9821428571428572,0.0917857142857142,0.1674285714285714,0.1689285714285714,0.125,0.3928571428571429,0.9572857142857143,0.5535714285714286,0.6607142857142857,0.75,0.5178571428571429,0.7857142857142858,0.1964285714285714,0.6785714285714286,0.75,0.0
CRISPR Therapeutics AG,0.019682417504073308,0.0258958333333333,0.5253223077154358,10.656676826393085,0.9464285714285714,0.1180714285714285,0.16735,0.2024285714285714,0.125,0.2857142857142857,0.9165714285714286,0.6607142857142857,0.5357142857142857,0.75,0.6964285714285714,0.6964285714285714,0.2678571428571429,0.9642857142857142,0.8035714285714286,0.0
Magnite Inc.,0.019575805621052742,-0.0053541666666666,-0.1508429525362432,-4.249698925419701,0.9464285714285714,0.0622857142857142,0.1207642857142857,0.1485714285714285,0.3392857142857143,0.5535714285714286,0.9699285714285715,0.7321428571428571,0.6607142857142857,0.75,0.5892857142857143,0.7857142857142858,0.6607142857142857,0.6785714285714286,0.3392857142857143,0.0
BLOCK INC,0.01945481988956688,0.0098125,0.3531240210591774,12.707931133656295,0.9464285714285714,0.0884285714285714,0.1375,0.1417857142857143,0.2321428571428571,0.25,0.9545,0.5,0.7321428571428571,0.75,0.3571428571428571,0.75,0.25,0.6785714285714286,0.8214285714285714,0.0
BYD Company Limited,0.019394707316523038,0.0226458333333333,0.6620270194386219,19.35366069402548,0.7678571428571428,0.1738571428571428,0.0992857142857142,0.1753571428571428,0.375,0.4285714285714286,0.9809642857142858,0.75,0.8214285714285714,0.75,0.5892857142857143,0.9107142857142858,0.4642857142857143,0.9821428571428572,0.3035714285714286,0.0
ADVANCED MICRO DEVICES INC,0.019324490186779553,0.0298812499999999,0.9000903565772351,27.11274294091895,0.7857142857142858,0.1242142857142857,0.1804571428571428,0.2187857142857143,0.2857142857142857,0.4107142857142857,0.9933428571428572,0.7142857142857143,0.7678571428571428,0.75,0.2857142857142857,0.75,0.75,0.9821428571428572,0.6607142857142857,0.0
Li Auto Inc.,0.018927191298436424,0.0265229166666666,0.856216231224586,27.640483278137474,0.875,0.0719285714285714,0.1267857142857142,0.2057142857142857,0.3571428571428571,0.2857142857142857,0.9555,0.3928571428571429,0.75,0.75,0.4464285714285714,0.6964285714285714,0.6607142857142857,0.6428571428571429,0.6607142857142857,0.0
APPLIED MATERIALS INC,0.018836451875617374,-0.0037291666666666,-0.1146561718152232,-3.525194476510924,0.8214285714285714,0.0404285714285714,0.1037142857142857,0.0965,0.4821428571428571,0.5714285714285714,0.9953571428571429,0.8928571428571428,0.9642857142857142,0.75,0.5178571428571429,0.8392857142857142,0.5714285714285714,0.8571428571428572,0.6071428571428571,0.0
GITLAB INC,0.018680001071772787,0.0321666666666666,0.7183266649091564,16.04123930112471,0.7857142857142858,0.0937142857142857,0.1043142857142857,0.2291428571428571,0.4107142857142857,0.3571428571428571,0.9928928571428572,0.5714285714285714,0.7678571428571428,0.75,0.6071428571428571,0.7678571428571428,0.2142857142857143,0.7321428571428571,0.6607142857142857,0.0
META PLATFORMS INC,0.018626780861482627,-0.0011895833333333,-0.0375865583958919,-1.1876001726496372,0.8571428571428572,0.0475,0.1274785714285714,0.1285,0.3928571428571429,0.375,0.998442142857143,0.6964285714285714,0.9464285714285714,0.75,0.3214285714285714,0.8392857142857142,0.2321428571428571,0.75,0.3035714285714286,0.0
NETEASE INC,0.01846317943057969,0.0019583333333333,0.0543313290797934,1.5073497802094329,0.8035714285714286,0.0577857142857142,0.0963499999999999,0.0822142857142857,0.6785714285714286,0.4464285714285714,0.9949992857142858,0.6428571428571429,0.75,0.75,0.3571428571428571,0.8035714285714286,0.4285714285714286,0.6785714285714286,0.6964285714285714,0.0
"MongoDB, Inc.",0.018399904491426308,0.048875,0.9764482875429328,19.507954132900792,0.7857142857142858,0.0832142857142857,0.1222142857142857,0.1620714285714286,0.25,0.3035714285714286,0.9869285714285715,0.625,0.7857142857142858,0.75,0.5178571428571429,0.4107142857142857,0.3035714285714286,0.7857142857142858,0.7678571428571428,0.0
MediaTek Inc.,0.018298464031466816,-0.0044833333333333,-0.1410473526022757,-4.437402753035845,0.7678571428571428,0.0475,0.1367857142857143,0.1171428571428571,0.5,0.4285714285714286,0.9982428571428572,0.75,0.8928571428571428,0.75,0.6428571428571429,0.7857142857142858,0.75,0.75,0.5357142857142857,0.0
WiseTech Global Limited,0.01805860531028439,0.0243749999999999,0.5183718059265443,11.0239724791609,0.6785714285714286,0.1053571428571428,0.0927785714285714,0.2078571428571428,0.4464285714285714,0.4464285714285714,0.99435,0.8035714285714286,0.8214285714285714,0.7678571428571428,0.6964285714285714,0.5,0.1607142857142857,0.8392857142857142,0.7678571428571428,0.0
"Bill.com Holdings, Inc.",0.018021212329185847,0.0107708333333333,0.2805792104470928,7.309062437302656,0.8571428571428572,0.0504999999999999,0.1251357142857142,0.1341428571428571,0.3214285714285714,0.3928571428571429,0.9226428571428572,0.6071428571428571,0.6964285714285714,0.75,0.4821428571428571,0.5892857142857143,0.3214285714285714,0.6785714285714286,0.8035714285714286,0.0
ADYEN NV,0.017765882836467538,0.0165791666666666,0.3722804788734117,8.35945242222971,0.6428571428571429,0.088,0.0991428571428571,0.1955714285714285,0.4464285714285714,0.6071428571428571,0.9976428571428572,0.8928571428571428,0.9821428571428572,0.75,0.5357142857142857,0.875,0.75,0.8035714285714286,0.4285714285714286,0.0
ARISTA NETWORKS INC,0.01766645193286421,0.0312125,0.789582174195988,19.974049172865467,0.6428571428571429,0.0605714285714285,0.1215785714285714,0.1522142857142857,0.4821428571428571,0.6964285714285714,0.9963464285714286,0.8928571428571428,1.0,0.75,0.3214285714285714,0.8214285714285714,0.7678571428571428,0.9464285714285714,0.5535714285714286,0.0
Lululemon Athletica Inc.,0.0175979740354859,-0.0013479166666666,-0.0327163829825469,-0.7940859712845888,0.7678571428571428,0.0455714285714285,0.0935999999999999,0.1024285714285714,0.5178571428571429,0.5178571428571429,0.9951428571428572,0.7142857142857143,0.625,0.75,0.3571428571428571,0.4285714285714286,0.2678571428571429,0.5178571428571429,0.75,0.0
"Confluent, Inc.",0.017428057193927166,0.03940625,0.9185284412649624,21.410169640923492,0.6428571428571429,0.1028571428571428,0.09705,0.2057142857142857,0.2678571428571429,0.5178571428571429,0.9765714285714286,0.6964285714285714,0.8571428571428572,0.75,0.5357142857142857,0.75,0.2142857142857143,0.8035714285714286,0.8035714285714286,0.0
"DexCom, Inc.",0.017299526621790046,0.0204166666666666,0.3909465834620159,7.48600315692847,0.7321428571428571,0.0482142857142857,0.1047071428571428,0.1503071428571428,0.4285714285714286,0.3035714285714286,0.9883571428571429,0.6785714285714286,0.7321428571428571,0.75,0.3214285714285714,0.7857142857142858,0.25,0.7857142857142858,0.3035714285714286,0.0
"Paycom Software, Inc.",0.01711897317101135,0.0217083333333333,0.4444494849677825,9.09951683784079,0.6785714285714286,0.0545,0.0596,0.1019285714285714,0.7142857142857143,0.5535714285714286,0.9900714285714286,0.625,0.7321428571428571,0.75,0.6071428571428571,0.5357142857142857,0.5,0.6607142857142857,0.2678571428571429,0.0
INTUIT INC,0.016872633890187744,-0.002875,-0.0614866088819567,-1.3149923728009465,0.5714285714285714,0.0296428571428571,0.1116785714285714,0.1437142857142857,0.7678571428571428,0.6607142857142857,0.9962107142857143,0.8214285714285714,0.9821428571428572,0.8035714285714286,0.5535714285714286,0.9107142857142858,0.5357142857142857,0.75,0.3392857142857143,0.0
"Synopsys, Inc.",0.016745658107755402,0.0211458333333333,0.5483763374617208,14.221080945242056,0.5357142857142857,0.0326428571428571,0.1141428571428571,0.1317857142857142,0.625,0.5535714285714286,0.9986785714285715,0.9464285714285714,1.0,0.7857142857142858,0.5178571428571429,0.8035714285714286,0.7321428571428571,0.9285714285714286,0.5892857142857143,0.0
Agilysys Inc.,0.016693275281950547,-0.0030395833333333,-0.0663402593819699,-1.4479056937191133,0.6607142857142857,0.0428571428571428,0.0937214285714285,0.1375714285714285,0.5535714285714286,0.3214285714285714,0.9900714285714286,0.7142857142857143,0.7321428571428571,0.75,0.5,0.6785714285714286,0.375,0.5892857142857143,0.6607142857142857,0.0
PURE STORAGE INC,0.016622815346999206,0.0003229166666666,0.0089892427962861,0.2502394406727711,0.5892857142857143,0.0533571428571428,0.1106428571428571,0.1692857142857142,0.5357142857142857,0.6785714285714286,0.9964285714285716,0.6964285714285714,0.8571428571428572,0.75,0.6607142857142857,0.7678571428571428,0.4285714285714286,0.8035714285714286,0.5535714285714286,0.0
WORKDAY INC,0.016459257623746705,-0.0042291666666666,-0.1584509786395609,-5.936562592749066,0.6071428571428571,0.0377142857142857,0.0911428571428571,0.1794285714285714,0.7678571428571428,0.5892857142857143,0.9919285714285715,0.8214285714285714,0.7857142857142858,0.75,0.6428571428571429,0.7142857142857143,0.2857142857142857,0.75,0.4464285714285714,0.0
Global X Robotics & Artificial Intelligence ETF,0.016127160680989922,0.0084375,0.364241170440974,15.724045065980524,0.5714285714285714,0.0672857142857142,0.0994857142857142,0.2200714285714285,0.125,0.25,0.995,0.4285714285714286,0.7857142857142858,0.75,0.4285714285714286,0.625,0.7142857142857143,0.9107142857142858,0.5357142857142857,0.0
"Airbnb, Inc.",0.0160913841447725,-0.0026375,-0.0861326169334611,-2.8128256681730237,0.5892857142857143,0.0451428571428571,0.0751428571428571,0.1212142857142857,0.5,0.5,0.9982135714285715,0.7857142857142858,0.75,0.75,0.4285714285714286,0.625,0.2857142857142857,0.6428571428571429,0.6428571428571429,0.0
ZSCALER INC,0.015740398955440233,0.058875,1.0147798770005112,17.490924819790617,0.4464285714285714,0.0553571428571428,0.1000142857142857,0.1689999999999999,0.375,0.5714285714285714,0.99685,0.7678571428571428,0.9285714285714286,0.7678571428571428,0.7321428571428571,0.875,0.6428571428571429,0.9285714285714286,0.25,0.0
NUTANIX INC A,0.01526691073650959,-0.0013958333333333,-0.0353781663413409,-0.8966791548720657,0.4821428571428571,0.0809285714285714,0.1071285714285714,0.1807142857142857,0.2857142857142857,0.5357142857142857,0.9692142857142858,0.7142857142857143,0.75,0.75,0.6428571428571429,0.8214285714285714,0.5892857142857143,0.7678571428571428,0.25,0.0
Sea Limited,0.014982903101377705,0.0086249999999999,0.2445075551966141,6.9314718316783,0.4107142857142857,0.1046428571428571,0.1019499999999999,0.1927857142857142,0.4107142857142857,0.5535714285714286,0.9823571428571429,0.6964285714285714,0.7142857142857143,0.75,0.7321428571428571,0.8392857142857142,0.2857142857142857,0.625,0.4464285714285714,0.0
KLA Corporation,0.014826936890789887,0.0031458333333333,0.0798494727441737,2.0267883329873,0.3928571428571429,0.0315714285714285,0.0965357142857142,0.1173571428571428,0.4107142857142857,0.4642857142857143,0.9981428571428572,0.9285714285714286,0.9107142857142858,0.7857142857142858,0.4285714285714286,0.75,0.7678571428571428,0.8214285714285714,0.4642857142857143,0.0
UIPATH INC - CLASS A,0.014523060054782884,0.0048145833333333,0.1151893591072571,2.7559162512935975,0.4821428571428571,0.053,0.1012214285714285,0.1496428571428571,0.2857142857142857,0.3392857142857143,0.9767142857142858,0.5,0.6071428571428571,0.75,0.4821428571428571,0.4107142857142857,0.2857142857142857,0.6071428571428571,0.6785714285714286,0.0
Atlassian Corporation Plc,0.014393277690856396,0.01978125,0.4192515194881946,8.885780048943321,0.3392857142857143,0.0703571428571428,0.0786357142857142,0.1969999999999999,0.4285714285714286,0.5535714285714286,0.9891785714285715,0.7678571428571428,0.8035714285714286,0.7678571428571428,0.5178571428571429,0.8214285714285714,0.2678571428571429,0.7321428571428571,0.75,0.0
APPLOVIN CORP,0.01430436797204184,0.0228749999999999,0.6048356183251515,15.992398915618294,0.4464285714285714,0.0593571428571428,0.1191428571428571,0.1878571428571428,0.1785714285714285,0.25,0.9735357142857143,0.5892857142857143,0.875,0.75,0.3392857142857143,0.7142857142857143,0.1964285714285714,0.6607142857142857,0.2678571428571429,0.0
OKTA INC,0.014216639235812649,0.0116729166666666,0.2735474983572745,6.410414465752469,0.4107142857142857,0.0498571428571428,0.0711214285714285,0.1411428571428571,0.4285714285714286,0.6607142857142857,0.9871428571428572,0.5,0.6964285714285714,0.75,0.5535714285714286,0.75,0.2857142857142857,0.6607142857142857,0.2678571428571429,0.0
SNOWFLAKE INC,0.013949370695478117,0.03040625,0.5368742506440315,9.47943139994542,0.3571428571428571,0.0719285714285714,0.0962714285714285,0.2042857142857142,0.25,0.3392857142857143,0.9873571428571429,0.6071428571428571,0.7857142857142858,0.75,0.7142857142857143,0.7678571428571428,0.2142857142857143,0.6785714285714286,0.2857142857142857,0.0
Toast Inc.,0.013363095512787119,-0.0043541666666666,-0.1024454119016313,-2.4103492638533743,0.2857142857142857,0.0929999999999999,0.0997499999999999,0.2008571428571428,0.2857142857142857,0.4821428571428571,0.98925,0.7142857142857143,0.75,0.75,0.5535714285714286,0.6964285714285714,0.2857142857142857,0.75,0.25,0.0
Celsius Holdings Inc.,0.013190973585286273,-0.0049999999999999,-0.0647948903716394,-0.8396755636545538,0.3214285714285714,0.0717857142857142,0.1076642857142857,0.1791428571428571,0.25,0.3571428571428571,0.9828928571428572,0.4821428571428571,0.1071428571428571,0.75,0.4821428571428571,0.7678571428571428,0.2321428571428571,0.8571428571428572,0.7142857142857143,0.0
Axsome Therapeutics Inc.,0.0,0.0305020833333333,0.3658399791993997,4.387860623092431,0.9642857142857142,0.1203571428571428,0.1456785714285714,0.3032857142857142,0.2321428571428571,0.4107142857142857,0.85,0.75,0.375,0.75,0.5535714285714286,0.9464285714285714,0.2321428571428571,0.7321428571428571,0.5892857142857143,1.0
Arcellx Inc.,0.0,0.0198125,0.3811696406197754,7.333264097423784,0.9642857142857142,0.1332142857142857,0.1735857142857143,0.2455,0.0714285714285714,0.3392857142857143,0.8905,0.75,0.4642857142857143,0.75,0.4464285714285714,0.8928571428571428,0.2678571428571429,0.7857142857142858,0.8214285714285714,0.0
Enovix Corporation,0.0,0.0330833333333333,0.468513719936185,6.634915035821926,0.9464285714285714,0.0930714285714285,0.1856285714285714,0.3532142857142857,0.0,0.25,0.5571428571428572,0.6785714285714286,0.5535714285714286,0.7321428571428571,0.6785714285714286,0.7142857142857143,0.25,0.6607142857142857,0.8571428571428572,1.0
Immunovant Inc.,0.0,-0.0001875,-0.0020504324449649,-0.0224227904606134,0.9464285714285714,0.099,0.2292785714285714,0.1771428571428571,0.0892857142857143,0.25,0.5758571428571428,0.6785714285714286,0.2678571428571429,0.625,0.4642857142857143,0.6785714285714286,0.25,0.7321428571428571,0.9642857142857142,1.0
FPT Corporation,0.0,0.0230625,0.4900080594065902,10.411182581394575,0.875,0.2972857142857142,0.1779285714285714,0.1825714285714285,0.75,0.6785714285714286,0.9981428571428572,0.8392857142857142,0.9464285714285714,0.75,0.6785714285714286,0.8392857142857142,0.7678571428571428,0.8214285714285714,0.3392857142857143,0.0
"Marathon Digital Holdings, Inc.",0.0,0.0146791666666666,0.1903184233020359,2.467517609867018,0.8571428571428572,0.0700714285714285,0.1802857142857142,0.1435714285714285,0.0,0.2142857142857143,0.7375,0.3571428571428571,0.5,0.625,0.2857142857142857,0.6964285714285714,0.1964285714285714,0.3392857142857143,0.625,1.0
Progyny Inc.,0.0,0.0262625,0.4603267068131165,8.068564569458692,0.8214285714285714,0.0728571428571428,0.1017928571428571,0.0959785714285714,0.4107142857142857,0.3928571428571429,0.9905714285714285,0.5892857142857143,0.5,0.75,0.5178571428571429,0.7321428571428571,0.5,0.7142857142857143,0.6785714285714286,0.0
StoneCo Ltd.,0.0,-0.000375,-0.0069779953156299,-0.1298464496665434,0.8214285714285714,0.0594285714285714,0.1421,0.1265714285714285,0.2142857142857143,0.3214285714285714,0.8555714285714286,0.5178571428571429,0.5535714285714286,0.7142857142857143,0.5178571428571429,0.7678571428571428,0.375,0.6785714285714286,0.4464285714285714,1.0
Insmed Incorporated,0.0,-0.0016041666666666,-0.0267001973694914,-0.4444055311603924,0.8214285714285714,0.1314285714285714,0.1276,0.2903571428571428,0.0892857142857143,0.3214285714285714,0.7076428571428572,0.7857142857142858,0.625,0.75,0.5178571428571429,1.0,0.4107142857142857,0.8214285714285714,0.6785714285714286,1.0
iShares Ethereum Trust ETF,0.0,0.0266666666666666,0.3628068497917932,4.936080384594178,0.8035714285714286,0.4157142857142857,0.2835142857142857,0.13955,0.0,0.2321428571428571,0.9919842857142858,0.6071428571428571,0.1428571428571428,0.6607142857142857,0.3214285714285714,0.7142857142857143,0.7857142857142858,0.9285714285714286,0.2857142857142857,1.0
GENIUS SPORTS LTD,0.0,0.0015229166666666,0.0296024018334382,0.5754104695868788,0.7678571428571428,0.1112857142857143,0.1463071428571428,0.1885714285714285,0.375,0.6964285714285714,0.9753571428571429,0.7678571428571428,0.8392857142857142,0.75,0.5714285714285714,0.9107142857142858,0.7321428571428571,0.8571428571428572,0.7321428571428571,0.0
iShares Bitcoin Trust ETF,0.0,-0.0011874999999999,-0.0221278122215283,-0.4123284831252371,0.75,0.6477857142857143,0.2325499999999999,0.159,0.0,0.2678571428571429,0.9964135714285715,0.4821428571428571,0.0714285714285714,0.6607142857142857,0.5,0.875,0.625,0.8928571428571428,0.2678571428571429,1.0
Lam Research Corporation,0.0,0.0078125,0.1589925534561501,3.2356649029768665,0.7321428571428571,0.0724285714285714,0.1026285714285714,0.1078214285714285,0.4285714285714286,0.625,0.9980357142857142,0.8392857142857142,1.0,0.75,0.5178571428571429,0.875,0.8035714285714286,0.7678571428571428,0.4642857142857143,0.0
UNITY SOFTWARE INC,0.0,0.0001291666666666,0.0019544356050823,0.0295727886535256,0.6964285714285714,0.0510714285714285,0.1002214285714285,0.1713571428571428,0.2321428571428571,0.3035714285714286,0.8325,0.5357142857142857,0.7321428571428571,0.6785714285714286,0.5,0.75,0.3035714285714286,0.5714285714285714,0.75,1.0
TRADE DESK INC,0.0,0.040625,0.7692814654120641,14.567236259114653,0.6785714285714286,0.1421428571428571,0.1598,0.1755,0.3392857142857143,0.3392857142857143,0.9867857142857143,0.5535714285714286,0.75,0.75,0.5,0.6607142857142857,0.25,0.8392857142857142,0.2321428571428571,1.0
VanEck Crypto Leaders ETN,0.0,0.0038125,0.0594571786420997,0.9272540569386392,0.6785714285714286,0.342,0.2029428571428571,0.1598571428571428,0.0,0.25,0.963,0.1964285714285714,0.25,0.5714285714285714,0.4285714285714286,0.4107142857142857,0.7321428571428571,0.75,0.3392857142857143,1.0
NIO Inc.,0.0,-0.0011041666666666,-0.0201940311672955,-0.3693273009379965,0.6785714285714286,0.0533571428571428,0.1371071428571428,0.1846428571428571,0.0178571428571428,0.2142857142857143,0.5075000000000001,0.4107142857142857,0.7142857142857143,0.5535714285714286,0.3571428571428571,0.5357142857142857,0.625,0.3571428571428571,0.8392857142857142,1.0
VanEck Solana ETN,0.0,0.0323354166666666,0.5133976447906625,8.151345145594206,0.6071428571428571,0.2817857142857142,0.21605,0.1753571428571428,0.0,0.2321428571428571,0.9685,0.625,0.2142857142857143,0.5714285714285714,0.4107142857142857,0.7678571428571428,0.625,0.75,0.2678571428571429,1.0
RUBRIK INC-A,0.0,0.0249375,0.562673856807123,12.695814301120912,0.4642857142857143,0.0922857142857142,0.1479285714285714,0.1893571428571428,0.1964285714285714,0.4107142857142857,0.9612142857142858,0.75,0.8571428571428572,0.75,0.5535714285714286,0.9464285714285714,0.4642857142857143,0.7857142857142858,0.2142857142857143,1.0
Hims & Hers Health Inc,0.0,0.0184166666666666,0.4802061582359594,12.52115589544286,0.4107142857142857,0.1244285714285714,0.1342285714285714,0.2167857142857142,0.3214285714285714,0.2857142857142857,0.9883214285714286,0.4285714285714286,0.75,0.75,0.5892857142857143,0.5,0.2321428571428571,0.7678571428571428,0.1428571428571428,1.0
BROADCOM INC,0.0,0.0091604166666666,0.1630539884306662,2.902335571687732,0.375,0.0241428571428571,0.1516642857142857,0.1428571428571428,0.3392857142857143,0.5357142857142857,0.9888571428571429,0.8928571428571428,1.0,0.75,0.4642857142857143,0.9821428571428572,0.5892857142857143,0.8928571428571428,0.2142857142857143,1.0
Next Generation Internet Innovation Index,0.0,0.0,,,0.3392857142857143,0.0517857142857142,0.0996285714285714,0.1951428571428571,0.0535714285714285,0.2857142857142857,0.9999285714285714,0.4464285714285714,0.8035714285714286,0.7321428571428571,0.3214285714285714,0.7678571428571428,0.7321428571428571,0.9107142857142858,0.5714285714285714,0.0
FORTINET INC,0.0,0.0240625,0.5880681534934563,14.371912858314944,0.2678571428571429,0.0417857142857142,0.0681285714285714,0.1109285714285714,0.6071428571428571,0.6428571428571429,0.9980714285714286,0.8035714285714286,0.8571428571428572,0.75,0.3392857142857143,0.625,0.6428571428571429,0.75,0.6607142857142857,1.0
iShares Semiconductor ETF ,0.0,0.0045958333333333,0.1186156966860323,3.0613998550091357,0.25,0.0980714285714285,0.1142571428571428,0.0896428571428571,0.0892857142857143,0.25,0.9939285714285715,0.6964285714285714,0.9821428571428572,0.75,0.4821428571428571,0.6785714285714286,0.7678571428571428,1.0,0.4464285714285714,1.0
MERCADOLIBRE INC,0.0,0.0670999999999999,1.3269559486019804,26.241610872282887,0.2321428571428571,0.1553571428571428,0.145,0.2251428571428571,0.4642857142857143,0.5535714285714286,0.9958035714285715,0.9642857142857142,0.9285714285714286,0.8035714285714286,0.6964285714285714,0.9464285714285714,0.6607142857142857,1.0,0.2142857142857143,1.0
DATADOG INC,0.0,0.0449583333333333,1.008372050394457,22.616812426692597,0.2321428571428571,0.1148571428571428,0.0881357142857142,0.1987142857142857,0.5892857142857143,0.4642857142857143,0.9986785714285715,0.75,0.8571428571428572,0.75,0.5357142857142857,0.7857142857142858,0.3392857142857143,0.875,0.4285714285714286,1.0
Monday.com Ltd.,0.0,0.0345208333333333,0.7911565161302886,18.13190970714541,0.2321428571428571,0.0987857142857143,0.1162142857142857,0.2115714285714285,0.5,0.5892857142857143,0.9971785714285715,0.6607142857142857,0.7857142857142858,0.75,0.5357142857142857,0.8571428571428572,0.5892857142857143,0.7678571428571428,0.375,1.0
MASTERCARD INC,0.0,0.00063125,0.0140424244223549,0.3123796968832468,0.2321428571428571,0.0140714285714285,0.1120285714285714,0.1341428571428571,0.7142857142857143,0.5357142857142857,0.9995142857142858,0.9285714285714286,0.8214285714285714,0.8928571428571428,0.4464285714285714,0.8571428571428572,0.7321428571428571,0.6964285714285714,0.3392857142857143,1.0
ROBLOX CORP -CLASS A,0.0,0.01108125,0.2096324606250504,3.965777195507125,0.1964285714285714,0.0409999999999999,0.0818571428571428,0.1520714285714285,0.1964285714285714,0.3035714285714286,0.8736428571428572,0.6607142857142857,0.75,0.75,0.5357142857142857,0.75,0.2857142857142857,0.6428571428571429,0.2678571428571429,1.0
Vertex Pharmaceuticals Inc.,0.0,0.0002958333333333,0.0083530611790219,0.2358545275283932,0.1964285714285714,0.0445714285714285,0.0958785714285714,0.1534285714285714,0.6964285714285714,0.6964285714285714,0.9977857142857143,0.8571428571428572,0.6785714285714286,0.7857142857142858,0.7321428571428571,0.75,0.6428571428571429,0.9642857142857142,0.7678571428571428,1.0
PALO ALTO NETWORKS INC,0.0,0.0223125,0.5467274596183912,13.396567623564351,0.1607142857142857,0.04,0.0984735714285714,0.1448428571428571,0.5357142857142857,0.4285714285714286,0.9946785714285715,0.8035714285714286,0.9642857142857142,0.75,0.6785714285714286,0.75,0.6607142857142857,0.8214285714285714,0.3214285714285714,1.0
"Cadence Design Systems, Inc.",0.0,0.0193333333333333,0.3584739852224148,6.646737831788281,0.1607142857142857,0.0317857142857142,0.0835785714285714,0.122,0.7142857142857143,0.5,0.9978571428571429,0.9464285714285714,1.0,0.75,0.6428571428571429,0.7678571428571428,0.6785714285714286,0.8928571428571428,0.2857142857142857,1.0
MICROSTRATEGY INC,0.0,0.0271041666666666,0.1861063810188813,1.277869394838864,0.1071428571428571,0.1619285714285714,0.1625857142857142,0.1639999999999999,0.0,0.1428571428571428,0.7277142857142858,0.1607142857142857,0.4285714285714286,0.5892857142857143,0.3214285714285714,0.7857142857142858,0.25,0.625,0.1785714285714285,1.0
Shopify Inc.,0.0,0.0118979166666666,0.3579110520883907,10.766617786616878,0.0892857142857143,0.08,0.0809714285714285,0.1921428571428571,0.2678571428571429,0.5535714285714286,0.996785,0.8214285714285714,0.8214285714285714,0.75,0.375,0.75,0.25,0.8571428571428572,0.6428571428571429,1.0
CLOUDFLARE INC,0.0,0.0413645833333333,0.9286330829292012,20.84777201214226,0.0714285714285714,0.0829285714285714,0.0914571428571428,0.2589285714285714,0.3214285714285714,0.3571428571428571,0.9897142857142858,0.7857142857142858,0.9464285714285714,0.75,0.4464285714285714,0.7142857142857143,0.2321428571428571,0.9642857142857142,0.3392857142857143,1.0
"Intuitive Surgical, Inc.",0.0,0.009375,0.1919875636608309,3.9316506240449702,0.0714285714285714,0.0375,0.0748742857142857,0.1415714285714285,0.6607142857142857,0.6607142857142857,0.9986214285714285,0.9285714285714286,0.9285714285714286,0.875,0.3035714285714286,0.8392857142857142,0.6785714285714286,0.8928571428571428,0.2857142857142857,1.0
CROWDSTRIKE HOLDINGS INC,0.0,0.0700979166666666,0.8770111875025713,10.972489049313216,0.0535714285714285,0.0755,0.0974928571428571,0.2117857142857142,0.3035714285714286,0.375,0.9950714285714286,0.75,1.0,0.7678571428571428,0.75,0.8571428571428572,0.3571428571428571,0.8928571428571428,0.3928571428571429,1.0
Constellation Software Inc.,0.0,0.0494791666666666,0.8529758514044541,14.704528230652365,0.0535714285714285,0.0789285714285714,0.0974785714285714,0.1633571428571428,0.625,0.4821428571428571,0.99675,0.8928571428571428,0.5178571428571429,0.7857142857142858,0.7142857142857143,0.8035714285714286,0.6607142857142857,0.75,0.2321428571428571,1.0
"ServiceNow, Inc.",0.0,0.0350208333333333,0.7657511316391711,16.74359916069019,0.0535714285714285,0.0521428571428571,0.0908785714285714,0.1834999999999999,0.7321428571428571,0.6785714285714286,0.9973357142857143,0.875,0.9642857142857142,0.875,0.5892857142857143,0.9464285714285714,0.75,0.9642857142857142,0.2857142857142857,1.0
TESLA INC,0.0,0.023625,0.5253084868146305,11.680381219872034,0.0357142857142857,0.0405,0.0933428571428571,0.1932857142857142,0.25,0.25,0.9837857142857143,0.4285714285714286,0.8035714285714286,0.75,0.4464285714285714,0.7142857142857143,0.1785714285714285,0.7678571428571428,0.4642857142857143,1.0
ARM Holdings plc,0.0,0.0012916666666666,0.0356036657983052,0.9813840141502508,0.0178571428571428,0.0395714285714285,0.0966428571428571,0.1675,0.25,0.25,0.9970714285714286,0.8035714285714286,0.9821428571428572,0.7678571428571428,0.4821428571428571,0.7321428571428571,0.5357142857142857,0.9464285714285714,0.5714285714285714,1.0
PALANTIR TECHNOLOGIES INC,0.0,0.014875,0.3330916140313366,7.458825098353001,0.0,0.0561428571428571,0.0687714285714285,0.2471428571428571,0.2142857142857143,0.25,0.9969571428571429,0.6964285714285714,0.875,0.75,0.5714285714285714,0.6964285714285714,0.25,0.7857142857142858,0.25,1.0
Xero Limited,0.0,-0.0063958333333333,-0.1583251323139616,-3.919246518134222,,,,,,,,,,,,,,,,0.0
Rocket Pharmaceuticals Inc.,0.0,-0.0064166666666666,-0.1013325008301027,-1.6002507622570543,,,,,,,,,,,,,,,,0.0
COINBASE GLOBAL INC,0.0,-0.00690625,-0.1246406836048113,-2.2494552049918113,,,,,,,,,,,,,,,,0.0
First Trust Cloud Computing ETF,0.0,-0.0069666666666666,-0.2659205074946598,-10.150294206634078,,,,,,,,,,,,,,,,0.0
Silicon Laboratories Inc.,0.0,-0.0074583333333333,-0.2570249165376111,-8.85744907993287,,,,,,,,,,,,,,,,0.0
Kura Oncology Inc.,0.0,-0.0076687499999999,-0.1374205590468772,-2.4625147577840307,,,,,,,,,,,,,,,,0.0
TRIP.COM GROUP LTD,0.0,-0.0079166666666666,-0.159115485838552,-3.1980300421438055,,,,,,,,,,,,,,,,0.0
"First Solar, Inc.",0.0,-0.0091833333333333,-0.1758073950271859,-3.365688582168237,,,,,,,,,,,,,,,,0.0
HDFC Bank Limited,0.0,-0.0092708333333333,-0.2461487628564015,-6.5354657210682605,,,,,,,,,,,,,,,,0.0
DigitalOcean Holdings Inc.,0.0,-0.009375,-0.3466548435906652,-12.818088595719308,,,,,,,,,,,,,,,,0.0
PAGERDUTY INC,0.0,-0.0094583333333333,-0.2815065133642878,-8.378422949764014,,,,,,,,,,,,,,,,0.0
ARK Innovation ETF,0.0,-0.00958125,-0.2300755214436117,-5.524826673716877,,,,,,,,,,,,,,,,0.0
Global X Lithium & Battery Tech ETF,0.0,-0.0096458333333333,-0.3182530791908253,-10.50039109264191,,,,,,,,,,,,,,,,0.0
"Uber Technologies, Inc.",0.0,-0.0097083333333333,-0.2672003395395748,-7.354096630049519,,,,,,,,,,,,,,,,0.0
KraneShares Electric Vehicles & Future Mobility ETF,0.0,-0.0099583333333333,-0.3791779178550066,-14.437746616454376,,,,,,,,,,,,,,,,0.0
Games Workshop Group plc,0.0,-0.0101687499999999,-0.1687889803225472,-2.8016934115132393,,,,,,,,,,,,,,,,0.0
PT GoTo Gojek Tokopedia Tbk,0.0,-0.0109375,-0.2637284804026516,-6.359105040044964,,,,,,,,,,,,,,,,0.0
3IQ ETHER STAKING ETF,0.0,-0.0113229166666666,-0.1983250216631165,-3.473735202297022,,,,,,,,,,,,,,,,0.0
FAIR ISAAC CORP,0.0,-0.0113333333333333,-0.2290806711381346,-4.630407696096897,,,,,,,,,,,,,,,,0.0
Keyence Corporation,0.0,-0.0115416666666666,-0.2720076758506998,-6.410527860363843,,,,,,,,,,,,,,,,0.0
"Pinterest, Inc.",0.0,-0.0116020833333333,-0.2670509884817983,-6.146846941205006,,,,,,,,,,,,,,,,0.0
Grab Holdings Inc.,0.0,-0.0116041666666666,-0.2998704641067367,-7.749138548819216,,,,,,,,,,,,,,,,0.0
"Micron Tech, Inc.",0.0,-0.0116041666666666,-0.3344871776135342,-9.641508537554154,,,,,,,,,,,,,,,,0.0
ARK Fintech Innovation ETF,0.0,-0.0116354166666666,-0.4298146401197,-15.877439558350773,,,,,,,,,,,,,,,,0.0
Nasdaq 100 ETF,0.0,-0.0116604166666666,-0.3946474526192971,-13.3568650513261,,,,,,,,,,,,,,,,0.0
NXP SEMICONDUCTORS NV,0.0,-0.0116812499999999,-0.3119561271773394,-8.331011260223383,,,,,,,,,,,,,,,,0.0
NICE Ltd.,0.0,-0.01176875,-0.3718006211339328,-11.745996972964695,,,,,,,,,,,,,,,,0.0
SALESFORCE INC,0.0,-0.0122854166666666,-0.3869355511206025,-12.186735279986795,,,,,,,,,,,,,,,,0.0
ADVANTEST CORP,0.0,-0.0123333333333333,-0.2882587921532459,-6.737280912457966,,,,,,,,,,,,,,,,0.0
ARK Genomic Revolution ETF,0.0,-0.0128749999999999,-0.3898536194146514,-11.804725791899337,,,,,,,,,,,,,,,,0.0
ETFMG Prime Cyber Security ETF,0.0,-0.0134791666666666,-0.43365958073125,-13.951947966120825,,,,,,,,,,,,,,,,0.0
Reliance Industries Limited,0.0,-0.013625,-0.3048309105512226,-6.819954791008257,,,,,,,,,,,,,,,,0.0
"Marqeta, Inc. ",0.0,-0.0136479166666666,-0.3498402564481151,-8.967537538575458,,,,,,,,,,,,,,,,0.0
REDDIT INC-CL A,0.0,-0.0156270833333333,-0.3966693928821612,-10.068840351921232,,,,,,,,,,,,,,,,0.0
ICICI Bank Limited,0.0,-0.0159395833333333,-0.3373556501402507,-7.14001315476991,,,,,,,,,,,,,,,,0.0
ASM Pacific Tech Limited,0.0,-0.01626875,-0.6048051571079683,-22.4841661507119,,,,,,,,,,,,,,,,0.0
VanEck Video Gaming and eSports ETF,0.0,-0.0164270833333333,-0.693927203679603,-29.31347910249395,,,,,,,,,,,,,,,,0.0
"JD.com, Inc.",0.0,-0.0165625,-0.4375222829761834,-11.55778101740024,,,,,,,,,,,,,,,,0.0
Naspers Limited,0.0,-0.0168333333333333,-0.4491780983624335,-11.985799844464871,,,,,,,,,,,,,,,,0.0
Eli Lilly Inc.,0.0,-0.017375,-0.3889033206832151,-8.704793832427722,,,,,,,,,,,,,,,,0.0
CORPAY INC,0.0,-0.0176104166666666,-0.4707497490770707,-12.58376394214362,,,,,,,,,,,,,,,,0.0
STMICROELECTRONICS NV NY SHS,0.0,-0.0180833333333333,-0.5453930342754613,-16.449044894167436,,,,,,,,,,,,,,,,0.0
ROKU INC,0.0,-0.0184604166666666,-0.379949814709746,-7.820076020203787,,,,,,,,,,,,,,,,0.0
TENCENT HOLDINGS LTD,0.0,-0.0186666666666666,-0.6865096222024973,-25.247971145175836,,,,,,,,,,,,,,,,0.0
EQUINIX INC,0.0,-0.0188125,-0.5077507532984139,-13.704230031899364,,,,,,,,,,,,,,,,0.0
QuantumScape Corporation,0.0,-0.0188541666666666,-0.1987718581850712,-2.0955713559166975,,,,,,,,,,,,,,,,0.0
Wingstop Inc.,0.0,-0.0191458333333333,-0.4349749021108987,-9.882211036329188,,,,,,,,,,,,,,,,0.0
Hermès International SCA,0.0,-0.0194375,-0.3684673884218756,-6.984860004138257,,,,,,,,,,,,,,,,0.0
UnitedHealth Group Inc.,0.0,-0.0200229166666666,-0.4217040620973319,-8.881539035990778,,,,,,,,,,,,,,,,0.0
Twilio Inc.,0.0,-0.0203125,-0.5182200341934938,-13.221021727483368,,,,,,,,,,,,,,,,0.0
"Rivian Automotive, Inc.",0.0,-0.0209374999999999,-0.3496234857217676,-5.838165099378584,,,,,,,,,,,,,,,,0.0
Alteryx,0.0,-0.0210416666666666,-0.3733179923240597,-6.623350022631291,,,,,,,,,,,,,,,,0.0
"Regeneron Pharmaceuticals, Inc.",0.0,-0.0212395833333333,-0.6280052771320638,-18.568661254609683,,,,,,,,,,,,,,,,0.0
SPOTIFY TECHNOLOGY SA,0.0,-0.0214666666666666,-0.4836567500968368,-10.897073846936363,,,,,,,,,,,,,,,,0.0
Bumble Inc. ,0.0,-0.02158125,-0.4620829770847708,-9.893804933056469,,,,,,,,,,,,,,,,0.0
BOOKING HOLDINGS INC,0.0,-0.0216895833333333,-0.5421877290475099,-13.55339699301259,,,,,,,,,,,,,,,,0.0
Xiaomi Corporation,0.0,-0.0219395833333333,-0.6596010428443386,-19.830528643646637,,,,,,,,,,,,,,,,0.0
GEN DIGITAL INC,0.0,-0.0221458333333333,-0.7057699247766881,-22.492320754963323,,,,,,,,,,,,,,,,0.0
Novo Nordisk AS,0.0,-0.0223145833333333,-0.6090869160828037,-16.62531026465923,,,,,,,,,,,,,,,,0.0
PROSUS NV,0.0,-0.0224520833333333,-0.576710697437357,-14.81355754834998,,,,,,,,,,,,,,,,0.0
VISA INC,0.0,-0.0229583333333333,-0.5860701937168111,-14.96094106555037,,,,,,,,,,,,,,,,0.0
Softtek,0.0,-0.0231104166666666,-0.6232304761513069,-16.806976352097415,,,,,,,,,,,,,,,,0.0
Plug Power Inc.,0.0,-0.0233333333333333,-0.2451320561331093,-2.5752739261733932,,,,,,,,,,,,,,,,0.0
ANALOG DEVICES INC,0.0,-0.0240208333333333,-0.6098996776074057,-15.485624981604191,,,,,,,,,,,,,,,,0.0
"Affirm Holdings, Inc. ",0.0,-0.0242499999999999,-0.5302512536525316,-11.594490391755931,,,,,,,,,,,,,,,,0.0
RENESAS ELECTRONICS CORP,0.0,-0.0248770833333333,-0.6064585142756656,-14.784366985844974,,,,,,,,,,,,,,,,0.0
"Ginkgo Bioworks Holdings, Inc.",0.0,-0.0251041666666666,-0.3993022085580858,-6.351226705767241,,,,,,,,,,,,,,,,0.0
ACCENTURE PLC CL A,0.0,-0.0254395833333333,-0.6692579597778602,-17.606664812750104,,,,,,,,,,,,,,,,0.0
"Baidu, Inc.",0.0,-0.0261166666666666,-0.7277178354286992,-20.27721434592334,,,,,,,,,,,,,,,,0.0
QUALCOMM INC,0.0,-0.0261708333333333,-0.888541687233308,-30.167412703126775,,,,,,,,,,,,,,,,0.0
TOTVS S.A.,0.0,-0.0263666666666666,-0.5737179176041375,-12.483650403793726,,,,,,,,,,,,,,,,0.0
MSCI Inc.,0.0,-0.0266895833333333,-0.6027391784787626,-13.61184671697461,,,,,,,,,,,,,,,,0.0
NETFLIX INC,0.0,-0.0271854166666666,-0.6406015170089103,-15.095236855328093,,,,,,,,,,,,,,,,0.0
HCL Technologies Limited,0.0,-0.0275625,-0.8035221499846245,-23.424865143434495,,,,,,,,,,,,,,,,0.0
Ferrari NV,0.0,-0.0279208333333333,-0.714861900868509,-18.30273227207896,,,,,,,,,,,,,,,,0.0
Teledyne Technologies Incorporated,0.0,-0.0279583333333333,-0.7282518647240396,-18.969327396985065,,,,,,,,,,,,,,,,0.0
"Match Group, Inc.",0.0,-0.0281083333333333,-0.6716880963139785,-16.050930283897888,,,,,,,,,,,,,,,,0.0
GLOBAL PAYMENTS INC,0.0,-0.0282520833333333,-0.6535503544641859,-15.118462620288048,,,,,,,,,,,,,,,,0.0
ZEBRA TECHNOLOGIES CORP,0.0,-0.0285020833333333,-0.7481671118054247,-19.639056578458447,,,,,,,,,,,,,,,,0.0
Dassault Systèmes SE,0.0,-0.0286645833333333,-0.8197843470065782,-23.445182083477057,,,,,,,,,,,,,,,,0.0
Cohu Inc.,0.0,-0.0286916666666666,-0.9203936650336122,-29.52510596458921,,,,,,,,,,,,,,,,0.0
Infineon Technologies AG,0.0,-0.0288833333333333,-0.8782699856736783,-26.70599542072394,,,,,,,,,,,,,,,,0.0
SPDR S&P Biotech ETF,0.0,-0.02889375,-1.068526725390471,-39.515444096861216,,,,,,,,,,,,,,,,0.0
PAYPAL HOLDINGS INC,0.0,-0.0292895833333333,-0.7710564246087542,-20.29827475400875,,,,,,,,,,,,,,,,0.0
NASDAQ INC,0.0,-0.0295916666666666,-0.8979332685292933,-27.24700044151056,,,,,,,,,,,,,,,,0.0
Alibaba Group Holding Ltd.,0.0,-0.0301666666666666,-0.8511825189224502,-24.016961785165773,,,,,,,,,,,,,,,,0.0
"Crocs, Inc.",0.0,-0.030375,-0.6139042948205898,-12.407522080630969,,,,,,,,,,,,,,,,0.0
Invesco Solar ETF,0.0,-0.03075,-0.7743252369584526,-19.498522685878495,,,,,,,,,,,,,,,,0.0
FACTSET RESEARCH SYSTEMS INC,0.0,-0.0310625,-0.734783004544424,-17.381281730940234,,,,,,,,,,,,,,,,0.0
"DocuSign, Inc.",0.0,-0.0314354166666666,-0.9431274494791404,-28.295772102942124,,,,,,,,,,,,,,,,0.0
XPO Inc.,0.0,-0.03195,-0.5074331032192225,-8.059103419176529,,,,,,,,,,,,,,,,0.0
Parsons Corporation,0.0,-0.0320645833333333,-0.7553829118962649,-17.795439212575047,,,,,,,,,,,,,,,,0.0
"Etsy, Inc.",0.0,-0.0321625,-0.7678345596086824,-18.33097274557199,,,,,,,,,,,,,,,,0.0
REA GROUP LTD,0.0,-0.0322333333333333,-0.7846815489646766,-19.10212409365887,,,,,,,,,,,,,,,,0.0
Aselsan Elektronik Sanayi ve Ticaret A.S.,0.0,-0.0322916666666666,-0.6099819208937485,-11.52241374401736,,,,,,,,,,,,,,,,0.0
FISERV INC,0.0,-0.0322916666666666,-0.6374578621636094,-12.583820161059077,,,,,,,,,,,,,,,,0.0
CSPC Pharmaceutical Group Limited,0.0,-0.0323166666666666,-0.8792862005848666,-23.92400894911718,,,,,,,,,,,,,,,,0.0
APPLE INC,0.0,-0.0325833333333333,-1.0346587247850456,-32.85479314906855,,,,,,,,,,,,,,,,0.0
FOXCONN INDUSTRIAL INTERNE A,0.0,-0.0331875,-0.9156923949869726,-25.26531260977711,,,,,,,,,,,,,,,,0.0
Techtronic Industries Co. Ltd.,0.0,-0.0333,-0.8690080661033076,-22.677928497075392,,,,,,,,,,,,,,,,0.0
"Globus Medical, Inc.",0.0,-0.03378125,-0.8523888537968676,-21.50798913826864,,,,,,,,,,,,,,,,0.0
Danaher Corp.,0.0,-0.0340208333333333,-0.8792065359122773,-22.721493186749292,,,,,,,,,,,,,,,,0.0
Tata Consultancy Services Limited,0.0,-0.0340375,-0.8503905056070091,-21.246096570739468,,,,,,,,,,,,,,,,0.0
"Illumina, Inc.",0.0,-0.0341375,-0.8354051073085945,-20.443843085090712,,,,,,,,,,,,,,,,0.0
S&P GLOBAL INC,0.0,-0.0342083333333333,-0.8823177524245737,-22.757162959616604,,,,,,,,,,,,,,,,0.0
VanEck Rare Earth Strategic Metals ETF,0.0,-0.03633125,-1.050493051016578,-30.374282476769135,,,,,,,,,,,,,,,,0.0
"T-Mobile US, Inc.",0.0,-0.0364375,-0.8819538338587932,-21.347308818064462,,,,,,,,,,,,,,,,0.0
Electronic Arts Inc.,0.0,-0.0374124999999999,-1.1079905290078744,-32.81371232532308,,,,,,,,,,,,,,,,0.0
BROADRIDGE FINANCIAL SOLUTIONS INC,0.0,-0.0380541666666666,-0.8446498053395132,-18.74783646977101,,,,,,,,,,,,,,,,0.0
Costco Wholesale Corporation,0.0,-0.0387083333333333,-0.9580871180136236,-23.714038984809072,,,,,,,,,,,,,,,,0.0
LVMH Moët Hennessy Louis Vuitton SE,0.0,-0.0397916666666666,-1.0457485233007024,-27.48288939859099,,,,,,,,,,,,,,,,0.0
Infosys Limited,0.0,-0.0401666666666666,-1.0480781989919008,-27.34774882660846,,,,,,,,,,,,,,,,0.0
Boot Barn Holdings Inc.,0.0,-0.0405208333333333,-0.959461644732586,-22.7183542880319,,,,,,,,,,,,,,,,0.0
Russell 2000 Growth ETF,0.0,-0.0412979166666666,-1.214583471207718,-35.72124522498488,,,,,,,,,,,,,,,,0.0
S&P 500 ETF,0.0,-0.0419333333333333,-1.099521458279168,-28.830225052854104,,,,,,,,,,,,,,,,0.0
Berkshire Hathaway Inc.,0.0,-0.04225,-1.011845984353464,-24.23271706632498,,,,,,,,,,,,,,,,0.0
ORACLE CORP,0.0,-0.0425645833333333,-1.1414862878987129,-30.61209210617082,,,,,,,,,,,,,,,,0.0
BioNTech SE,0.0,-0.0428625,-0.4948005698756381,-5.711930100886701,,,,,,,,,,,,,,,,0.0
Vanguard Growth ETF,0.0,-0.0432249999999999,-0.2924108651190685,-1.9781171553425585,,,,,,,,,,,,,,,,0.0
iShares MSCI World ETF,0.0,-0.04341875,-1.05225505399242,-25.501441166606376,,,,,,,,,,,,,,,,0.0
Texas Instruments Incorporated,0.0,-0.04369375,-0.9420291601727114,-20.309974278145138,,,,,,,,,,,,,,,,0.0
Fisher & Paykel Healthcare Corporation Limited,0.0,-0.04373125,-1.1230877662688763,-28.842672705280872,,,,,,,,,,,,,,,,0.0
"Moderna, Inc.",0.0,-0.0437708333333333,-0.4726175552211234,-5.103109456522227,,,,,,,,,,,,,,,,0.0
AMN Healthcare Services Inc.,0.0,-0.0439,-1.2360563026642448,-34.80262376665156,,,,,,,,,,,,,,,,0.0
"Automatic Data Processing, Inc.",0.0,-0.0441458333333333,-1.2324183996169225,-34.40540130358101,,,,,,,,,,,,,,,,0.0
Schneider Electric SE,0.0,-0.04445625,-1.359956956067853,-41.6023151380816,,,,,,,,,,,,,,,,0.0
CME GROUP INC,0.0,-0.0447625,-1.1802128104003402,-31.117615813081695,,,,,,,,,,,,,,,,0.0
CHECK POINT SOFTWARE TECH,0.0,-0.0448333333333333,-1.517310641223027,-51.35089030413309,,,,,,,,,,,,,,,,0.0
MOTOROLA SOLUTIONS INC,0.0,-0.0453125,-1.2252591746707722,-33.13125616805301,,,,,,,,,,,,,,,,0.0
SoftBank Group Corp.,0.0,-0.0453895833333333,-1.2935020136698037,-36.86192594191774,,,,,,,,,,,,,,,,0.0
Vestas Wind Systems AS,0.0,-0.0454791666666666,-1.5437017355245957,-52.397948839468235,,,,,,,,,,,,,,,,0.0
iShares Global Clean Energy ETF,0.0,-0.04605,-1.4472097500213648,-45.48134767767429,,,,,,,,,,,,,,,,0.0
"NextEra Energy, Inc.",0.0,-0.046875,-1.3573436344253629,-39.30414382752114,,,,,,,,,,,,,,,,0.0
Capgemini SE,0.0,-0.0469666666666666,-1.3181272820709664,-36.993460576432774,,,,,,,,,,,,,,,,0.0
Eagle Materials Inc.,0.0,-0.04738125,-1.361532168287984,-39.124544947273,,,,,,,,,,,,,,,,0.0
AstraZeneca plc,0.0,-0.0477895833333333,-1.3882070474661,-40.32508074391135,,,,,,,,,,,,,,,,0.0
Siemens Healthineers AG,0.0,-0.0477916666666666,-1.303460375417015,-35.550318052985524,,,,,,,,,,,,,,,,0.0
"Rexford Industrial Realty, Inc.",0.0,-0.0478041666666666,-1.3969324072565803,-40.82113101250585,,,,,,,,,,,,,,,,0.0
WESTERN DIGITAL CORP,0.0,-0.0483895833333333,-0.342774112524985,-2.428086462491916,,,,,,,,,,,,,,,,0.0
"Lucid Group, Inc. ",0.0,-0.0485,-0.625215111411099,-8.059668773954492,,,,,,,,,,,,,,,,0.0
Matador Resources Co.,0.0,-0.0497125,-1.0251876918830325,-21.141761198661484,,,,,,,,,,,,,,,,0.0
BrightSpring Health Services,0.0,-0.0498958333333333,-1.6237061304417926,-52.838512194423565,,,,,,,,,,,,,,,,0.0
LY CORP,0.0,-0.0498958333333333,-1.1198674393242338,-25.134425018627805,,,,,,,,,,,,,,,,0.0
Honeywell International Inc.,0.0,-0.0500625,-1.6993400164714787,-57.683026049064374,,,,,,,,,,,,,,,,0.0
SEI Investments Company,0.0,-0.0501041666666666,-1.4248385333615163,-40.51888258431861,,,,,,,,,,,,,,,,0.0
ROBINHOOD MARKETS INC - A,0.0,-0.0506041666666666,-0.6289767026367958,-7.817769138770316,,,,,,,,,,,,,,,,0.0
Amgen Inc.,0.0,-0.0506166666666666,-1.3390769538873737,-35.42562571812223,,,,,,,,,,,,,,,,0.0
JPMorgan Chase & Co.,0.0,-0.05081875,-1.7336619052140825,-59.143202097464446,,,,,,,,,,,,,,,,0.0
ZOOM VIDEO COMMUNICATIONS INC,0.0,-0.0510833333333333,-1.2993772463189086,-33.0515085465183,,,,,,,,,,,,,,,,0.0
SNAP INC,0.0,-0.0515208333333333,-1.191588694667506,-27.55940704749362,,,,,,,,,,,,,,,,0.0
Topgolf Callaway Brands Corp.,0.0,-0.05181875,-1.3148938493235982,-33.36525552988116,,,,,,,,,,,,,,,,0.0
NETAPP INC,0.0,-0.0518958333333333,-1.552093475727887,-46.41979909877941,,,,,,,,,,,,,,,,0.0
Conduit Holdings Limited,0.0,-0.0519416666666666,-1.365843116864075,-35.91581748535161,,,,,,,,,,,,,,,,0.0
"Samsung Electronics Co., Ltd.",0.0,-0.0520833333333333,-1.1757429430818556,-26.541532189570244,,,,,,,,,,,,,,,,0.0
RELX PLC,0.0,-0.0522395833333333,-1.1939443868081427,-27.28779802271276,,,,,,,,,,,,,,,,0.0
"Huawei Technologies Co., Ltd.",0.0,-0.0533291666666666,-1.5561403145576576,-45.40803522634466,,,,,,,,,,,,,,,,0.0
Ørsted AS,0.0,-0.053625,-1.6350577744695745,-49.853872743186905,,,,,,,,,,,,,,,,0.0
H&E Equipment Services Inc.,0.0,-0.0543104166666666,-1.202938571007145,-26.64426631999776,,,,,,,,,,,,,,,,0.0
Sony Group Corporation,0.0,-0.0543291666666666,-1.5212387489559966,-42.59530328384458,,,,,,,,,,,,,,,,0.0
Starbucks Corporation,0.0,-0.0549583333333333,-1.77562479606901,-57.36788627290579,,,,,,,,,,,,,,,,0.0
"Cisco Systems, Inc.",0.0,-0.0555270833333333,-1.567648546989463,-44.2580776686123,,,,,,,,,,,,,,,,0.0
Thales Group,0.0,-0.0560624999999999,-1.377883746878224,-33.86512588470322,,,,,,,,,,,,,,,,0.0
Essential Properties Realty Trust Inc.,0.0,-0.0561458333333333,-1.630855771541015,-47.37111179343031,,,,,,,,,,,,,,,,0.0
OpenText Corporation,0.0,-0.0567229166666666,-1.722146395305261,-52.28553785926447,,,,,,,,,,,,,,,,0.0
WIPRO LTD,0.0,-0.0567416666666666,-1.4853159794537465,-38.88083816397077,,,,,,,,,,,,,,,,0.0
Carvajal Tecnología y Servicios,0.0,-0.0569375,-1.460796312744664,-37.478390644626224,,,,,,,,,,,,,,,,0.0
DIGITAL REALTY TRUST INC,0.0,-0.0571791666666666,-1.798470377980801,-56.567730679432856,,,,,,,,,,,,,,,,0.0
SAP SE,0.0,-0.0572083333333333,-1.084536912817457,-20.56029684364667,,,,,,,,,,,,,,,,0.0
Sage Group plc,0.0,-0.0576875,-1.5913358307177754,-43.89772006285993,,,,,,,,,,,,,,,,0.0
Union Pacific Corporation,0.0,-0.0577083333333333,-1.4620657859621184,-37.04207415129578,,,,,,,,,,,,,,,,0.0
NEXTDOOR HOLDINGS INC,0.0,-0.0577916666666666,-1.0359306988294736,-18.569327978843344,,,,,,,,,,,,,,,,0.0
"Charter Communications, Inc.",0.0,-0.0583895833333333,-1.389037438175006,-33.043993371850576,,,,,,,,,,,,,,,,0.0
McDonald's Corp.,0.0,-0.0593958333333333,-1.7162009928457531,-49.58842535831215,,,,,,,,,,,,,,,,0.0
Splunk Inc.,0.0,-0.0594145833333333,-0.9170351248087808,-14.153990029940289,,,,,,,,,,,,,,,,0.0
DISCOVER FINANCIAL SERVICES,0.0,-0.0595,-1.8752220658331369,-59.1001310283613,,,,,,,,,,,,,,,,0.0
Ally Financial Inc.,0.0,-0.0595833333333333,-1.214015681650458,-24.73567678813806,,,,,,,,,,,,,,,,0.0
Johnson & Johnson,0.0,-0.0596041666666666,-1.7625705092716333,-52.12143670303918,,,,,,,,,,,,,,,,0.0
FTSE Emerging Markets ETF,0.0,-0.0596083333333333,-1.6782379929756124,-47.24981564770269,,,,,,,,,,,,,,,,0.0
Amdocs Limited,0.0,-0.060375,-1.780013061945133,-52.479445146091734,,,,,,,,,,,,,,,,0.0
FIDELITY NATIONAL INFORMATION SERVICES INC,0.0,-0.061,-1.9875322901187156,-64.75876400433683,,,,,,,,,,,,,,,,0.0
Novartis AG,0.0,-0.061375,-1.702358127059322,-47.218300493114825,,,,,,,,,,,,,,,,0.0
"Mondelez International, Inc.",0.0,-0.0614979166666666,-1.8132547380221933,-53.46348174330999,,,,,,,,,,,,,,,,0.0
Rolls-Royce Holdings plc,0.0,-0.0615,-1.5230072245489643,-37.71627652078602,,,,,,,,,,,,,,,,0.0
ABB Ltd,0.0,-0.0617958333333333,-1.7409762441100658,-49.048586596543856,,,,,,,,,,,,,,,,0.0
Sonda S.A.,0.0,-0.0622041666666666,-1.4175934568363422,-32.306054667268434,,,,,,,,,,,,,,,,0.0
Vale S.A.,0.0,-0.0622479166666666,-1.849358212801545,-54.94361871692935,,,,,,,,,,,,,,,,0.0
Unum Group,0.0,-0.0623958333333333,-1.605195773095713,-41.295280987742395,,,,,,,,,,,,,,,,0.0
"Teladoc Health, Inc.",0.0,-0.0626291666666666,-0.8966217592253773,-12.836360786902969,,,,,,,,,,,,,,,,0.0
The Walt Disney Company,0.0,-0.0627708333333333,-2.1909023169532604,-76.46947965373246,,,,,,,,,,,,,,,,0.0
"Huntington Ingalls Industries, Inc.",0.0,-0.0640625,-1.5104960815993818,-35.61519473213012,,,,,,,,,,,,,,,,0.0
PepsiCo Inc.,0.0,-0.0647708333333333,-1.5719618121258436,-38.150874577527944,,,,,,,,,,,,,,,,0.0
Lancashire Holdings Limited,0.0,-0.065,-1.5243186371540884,-35.74688165500457,,,,,,,,,,,,,,,,0.0
Saudi Telecom Company (STC),0.0,-0.0654791666666666,-1.6777918782518664,-42.990553026707104,,,,,,,,,,,,,,,,0.0
Lenovo Group Limited,0.0,-0.0656916666666666,-1.5691417935845775,-37.481252848516945,,,,,,,,,,,,,,,,0.0
Siemens AG,0.0,-0.0661041666666666,-2.1060837691637655,-67.09998879649622,,,,,,,,,,,,,,,,0.0
Albany International Corp.,0.0,-0.0662104166666666,-1.883181154068684,-53.562134745254745,,,,,,,,,,,,,,,,0.0
Murphy USA Inc.,0.0,-0.0663333333333333,-1.4375070898158089,-31.152160300563555,,,,,,,,,,,,,,,,0.0
PT Telekomunikasi Indonesia Tbk,0.0,-0.0667770833333333,-1.6640820060771984,-41.46885105968109,,,,,,,,,,,,,,,,0.0
Turkcell Iletisim Hizmetleri A.S.,0.0,-0.0679604166666666,-1.106998582691305,-18.031759106056455,,,,,,,,,,,,,,,,0.0
Roche Holding AG,0.0,-0.068125,-2.0808377399245472,-63.55795522780621,,,,,,,,,,,,,,,,0.0
"Hon Hai Precision Industry Co., Ltd. (Foxconn)",0.0,-0.0688041666666666,-1.9425993525133216,-54.84685633455111,,,,,,,,,,,,,,,,0.0
"Gilead Sciences, Inc.",0.0,-0.0688541666666666,-2.1771751294677375,-68.8424793131308,,,,,,,,,,,,,,,,0.0
Nestlé SA,0.0,-0.0689770833333333,-2.058665494248214,-61.442198080883024,,,,,,,,,,,,,,,,0.0
Etisalat Group,0.0,-0.0689791666666666,-1.6795303171219225,-40.89382667904559,,,,,,,,,,,,,,,,0.0
NEC Corporation,0.0,-0.0694791666666666,-1.4649296852873643,-30.88722973797138,,,,,,,,,,,,,,,,0.0
Procter & Gamble Co.,0.0,-0.0695,-2.0110043119288807,-58.189040900669795,,,,,,,,,,,,,,,,0.0
Diageo PLC,0.0,-0.07,-2.2785627366042234,-74.16925920916181,,,,,,,,,,,,,,,,0.0
BHP Group Limited,0.0,-0.0700416666666666,-2.27720192860323,-74.03662520358269,,,,,,,,,,,,,,,,0.0
Kaspersky Lab,0.0,-0.0706,-0.941383577406179,-12.552450988810982,,,,,,,,,,,,,,,,0.0
HEWLETT PACKARD ENTERPRISE CO,0.0,-0.0707,-2.188292032046872,-67.73157026194947,,,,,,,,,,,,,,,,0.0
OMNICOM GROUP INC,0.0,-0.07108125,-1.9178286543422127,-51.744542300762326,,,,,,,,,,,,,,,,0.0
EBAY INC,0.0,-0.0715729166666666,-2.0443891994042485,-58.39537346376239,,,,,,,,,,,,,,,,0.0
Allianz SE,0.0,-0.0716708333333333,-2.2598430739497952,-71.25479754263858,,,,,,,,,,,,,,,,0.0
Advanced Info Service PCL,0.0,-0.0717229166666666,-1.6903087407655908,-39.83585403236144,,,,,,,,,,,,,,,,0.0
PLDT Inc.,0.0,-0.0725541666666666,-2.0599482251266292,-58.48577532008063,,,,,,,,,,,,,,,,0.0
Coca-Cola Company,0.0,-0.0733520833333333,-2.44966441954508,-81.80893432999699,,,,,,,,,,,,,,,,0.0
"Lyft, Inc.",0.0,-0.0734791666666666,-2.147402612161472,-62.757080515582615,,,,,,,,,,,,,,,,0.0
Antero Resources Corporation,0.0,-0.0735,-1.5820448972195464,-34.05259941249531,,,,,,,,,,,,,,,,0.0
LG Electronics Inc.,0.0,-0.0736041666666666,-2.4478803367829434,-81.41003987376497,,,,,,,,,,,,,,,,0.0
Tyman plc,0.0,-0.0738333333333333,-1.7083709517474108,-39.52864075089419,,,,,,,,,,,,,,,,0.0
Comcast Corporation,0.0,-0.0744791666666666,-2.2746346383062375,-69.46859060519225,,,,,,,,,,,,,,,,0.0
Keurig Dr Pepper Inc.,0.0,-0.0746041666666666,-2.0453919977414965,-56.07767784763965,,,,,,,,,,,,,,,,0.0
Toyota Motor Corporation,0.0,-0.07483125,-2.373319152159649,-75.27127768155408,,,,,,,,,,,,,,,,0.0
TotalEnergies SE,0.0,-0.0749791666666666,-2.170532318896674,-62.83359440789072,,,,,,,,,,,,,,,,0.0
Ericsson (Telefonaktiebolaget LM Ericsson),0.0,-0.0750499999999999,-1.97404415739402,-51.9233888786338,,,,,,,,,,,,,,,,0.0
"América Móvil, S.A.B. de C.V.",0.0,-0.07575,-2.648708881090074,-92.6159569209958,,,,,,,,,,,,,,,,0.0
Heineken NV,0.0,-0.0766,-2.6787662702949264,-93.67870405835237,,,,,,,,,,,,,,,,0.0
Chevron Corporation,0.0,-0.0767333333333333,-2.092489889590064,-57.06143272854002,,,,,,,,,,,,,,,,0.0
Abercrombie & Fitch Co.,0.0,-0.0775416666666666,-1.8623162906978468,-44.72720429788613,,,,,,,,,,,,,,,,0.0
Shell plc,0.0,-0.0784166666666666,-1.9035797943425017,-46.20976875786236,,,,,,,,,,,,,,,,0.0
Bellway plc,0.0,-0.0793125,-2.650264232238976,-88.55981718752088,,,,,,,,,,,,,,,,0.0
SEAGATE TECHNOLOGY HOLDINGS,0.0,-0.0799375,-2.1472349739856815,-57.677786189301514,,,,,,,,,,,,,,,,0.0
Barnes Group Inc.,0.0,-0.08125,-1.8331619481520915,-41.35978742341873,,,,,,,,,,,,,,,,0.0
The Cheesecake Factory Inc.,0.0,-0.0820208333333333,-2.1788119973019677,-57.878242961690496,,,,,,,,,,,,,,,,0.0
HSBC Holdings plc,0.0,-0.0823125,-2.303725486600601,-64.47564000137497,,,,,,,,,,,,,,,,0.0
Consolidated Water Co. Ltd.,0.0,-0.0823958333333333,-2.990843029592584,-108.56303851524709,,,,,,,,,,,,,,,,0.0
Marshalls plc,0.0,-0.0824583333333333,-2.742332436274344,-91.20227012886158,,,,,,,,,,,,,,,,0.0
Fujitsu Limited,0.0,-0.0828479166666666,-2.8930629079658945,-101.02623368458966,,,,,,,,,,,,,,,,0.0
Verizon Communications Inc.,0.0,-0.08291875,-2.462078200443693,-73.10564938690048,,,,,,,,,,,,,,,,0.0
Dimension Data,0.0,-0.08311875,-2.3612443337667197,-67.07842458826005,,,,,,,,,,,,,,,,0.0
Kaiser Aluminum Corp.,0.0,-0.0838895833333333,-2.1554532592613436,-55.38206971895019,,,,,,,,,,,,,,,,0.0
Unilever PLC,0.0,-0.0840291666666666,-2.5110324173671392,-75.03684793258681,,,,,,,,,,,,,,,,0.0
Biogen Inc.,0.0,-0.08485625,-2.345864431459754,-64.85179265861964,,,,,,,,,,,,,,,,0.0
INTEL CORP,0.0,-0.0851916666666666,-2.6628500188643764,-83.23314357389428,,,,,,,,,,,,,,,,0.0
Panasonic Holdings Corporation,0.0,-0.0852729166666666,-2.5995178886287476,-79.24548048140561,,,,,,,,,,,,,,,,0.0
Springer Nature AG,0.0,-0.0861875,-2.9270697366592375,-99.40811884863092,,,,,,,,,,,,,,,,0.0
INTERNATIONAL BUSINESS MACHINES CORP,0.0,-0.0864166666666666,-2.322900342607111,-62.44010802334697,,,,,,,,,,,,,,,,0.0
Exxon Mobil Corporation,0.0,-0.0864770833333333,-2.0810471835183675,-50.07982708362693,,,,,,,,,,,,,,,,0.0
Aegon NV,0.0,-0.0868333333333333,-2.7213938904634083,-85.28965113687025,,,,,,,,,,,,,,,,0.0
Redrow plc,0.0,-0.0897916666666666,-2.5568108917227983,-72.8049960393392,,,,,,,,,,,,,,,,0.0
Axiata Group Berhad,0.0,-0.0920354166666666,-2.3422004722298997,-59.60643468353902,,,,,,,,,,,,,,,,0.0
Owens & Minor Inc.,0.0,-0.09225,-2.1607699157222084,-50.61167077170905,,,,,,,,,,,,,,,,0.0
Toshiba Corporation,0.0,-0.0926458333333333,-2.601252755647478,-73.03637579056726,,,,,,,,,,,,,,,,0.0
Maxis Berhad,0.0,-0.0944375,-3.47229982832716,-127.67032267691144,,,,,,,,,,,,,,,,0.0
Nokia Corporation,0.0,-0.0950625,-2.1553441288678856,-48.86793755524276,,,,,,,,,,,,,,,,0.0
Stericycle Inc.,0.0,-0.0964541666666666,-2.21167360257095,-50.71320704281823,,,,,,,,,,,,,,,,0.0
AT&T Inc.,0.0,-0.1009791666666666,-2.4201543636542615,-58.00352030284891,,,,,,,,,,,,,,,,0.0
Alcoa Corporation,0.0,-0.10740625,-0.7315454673107652,-4.982566384571902,,,,,,,,,,,,,,,,0.0
BlackBerry Limited,0.0,-0.1083541666666666,-2.4841607271270054,-56.952627739590135,,,,,,,,,,,,,,,,0.0
Yandex N.V.,0.0,-0.1117708333333333,-0.9844523273672178,-8.6708343845702,,,,,,,,,,,,,,,,0.0
The Kraft Heinz Company,0.0,-0.1118708333333333,-2.216450133132105,-43.91360148380641,,,,,,,,,,,,,,,,0.0
Micro Focus International plc,0.0,-0.1591854166666666,-0.9436569674962704,-5.594032989648384,,,,,,,,,,,,,,,,0.0
