Asset,w,Alpha,t-value,iKelly-weight,hard-sell,hard-stay,Valuation Score100,Tenbagger Probability100,Return100,Growth Rate100,Defensive Score100,Risk Score100,Bankruptcy Score100,Future Moat Score100,AI Winner Score100,Singularity Readiness Score100,Good Business Score100,Tariff Winner Score100,Sentiment Score100,Good Governance Score100,Market Disruptor Score100,Oversold Score100,Management Score100,Better World Score100,Marketability Score100,Clean Earnings Score100,Scalability Score100,Odds of Outperformance Score100,Bright Future Score100,Short-Term Upside Score100,Mispricing Score100,Momentum Score100,1-Month +10% Higher Probability100,1-Month -10% Lower Probability100,1-Month -10% Lower Score100,1-Month +20% Higher Probability100,1-Month -20% Lower Probability100,1-Month -20% Lower Score100,Master Guru Buy Score100,Cat-Integrity,Cat-Market,Cat-Quality,Cat-Resilience,Cat-Upside
MERCADOLIBRE INC,0.018469226592417214,0.1048125,7.856127532753661,588.8490381480275,0.0,0.0,0.875,0.0428749999999999,0.1775,0.2443333333333333,0.25,0.5,0.8625,1.0,0.796875,0.75,1.0,0.75,0.5,0.75,1.0,0.75,0.7083333333333333,0.5416666666666667,0.9583333333333336,0.9583333333333336,0.75,0.7916666666666665,1.0,0.2916666666666667,1.0,0.25,0.1868333333333333,0.2343333333333333,0.35,0.077,0.2196666666666666,0.275,0.6138461538461538,0.7375,0.8125,0.8375,0.05,0.5
Constellation Software Inc.,0.01811310637589425,0.1135625,4.647960127013502,190.23474599720305,0.0,0.0,0.875,0.0443125,0.1401666666666666,0.1376666666666667,0.7083333333333333,0.75,0.61875,1.0,0.71875,0.734375,1.0,0.7916666666666665,0.7916666666666665,0.9583333333333336,0.7083333333333333,0.75,1.0,0.5,0.7083333333333333,0.7916666666666665,0.7083333333333333,0.9583333333333336,0.9583333333333336,0.5,1.0,0.7083333333333333,0.218,0.0663333333333333,0.9875,0.0303333333333333,0.1339999999999999,0.6375,0.6238461538461538,0.95,0.85,0.5875,0.9875,0.2625
"Synopsys, Inc.",0.0175794313443086,0.08925,10.897815386199811,1330.6709265175723,0.0,0.0,0.25,0.0325625,0.0986666666666666,0.2004999999999999,0.5,0.5,0.3375,1.0,1.0,0.984375,1.0,0.6666666666666667,0.6666666666666667,0.5,0.9583333333333336,0.75,0.7083333333333333,0.75,1.0,0.2916666666666667,0.7916666666666665,0.75,0.7916666666666665,0.7083333333333333,0.75,0.3333333333333332,0.1366666666666667,0.223,0.3874999999999999,0.0443333333333333,0.1205,0.6625,0.4465384615384615,0.3875,0.3625,0.95,0.75,0.3125
NVIDIA CORP,0.017150110685892728,0.0249999999999999,0.3242965760392317,4.206730769230768,0.0,0.0,0.71875,0.0228875,0.149,0.2206666666666666,0.4583333333333332,0.7083333333333333,0.98125,0.7916666666666665,0.984375,1.0,1.0,0.5,0.7916666666666665,0.7916666666666665,1.0,0.2916666666666667,1.0,0.4583333333333332,1.0,0.25,0.9583333333333336,1.0,1.0,0.75,1.0,1.0,0.2881666666666667,0.1308333333333333,0.9125,0.1741666666666666,0.0928333333333333,0.7625,0.5803846153846154,0.6,0.5625,0.9625,0.4875,0.775
"ServiceNow, Inc.",0.017103726280970327,0.0725,6.841884738027079,645.6743002544532,0.0,0.0,0.703125,0.0574375,0.1546666666666666,0.1903333333333333,0.7083333333333333,0.5416666666666667,0.44375,0.9583333333333336,0.96875,0.78125,1.0,0.7916666666666665,0.25,0.5,0.7916666666666665,0.75,0.75,0.75,1.0,0.75,0.75,0.75,0.7916666666666665,0.2916666666666667,1.0,0.25,0.259,0.3775,0.0625,0.095,0.2306666666666667,0.25,0.5676923076923077,0.7625,0.4625,0.7375,0.95,0.7
MASTERCARD INC,0.016646744058249847,0.053,1.2631328933505768,30.10386238234339,0.0,0.0,0.765625,0.01334375,0.154,0.1492333333333333,0.75,0.7083333333333333,0.7875,0.9583333333333336,0.78125,0.75,1.0,0.5416666666666667,0.7083333333333333,0.75,0.75,0.75,1.0,0.75,1.0,0.7916666666666665,1.0,0.75,0.9583333333333336,0.75,1.0,0.25,0.1991666666666666,0.1458333333333333,0.8,0.0343333333333333,0.024,0.975,0.6276923076923078,0.9875,0.6625,0.75,0.9,0.325
MICROSOFT CORP,0.01663519329497792,0.05085,1.307840757110906,33.637117914659335,0.0,0.0,0.875,0.0063124999999999,0.1451666666666666,0.1596666666666666,0.75,0.7083333333333333,0.94375,0.9583333333333336,0.96875,1.0,1.0,0.75,0.5,0.75,0.9583333333333336,0.75,0.7916666666666665,0.7083333333333333,1.0,0.75,0.7083333333333333,0.75,0.9583333333333336,0.25,0.75,0.2083333333333333,0.077,0.2036666666666666,0.55,0.031,0.065,0.8625,0.6126923076923078,0.925,0.725,0.875,0.7625,0.025
VISA INC,0.016378911064165683,0.0214999999999999,0.3778998275156149,6.642245564480536,0.0,0.0,0.734375,0.0084375,0.1211666666666666,0.1375,0.9583333333333336,0.7083333333333333,0.7875,1.0,0.78125,0.75,1.0,0.75,0.75,0.75,0.7083333333333333,0.75,0.75,0.7083333333333333,1.0,1.0,1.0,0.75,0.9583333333333336,0.75,0.75,0.4583333333333332,0.0986666666666666,0.1106666666666666,0.9625,0.0211666666666666,0.0238333333333333,0.9875,0.5853846153846154,0.9125,0.5125,0.8,0.9375,0.1
Nu Holdings,0.016285242473249112,0.11325,4.463913122362436,175.9516146931528,0.0,0.0,0.796875,0.111125,0.213,0.2271666666666666,0.25,0.4583333333333332,0.2375,0.7916666666666665,0.953125,0.75,0.9583333333333336,0.7083333333333333,0.75,0.4583333333333332,1.0,0.75,0.7083333333333333,0.75,0.7916666666666665,0.75,1.0,0.7916666666666665,0.7916666666666665,0.7083333333333333,1.0,0.25,0.2739999999999999,0.2453333333333333,0.3375,0.1483333333333333,0.1473333333333333,0.525,0.566923076923077,0.575,0.75,0.7125,0.425,0.9375
"Intuitive Surgical, Inc.",0.0160610213625125,0.057625,2.2809168385484826,90.28341213664216,0.0,0.0,0.71875,0.037125,0.1098333333333333,0.1318333333333333,0.5,0.7083333333333333,0.98125,0.9583333333333336,0.96875,0.75,1.0,0.25,0.75,0.75,0.7916666666666665,0.75,0.75,0.5,1.0,0.75,0.75,0.75,0.9583333333333336,0.5,0.7916666666666665,0.0416666666666666,0.1758333333333333,0.2178333333333333,0.425,0.0636666666666666,0.1193333333333333,0.7125,0.5742307692307692,0.71875,0.475,0.7625,0.55,0.0875
IP Group PLC,0.01600324456904084,0.0115625,0.1455044496849074,1.831052529998508,0.0,0.0,0.953125,0.1508125,0.1286666666666666,0.1568333333333333,0.2083333333333333,0.6666666666666667,0.2875,0.75,0.703125,0.71875,0.7083333333333333,0.5416666666666667,0.75,0.75,0.7916666666666665,0.75,0.75,0.7916666666666665,0.7083333333333333,0.2916666666666667,0.75,0.9583333333333336,0.7916666666666665,0.75,1.0,0.7916666666666665,0.3026666666666666,0.1403333333333333,0.8625,0.1453333333333333,0.0433333333333333,0.9375,0.5892307692307692,0.775,0.8875,0.3,0.5,0.875
SALESFORCE INC,0.01592924684340115,0.0255,0.4385206725208481,7.5411913814955644,0.0,0.0,1.0,0.03835875,0.1551666666666666,0.115,0.4583333333333332,0.25,0.2624999999999999,0.75,0.78125,0.75,1.0,0.75,0.6666666666666667,0.75,0.7083333333333333,0.9583333333333336,0.75,0.75,1.0,0.75,0.75,0.75,0.75,0.6666666666666667,1.0,0.0416666666666666,0.2758333333333333,0.1713333333333333,0.71875,0.1116666666666666,0.1203333333333333,0.675,0.6080769230769231,0.8875,0.9875,0.5,0.4625,0.45
AMAZON.COM INC,0.015764789909178338,0.0329375,0.6481474934845697,12.754312662173213,0.0,0.0,0.75,0.01883125,0.128,0.2141666666666666,0.5416666666666667,0.7083333333333333,0.6875,0.9583333333333336,1.0,1.0,0.9583333333333336,0.4583333333333332,0.75,0.7083333333333333,0.9583333333333336,0.6666666666666667,0.9583333333333336,0.25,1.0,0.7083333333333333,0.7916666666666665,0.7916666666666665,0.75,0.7083333333333333,0.9583333333333336,0.75,0.1983333333333333,0.1828333333333333,0.6625,0.0406666666666666,0.0578333333333333,0.88125,0.6011538461538461,0.5,0.5875,0.8125,0.825,0.2375
PROSUS NV,0.015712861576035998,0.072625,4.676974748081699,301.1923276308967,0.0,0.0,0.953125,0.0448125,0.154,0.1513333333333333,0.2916666666666667,0.4583333333333332,0.61875,0.75,0.875,0.75,0.75,0.7083333333333333,0.6666666666666667,0.75,0.75,0.75,0.75,0.5416666666666667,0.75,0.25,0.75,0.75,0.7083333333333333,0.5833333333333333,1.0,0.0,0.1729999999999999,0.1625,0.75,0.0888333333333333,0.1383333333333333,0.6,0.5696153846153846,0.4875,0.8375,0.375,0.275,0.4125
"Uber Technologies, Inc.",0.015700195095417542,0.062375,2.325530864549181,86.7029066448234,0.0,0.0,0.984375,0.05325,0.1465,0.1383333333333333,0.2916666666666667,0.6666666666666667,0.44375,0.75,0.75,0.75,0.7916666666666665,0.7916666666666665,0.75,0.6666666666666667,1.0,0.75,0.75,0.25,1.0,0.6666666666666667,0.75,0.75,0.75,0.75,1.0,0.25,0.2483333333333333,0.2141666666666666,0.4875,0.083,0.147,0.5375,0.6134615384615385,0.35,0.95,0.4125,0.6875,0.8125
APPLOVIN CORP,0.015685569821202273,0.0919375,2.1476253992109555,50.16772106415788,0.0,0.0,0.671875,0.0488124999999999,0.1564999999999999,0.1779999999999999,0.25,0.5,0.5625,0.75,0.875,0.75,0.9583333333333336,0.75,0.75,0.5416666666666667,1.0,0.75,0.9583333333333336,0.25,0.7916666666666665,0.5,1.0,1.0,0.7916666666666665,0.6666666666666667,1.0,0.25,0.3795,0.1983333333333333,0.5875,0.1901666666666666,0.1943333333333333,0.3249999999999999,0.475,0.4375,0.4875,0.6875,0.2875,0.8375
Taiwan Semiconductor Manufacturing Company Limited (TSMC),0.01567182543225195,0.069625,1.4242749660495453,29.13549987670281,0.0,0.0,0.21875,0.0311875,0.1275,0.1815,0.75,0.7083333333333333,0.84375,1.0,1.0,1.0,1.0,0.7916666666666665,0.75,0.75,1.0,0.25,0.9583333333333336,0.5416666666666667,1.0,1.0,0.2916666666666667,0.9583333333333336,1.0,0.6666666666666667,0.75,1.0,0.2001666666666666,0.1133333333333333,0.95,0.0458333333333333,0.0703333333333333,0.825,0.5207692307692308,0.9375,0.3375,0.925,0.8375,0.1875
Sea Limited,0.015646101890980976,0.0549124999999999,1.4828974367035257,40.04525031244045,0.0,0.0,0.984375,0.08409375,0.1398333333333333,0.2013333333333333,0.2083333333333333,0.5416666666666667,0.66875,0.75,0.75,0.75,0.75,0.75,0.75,0.4583333333333332,0.9583333333333336,0.5416666666666667,0.75,0.5,0.7916666666666665,0.4583333333333332,0.75,0.75,0.7916666666666665,0.75,1.0,0.25,0.3458333333333332,0.1425,0.8375,0.179,0.1518333333333333,0.5125,0.6257692307692309,0.325,0.9,0.4375,0.125,0.9625
ADOBE INC,0.015628252837918605,0.0355625,1.0686667574163635,32.11384571969926,0.0,0.0,0.984375,0.0344375,0.1518333333333333,0.1358333333333333,0.4583333333333332,0.4583333333333332,0.7875,0.75,0.734375,0.734375,0.9583333333333336,0.75,0.25,0.5,0.75,0.7916666666666665,0.75,0.7083333333333333,1.0,0.75,1.0,0.75,0.75,0.25,1.0,0.0,0.1831666666666666,0.3331666666666667,0.125,0.0855,0.19,0.3625,0.6119230769230769,0.6625,0.925,0.45,0.20625,0.15
TENCENT HOLDINGS LTD,0.015623337458881633,0.0323125,0.6915261599244653,14.799487191021344,0.0,0.0,0.796875,0.0290625,0.1108333333333333,0.106,0.5416666666666667,0.6666666666666667,0.7125,0.7916666666666665,0.953125,0.75,1.0,0.25,0.75,0.5,1.0,0.75,0.75,0.2916666666666667,1.0,0.75,0.75,0.7916666666666665,0.75,0.75,1.0,0.0416666666666666,0.3651666666666666,0.1326666666666666,0.8875,0.1218333333333333,0.1421666666666666,0.575,0.5980769230769231,0.425,0.7625,0.6375,0.70625,0.5125
S&P GLOBAL INC,0.015521186499540263,0.0669375,1.7409476327837914,45.279531803480666,0.0,0.0,0.75,0.0095,0.1128333333333333,0.1164999999999999,0.7083333333333333,0.5,0.7125,1.0,0.78125,0.75,1.0,0.75,0.7083333333333333,1.0,0.3333333333333332,0.75,0.75,0.4583333333333332,1.0,0.75,1.0,0.75,0.7916666666666665,0.25,1.0,0.0,0.0833333333333333,0.1926666666666666,0.625,0.0204999999999999,0.0484999999999999,0.9,0.5838461538461539,0.75,0.6125,0.725,0.625,0.0125
"Samsung Electronics Co., Ltd.",0.01540128943353575,0.006125,0.1698874367024175,4.712121003970271,0.0,0.0,0.71875,0.02025003125,0.115,0.1553333333333333,0.5,0.75,0.88125,0.7916666666666665,0.875,0.96875,0.75,0.3333333333333332,1.0,0.75,0.9583333333333336,0.25,0.75,0.4583333333333332,1.0,0.7083333333333333,0.5,0.75,1.0,0.7916666666666665,1.0,1.0,0.2543333333333333,0.2515,0.2875,0.1853333333333333,0.0466666666666666,0.9125,0.5715384615384616,0.55,0.5,0.6125,0.7375,0.65
BOOKING HOLDINGS INC,0.015364195503157332,0.047,1.2181843573937603,31.57389635316699,0.0,0.0,0.875,0.0408749999999999,0.1408333333333333,0.1475,0.2916666666666667,0.7083333333333333,0.35,0.7916666666666665,0.75,0.734375,0.7916666666666665,0.4583333333333332,0.75,0.75,0.75,0.75,0.7083333333333333,0.5,0.9583333333333336,1.0,1.0,0.75,0.75,0.75,1.0,0.4583333333333332,0.2323333333333333,0.1571666666666666,0.775,0.0641666666666666,0.0806666666666666,0.8125,0.6138461538461538,0.65,0.775,0.4875,0.875,0.5875
BROADCOM INC,0.015220079212016492,0.071875,2.204820545413795,67.63455495622657,0.0,0.0,0.203125,0.007125,0.1281666666666666,0.1948333333333333,0.5416666666666667,0.6666666666666667,0.9,1.0,1.0,1.0,1.0,0.75,0.75,0.7083333333333333,0.9583333333333336,0.7083333333333333,1.0,0.4583333333333332,1.0,0.75,0.75,0.75,1.0,0.75,0.75,0.9583333333333336,0.28,0.142,0.85,0.1368333333333333,0.0928333333333333,0.75,0.5196153846153846,0.675,0.3,0.975,0.575,0.5375
London Stock Exchange,0.015124180526328567,-0.00725,-0.1692169691869108,-3.949570022179852,0.0,0.0,0.75,0.0095,0.0909999999999999,0.0833333333333333,0.75,0.5,0.53125,0.75,0.796875,0.75,1.0,0.2916666666666667,0.75,0.75,0.7916666666666665,0.75,0.7083333333333333,0.75,0.7916666666666665,0.7916666666666665,0.7916666666666665,0.7916666666666665,0.7083333333333333,0.75,1.0,0.25,0.148,0.1365,0.875,0.0351666666666666,0.0905,0.775,0.576923076923077,0.8625,0.65,0.5625,0.8125,0.05
INTUIT INC,0.015096107882042731,0.05375,1.6875336551779658,52.98176441596847,0.0,0.0,0.96875,0.0539375,0.132,0.126,0.5,0.25,0.2249999999999999,0.2916666666666667,0.75,0.71875,0.9583333333333336,0.7083333333333333,0.25,0.5416666666666667,0.5416666666666667,0.7916666666666665,0.7916666666666665,0.5,1.0,0.6666666666666667,0.9583333333333336,0.7916666666666665,0.75,0.2083333333333333,1.0,0.0,0.1336666666666666,0.3783333333333333,0.05,0.0866666666666666,0.2811666666666667,0.1374999999999999,0.5784615384615385,0.5875,0.9625,0.35,0.5625,0.2125
Toast Inc.,0.01490414085703063,0.0435,0.6831029765717181,10.727119002325088,0.0,0.0,0.78125,0.0965625,0.1311666666666666,0.165,0.2916666666666667,0.5416666666666667,0.5875,0.75,0.78125,0.75,0.7916666666666665,0.25,0.7083333333333333,0.75,1.0,0.75,0.7916666666666665,0.75,0.75,0.75,0.7916666666666665,0.75,0.75,0.75,1.0,0.25,0.2305,0.1933333333333333,0.6125,0.1966666666666666,0.1925,0.35,0.58,0.96875,0.7,0.5375,0.51875,0.8875
META PLATFORMS INC,0.01467991257994739,0.0614374999999999,1.5210231948624902,37.6563427761497,0.0,0.0,0.765625,0.0205624999999999,0.1105,0.1511666666666666,0.5,0.7083333333333333,0.84375,0.9583333333333336,0.984375,0.96875,0.7916666666666665,0.2083333333333333,0.75,0.25,0.9583333333333336,0.6666666666666667,0.75,0.25,1.0,0.25,0.75,0.75,0.75,0.2916666666666667,0.9583333333333336,0.25,0.291,0.2208333333333333,0.4,0.1121666666666666,0.144,0.55,0.6226923076923078,0.125,0.6,0.675,0.6625,0.1375
"Paycom Software, Inc.",0.014571071455859348,0.035375,0.6941829013287277,13.62232934267619,0.0,0.0,0.984375,0.0465625,0.1393333333333333,0.0955,0.4583333333333332,0.5,0.175,0.5,0.703125,0.75,0.7916666666666665,0.75,0.5,0.7083333333333333,0.75,0.75,0.7083333333333333,0.5,0.7916666666666665,0.5,0.75,0.75,0.7083333333333333,0.4583333333333332,1.0,0.0,0.1466666666666666,0.2101666666666666,0.5125,0.0658333333333333,0.1331666666666666,0.65,0.5773076923076923,0.3375,0.9125,0.1875,0.8,0.1625
CROWDSTRIKE HOLDINGS INC,0.014537316954742372,0.0783125,7.4888714470280675,716.1461522759746,0.0,0.0,0.0,0.0374375,0.0463333333333333,0.2631666666666666,0.4583333333333332,0.7083333333333333,0.65,0.7916666666666665,0.984375,0.875,1.0,0.7916666666666665,0.7083333333333333,0.7083333333333333,1.0,0.25,0.5416666666666667,0.5,1.0,0.2916666666666667,0.7916666666666665,0.5,0.9583333333333336,0.6666666666666667,0.2916666666666667,1.0,0.2379999999999999,0.2016666666666666,0.575,0.0701666666666666,0.1558333333333333,0.475,0.3342307692307692,0.2375,0.0625,0.9,0.725,0.3625
SEI Investments Company,0.014477132244410046,0.004125,0.0770583466957557,1.439512435268678,0.0,0.0,0.75,0.0300640625,0.124,0.1216666666666666,0.75,0.75,0.6,0.75,0.6875,0.75,0.75,0.7083333333333333,0.75,0.75,0.7916666666666665,0.7083333333333333,0.75,0.5416666666666667,0.75,0.7083333333333333,0.75,0.75,0.75,0.75,0.75,0.5,0.0875,0.1738333333333333,0.7,0.0323333333333333,0.0396666666666666,0.9625,0.5353846153846153,0.69375,0.525,0.325,1.0,0.2
HYDREIGHT TECHNOLOGIES INC,0.014437699943784254,-0.1616625,-0.8972562949814868,-4.9799357233984685,0.0,0.0,0.953125,0.1585625,0.2475,0.3216666666666666,0.25,0.5,0.1624999999999999,0.75,0.421875,0.75,0.75,0.5416666666666667,0.75,0.2916666666666667,0.75,0.9583333333333336,0.5,0.7083333333333333,0.2083333333333333,0.25,0.75,0.75,0.75,0.7916666666666665,1.0,0.75,0.4983333333333333,0.2116666666666666,0.5,0.3116666666666666,0.3185,0.0875,0.5507692307692308,0.1625,0.875,0.275,0.6,1.0
KUAISHOU TECHNOLOGY,0.014396769421004967,-0.0123749999999999,-0.4542185644535809,-16.671879134890656,0.0,0.0,0.953125,0.0520625,0.1183333333333333,0.1161666666666666,0.25,0.5,0.375,0.75,0.734375,0.734375,0.75,0.4583333333333332,0.5,0.25,0.75,0.6666666666666667,0.7083333333333333,0.5,0.75,0.75,0.75,0.75,0.75,0.7083333333333333,1.0,0.25,0.3521666666666667,0.324,0.1687499999999999,0.1975,0.1438333333333333,0.5625,0.5646153846153846,0.2875,0.8,0.2875,0.4375,0.75
PDD Holdings,0.01431067816743097,0.07075,1.278523323573951,23.104196309859812,0.0,0.0,1.0,0.0977499999999999,0.0848333333333333,0.1308333333333333,0.2916666666666667,0.3333333333333332,0.4,0.5,0.734375,0.609375,0.75,0.5416666666666667,0.2916666666666667,0.25,1.0,0.7916666666666665,0.7083333333333333,0.2083333333333333,0.75,0.25,0.75,0.75,0.75,0.25,1.0,0.0,0.1893333333333333,0.4415,0.0124999999999999,0.083,0.2785,0.1624999999999999,0.5726923076923077,0.0875,0.975,0.175,0.36875,0.275
WORKDAY INC,0.014291525910385027,0.02965,0.8540499988414302,24.60038450323935,0.0,0.0,0.96875,0.042,0.2071666666666667,0.1541666666666666,0.5,0.5,0.575,0.5,0.765625,0.75,0.7916666666666665,0.75,0.25,0.5,0.75,0.7916666666666665,0.7083333333333333,0.75,0.7916666666666665,0.7083333333333333,0.75,0.5416666666666667,0.75,0.25,1.0,0.0,0.3,0.2456666666666666,0.3249999999999999,0.093,0.1396666666666666,0.5875,0.571923076923077,0.525,0.8625,0.3625,0.5875,0.4625
ARISTA NETWORKS INC,0.014156772612784994,0.065925,1.7652087013046165,47.26525231947715,0.0,0.0,0.21875,0.0378125,0.1316666666666666,0.1851666666666666,0.4583333333333332,0.6666666666666667,0.94375,0.9583333333333336,0.984375,0.953125,0.7916666666666665,0.5416666666666667,0.75,0.75,1.0,0.25,1.0,0.75,0.9583333333333336,1.0,0.75,0.75,0.9583333333333336,0.75,0.6666666666666667,1.0,0.246,0.1298333333333333,0.925,0.0775,0.1168333333333333,0.725,0.4034615384615385,1.0,0.2625,0.775,0.3875,0.6625
Atlassian Corporation Plc,0.014151694358884252,0.0616499999999999,1.7081316990357824,47.32707057990055,0.0,0.0,0.78125,0.0575,0.1583333333333333,0.2246666666666666,0.25,0.25,0.3125,0.7083333333333333,0.765625,0.75,0.7916666666666665,0.6666666666666667,0.2916666666666667,0.4583333333333332,0.75,0.75,0.75,0.5416666666666667,0.7916666666666665,0.5416666666666667,0.9583333333333336,0.75,0.75,0.5,1.0,0.25,0.1895,0.2996666666666666,0.2249999999999999,0.0911666666666666,0.2618333333333333,0.1875,0.5292307692307692,0.45,0.6875,0.425,0.1375,0.7375
PALO ALTO NETWORKS INC,0.014132235900021595,0.056375,2.091475270764357,77.59235136530096,0.0,0.0,0.015625,0.02153125,0.1293333333333333,0.1825,0.7083333333333333,0.75,0.7125,1.0,0.953125,0.75,1.0,1.0,0.75,0.75,1.0,0.25,0.75,0.75,1.0,0.5416666666666667,1.0,0.75,1.0,0.75,0.75,1.0,0.1975,0.115,0.9375,0.1033333333333333,0.154,0.4875,0.3573076923076922,0.825,0.2,0.9375,0.975,0.475
Grab Holdings Inc.,0.014109651658660518,0.0036249999999999,0.8490330634652239,198.8571428571429,0.0,0.0,0.6875,0.0725,0.1543333333333333,0.1841666666666666,0.25,0.2916666666666667,0.1374999999999999,0.75,0.75,0.75,0.75,0.7916666666666665,0.3333333333333332,0.25,1.0,0.75,0.7083333333333333,0.5,0.75,0.5416666666666667,0.75,0.75,0.75,0.6666666666666667,1.0,0.25,0.3116666666666666,0.2078333333333333,0.525,0.1895,0.1661666666666666,0.4375,0.5038461538461538,0.2,0.45,0.4,0.4,0.8625
"Cadence Design Systems, Inc.",0.01408052119140196,0.083375,3.0643714021342627,112.62815100711612,0.0,0.0,0.015625,0.0311875,0.0928333333333333,0.1461666666666666,0.5416666666666667,0.75,0.7875,1.0,1.0,1.0,1.0,0.75,0.75,0.7083333333333333,1.0,0.25,0.7083333333333333,0.4583333333333332,0.9583333333333336,0.5,0.9583333333333336,0.75,0.9583333333333336,0.75,0.2916666666666667,0.9583333333333336,0.2388333333333333,0.102,0.975,0.0594999999999999,0.044,0.925,0.3888461538461538,0.275,0.1875,1.0,0.8625,0.3375
GITLAB INC,0.014070507105184777,0.06,2.3622361086747152,93.0026572187777,0.0,0.0,0.734375,0.0979999999999999,0.1721666666666667,0.1939999999999999,0.25,0.2916666666666667,0.3874999999999999,0.5,0.75,0.75,0.75,0.5416666666666667,0.7083333333333333,0.25,0.75,0.7916666666666665,0.7083333333333333,0.5416666666666667,0.75,0.25,0.75,0.75,0.75,0.7083333333333333,1.0,0.2916666666666667,0.3434999999999999,0.1793333333333333,0.6875,0.1485,0.3783333333333333,0.025,0.4742307692307692,0.15,0.55,0.25,0.175,0.95
"DexCom, Inc.",0.014018680938821245,0.0275749999999999,0.6937408777962984,17.45336012785417,0.0,0.0,0.71875,0.0483125,0.102,0.1396666666666666,0.7083333333333333,0.5,0.4125,0.75,0.625,0.75,0.7916666666666665,0.5,0.75,0.2916666666666667,0.9583333333333336,0.7083333333333333,0.75,0.5416666666666667,1.0,0.7083333333333333,0.75,0.7083333333333333,0.6666666666666667,0.6666666666666667,0.75,0.75,0.2264999999999999,0.2475,0.3,0.0713333333333333,0.1141666666666666,0.7375,0.5392307692307692,0.4625,0.4125,0.3125,0.85,0.375
Monday.com Ltd.,0.013961320651741157,0.05575,1.3166813384421732,31.09685644846408,0.0,0.0,0.78125,0.079875,0.1473333333333333,0.1756666666666666,0.25,0.2916666666666667,0.475,0.5416666666666667,0.734375,0.515625,0.7916666666666665,0.75,0.25,0.4583333333333332,0.75,0.75,0.7083333333333333,0.7083333333333333,0.75,0.2916666666666667,0.75,0.75,0.75,0.25,1.0,0.0,0.2751666666666666,0.348,0.1125,0.0844999999999999,0.2485,0.2375,0.5553846153846154,0.3,0.675,0.2125,0.0625,0.6125
ASML Holding NV,0.013928171004294757,0.059,2.0267513010093157,69.6223870532704,0.0,0.0,0.0,0.0193125,0.0966666666666666,0.2356666666666666,0.5416666666666667,0.7083333333333333,0.9125,1.0,1.0,1.0,1.0,0.2916666666666667,0.75,0.75,1.0,0.2916666666666667,0.75,0.7083333333333333,1.0,0.75,0.75,0.75,1.0,0.75,0.25,1.0,0.2366666666666666,0.1448333333333333,0.8125,0.1121666666666666,0.0578333333333333,0.88125,0.3769230769230769,0.84375,0.15,0.9875,0.675,0.425
TRADE DESK INC,0.013924692428740162,0.0889375,3.429665359355932,132.25697233637166,0.0,0.0,0.953125,0.085875,0.166,0.12,0.25,0.2916666666666667,0.4625,0.6666666666666667,0.53125,0.28125,0.75,0.2083333333333333,0.25,0.25,0.2916666666666667,0.9583333333333336,0.75,0.25,0.7916666666666665,0.4583333333333332,0.75,0.7083333333333333,0.75,0.25,1.0,0.0,0.2729999999999999,0.3573333333333333,0.0749999999999999,0.0991666666666666,0.2516666666666666,0.2125,0.473076923076923,0.175,0.7875,0.1,0.075,0.5625
ALPHABET INC,0.013769826037252806,0.0504749999999999,1.1901117244163688,28.060741289614725,0.0,0.0,0.234375,0.0126875,0.1083333333333333,0.1625,0.5416666666666667,0.7083333333333333,0.94375,0.9583333333333336,1.0,1.0,1.0,0.25,0.75,0.4583333333333332,1.0,0.5,0.75,0.5,1.0,0.2916666666666667,0.75,0.7083333333333333,0.75,0.5,0.75,0.9583333333333336,0.2106666666666666,0.1713333333333333,0.71875,0.0336666666666666,0.0841666666666666,0.7875,0.5280769230769231,0.3125,0.275,0.85,0.65,0.0375
REDDIT INC-CL A,0.013685210969759005,-0.00575,-0.1711658270897381,-5.095259193619851,0.0,0.0,0.40625,0.058375,0.1133333333333333,0.1653333333333333,0.25,0.4583333333333332,0.88125,0.75,0.78125,0.75,0.75,0.75,0.75,0.5,0.7916666666666665,0.75,0.7916666666666665,0.4583333333333332,0.7083333333333333,0.9583333333333336,1.0,0.7916666666666665,0.75,0.75,0.75,0.6666666666666667,0.3336666666666666,0.2175,0.4499999999999999,0.2428333333333333,0.2001666666666666,0.3,0.56,0.6375,0.4,0.475,0.025,0.925
"Airbnb, Inc.",0.013447366652524342,0.0476875,1.1410457408165204,27.30244576955223,0.0,0.0,0.46875,0.0308125,0.103,0.1435,0.5,0.5416666666666667,0.3249999999999999,0.7916666666666665,0.765625,0.734375,0.7916666666666665,0.25,0.7083333333333333,0.5,1.0,0.4583333333333332,1.0,0.25,0.9583333333333336,0.75,0.75,0.7083333333333333,0.7916666666666665,0.75,0.75,0.75,0.1971666666666666,0.1585,0.7625,0.0421666666666666,0.0425,0.95,0.4496153846153846,0.5625,0.35,0.55,0.8875,0.2875
NXP SEMICONDUCTORS NV,0.013303835767769646,0.041775,0.9591910453027696,22.02387699315428,0.0,0.0,0.390625,0.0221875,0.1248333333333333,0.122,0.5,0.7083333333333333,0.5125,0.75,0.796875,0.75,0.75,0.25,0.75,0.75,0.75,0.25,0.75,0.75,1.0,0.5,0.75,0.75,0.7916666666666665,0.75,0.7083333333333333,1.0,0.2628333333333333,0.1318333333333333,0.9,0.0975,0.0816666666666666,0.8,0.4230769230769231,0.8,0.375,0.4625,0.9125,0.35
DiDi GLOBAL,0.013298113369562508,-0.015875,-0.3699388805807527,-8.620773251360026,0.0,0.0,0.796875,0.1813125,0.1321666666666666,0.2063333333333333,0.25,0.4583333333333332,0.1875,0.5416666666666667,0.75,0.734375,0.7083333333333333,0.25,0.2916666666666667,0.25,0.7916666666666665,0.75,0.4583333333333332,0.4583333333333332,0.25,0.25,0.75,0.75,0.75,0.25,1.0,0.0416666666666666,0.2683333333333333,0.299,0.2375,0.152,0.2793333333333333,0.15,0.5546153846153846,0.06875,0.7125,0.1625,0.45,0.7875
Net Digital AG,0.01306428504407464,-0.10975,-1.279230375204277,-14.910527132986564,0.0,0.0,0.78125,0.1540625,0.1066666666666666,0.2016666666666666,0.25,0.7083333333333333,0.0999999999999999,0.6666666666666667,0.6875,0.28125,0.7083333333333333,0.75,0.75,0.4583333333333332,0.75,0.7083333333333333,0.7916666666666665,0.5,0.0416666666666666,0.7083333333333333,0.75,0.7083333333333333,0.7083333333333333,0.5,1.0,0.2916666666666667,0.3576666666666666,0.2943333333333333,0.25,0.3395,0.1795,0.3874999999999999,0.4569230769230769,0.5125,0.6375,0.0875,0.925,0.85
CLOUDFLARE INC,0.012990915920439659,0.090875,6.303483252007786,437.2368760202768,0.0,0.0,0.0,0.0425624999999999,0.0644999999999999,0.2833333333333333,0.25,0.4583333333333332,0.425,0.75,0.796875,0.953125,0.9583333333333336,0.7083333333333333,0.75,0.5,1.0,0.5416666666666667,0.75,0.75,0.9583333333333336,0.2916666666666667,0.7916666666666665,0.5416666666666667,0.75,0.5,0.75,0.5,0.287,0.308,0.1875,0.0973333333333333,0.1838333333333333,0.375,0.3669230769230769,0.5375,0.1125,0.6,0.2625,0.575
Upwork Inc,0.012716311302153864,-0.1168125,-1.2774546238819338,-13.970168569950417,0.0,0.0,1.0,0.184875,0.127,0.1258333333333333,0.25,0.25,0.125,0.4583333333333332,0.515625,0.3125,0.7083333333333333,0.25,0.25,0.25,0.2916666666666667,0.7916666666666665,0.2916666666666667,0.7083333333333333,0.7916666666666665,0.25,0.75,0.7916666666666665,0.5416666666666667,0.25,1.0,0.0,0.2828333333333333,0.4346666666666667,0.025,0.113,0.3961666666666666,0.0124999999999999,0.5061538461538462,0.1375,1.0,0.05,0.3,0.6
APPLIED MATERIALS INC,0.01270447260548919,0.0621874999999999,1.284198291983035,26.519240251371173,0.0,0.0,0.0,0.030125,0.0673333333333333,0.1556666666666666,0.4583333333333332,0.4583333333333332,0.7875,0.9583333333333336,1.0,1.0,0.9583333333333336,0.6666666666666667,0.75,0.75,1.0,0.0416666666666666,0.75,0.5416666666666667,1.0,0.4583333333333332,0.5416666666666667,0.7083333333333333,0.9583333333333336,0.75,0.2083333333333333,1.0,0.2588333333333333,0.226,0.375,0.07,0.1538333333333333,0.5,0.2926923076923077,0.6125,0.1,0.8625,0.20625,0.4875
FORTINET INC,0.012634906690968947,0.0583125,1.7142825880444257,50.39682386576281,0.0,0.0,0.03125,0.0259999999999999,0.1146666666666666,0.1381666666666666,0.7083333333333333,0.5,0.5,0.75,0.953125,0.75,1.0,0.2083333333333333,0.5416666666666667,0.4583333333333332,0.9583333333333336,0.2916666666666667,0.75,0.75,1.0,0.75,0.7916666666666665,0.75,0.7916666666666665,0.5416666666666667,0.2083333333333333,1.0,0.2426666666666666,0.1856666666666666,0.65,0.054,0.1636666666666666,0.4499999999999999,0.3576923076923077,0.71875,0.2125,0.7,0.7875,0.1125
SpaceX,0.01259924060889449,0.158875,8.341887421344627,437.9989661708117,0.0,0.0,0.0,0.0217019375,0.1339999999999999,0.3551666666666666,0.0,0.4583333333333332,0.25,0.7916666666666665,0.875,1.0,1.0,0.6666666666666667,0.75,0.0416666666666666,1.0,0.25,0.5416666666666667,0.2916666666666667,0.25,0.25,0.5416666666666667,0.5,1.0,0.5,0.0416666666666666,0.5,0.3436666666666667,0.5348333333333334,0.0,0.2181666666666666,0.3768333333333333,0.0374999999999999,0.2807692307692307,0.025,0.025,0.7875,0.15,0.7125
"Micron Tech, Inc.",0.012545447807768648,0.03575,0.6829063372813263,13.045064769202702,0.0,0.0,0.03125,0.02675,0.071,0.2525,0.2083333333333333,0.6666666666666667,0.66875,0.75,1.0,0.984375,0.75,0.75,0.7916666666666665,0.75,1.0,0.2083333333333333,0.75,0.7083333333333333,1.0,0.2916666666666667,0.3333333333333332,0.75,0.9583333333333336,0.7083333333333333,0.25,1.0,0.3028333333333333,0.2528333333333333,0.275,0.1538333333333333,0.2491666666666666,0.2249999999999999,0.4423076923076923,0.625,0.225,0.625,0.23125,0.625
Teradyne,0.012508973880776911,0.06785,2.163158013453101,68.96466604519331,0.0,0.0,0.0,0.0436875,0.0615,0.1563333333333333,0.2916666666666667,0.7083333333333333,0.7875,1.0,1.0,0.953125,0.7916666666666665,0.2916666666666667,0.9583333333333336,0.75,0.9583333333333336,0.25,0.75,0.5416666666666667,1.0,0.75,0.75,0.5416666666666667,1.0,0.7083333333333333,0.0416666666666666,1.0,0.2868333333333333,0.146,0.7875,0.1616666666666666,0.1365,0.6125,0.3561538461538461,0.7875,0.075,0.8875,0.5375,0.525
Meituan,0.01249563901813606,0.0069999999999999,0.228837086622209,7.480916030534348,0.0,0.0,0.703125,0.0473125,0.0753333333333333,0.1353333333333333,0.25,0.25,0.0749999999999999,0.4583333333333332,0.75,0.75,0.75,0.5,0.25,0.2916666666666667,0.7083333333333333,0.7916666666666665,0.75,0.4583333333333332,0.7916666666666665,0.2916666666666667,0.75,0.7083333333333333,0.75,0.4583333333333332,1.0,0.0,0.2661666666666666,0.3276666666666666,0.1374999999999999,0.1291666666666666,0.4215,0.0,0.4757692307692308,0.2125,0.4375,0.225,0.35,0.3875
Alibaba Group Holding Ltd.,0.0124916999576173,0.0423749999999999,0.8278669509113046,16.17377435778597,0.0,0.0,0.75,0.0336249999999999,0.0935,0.142,0.25,0.25,0.275,0.75,0.796875,0.75,0.7083333333333333,0.5416666666666667,0.75,0.25,0.7916666666666665,0.7916666666666665,0.4583333333333332,0.4583333333333332,1.0,0.25,0.25,0.5,0.7083333333333333,0.4583333333333332,1.0,0.0,0.139,0.2621666666666666,0.2624999999999999,0.0741666666666666,0.1686666666666666,0.425,0.5526923076923077,0.06875,0.5375,0.2,0.23125,0.075
KLA Corporation,0.012381263794583512,0.07755,2.861158933464542,105.56067624170156,0.0,0.0,0.0,0.029375,0.0836666666666666,0.1636666666666666,0.5416666666666667,0.5416666666666667,0.55,1.0,1.0,0.984375,1.0,0.0416666666666666,0.2916666666666667,0.75,0.7916666666666665,0.25,0.7083333333333333,0.75,1.0,0.75,0.7083333333333333,0.5416666666666667,1.0,0.2916666666666667,0.0416666666666666,0.9583333333333336,0.2118333333333333,0.2298333333333333,0.3625,0.0626666666666666,0.1936666666666666,0.3375,0.2976923076923077,0.8125,0.0375,0.9125,0.775,0.0625
CIENA,0.012352019731887974,0.0015,0.0321728866784436,0.6900630914826502,0.0,0.0,0.03125,0.04,0.0548333333333333,0.165,0.4583333333333332,0.5416666666666667,0.53125,0.75,0.984375,0.78125,0.75,0.75,0.75,0.75,1.0,0.75,0.75,0.75,0.75,0.75,0.5,0.75,0.7916666666666665,0.75,0.7916666666666665,0.75,0.2769999999999999,0.144,0.825,0.2516666666666666,0.1743333333333333,0.4125,0.4123076923076922,0.8875,0.25,0.575,0.6375,0.6875
"Baidu, Inc.",0.012162776502156773,-2.1684043449710093e-19,-4.7769031035341994e-18,-1.0523315595394523e-16,0.0,0.0,0.78125,0.0526249999999999,0.1339999999999999,0.1913333333333333,0.2083333333333333,0.5,0.15,0.5,0.78125,0.796875,0.7083333333333333,0.75,0.4583333333333332,0.25,0.7916666666666665,0.75,0.5416666666666667,0.5,0.7916666666666665,0.25,0.5416666666666667,0.25,0.7916666666666665,0.75,1.0,0.25,0.2865,0.2043333333333333,0.5375,0.1731666666666666,0.2213333333333333,0.2624999999999999,0.5276923076923077,0.1,0.625,0.3375,0.475,0.9125
Lam Research Corporation,0.012144020966519514,0.08325,2.726630982026109,89.30350164738334,0.0,0.0,0.015625,0.02,0.077,0.1331666666666666,0.4583333333333332,0.7083333333333333,0.7875,1.0,0.984375,0.953125,0.75,0.25,0.7083333333333333,0.75,0.9583333333333336,0.2083333333333333,0.75,0.7083333333333333,1.0,0.75,0.7083333333333333,0.7083333333333333,0.7916666666666665,0.7083333333333333,0.2916666666666667,1.0,0.2579999999999999,0.2031666666666666,0.5625,0.0846666666666666,0.1196666666666666,0.7,0.2861538461538461,0.84375,0.175,0.65,0.6125,0.125
MARVELL TECHNOLOGY INC,0.011923612625482213,0.058275,1.938835831306885,64.50595247978481,0.0,0.0,0.0,0.0315,0.1553333333333333,0.1868333333333333,0.25,0.5,0.4875,0.75,1.0,0.96875,0.75,0.7083333333333333,0.75,0.75,0.7916666666666665,0.25,0.5416666666666667,0.5416666666666667,1.0,0.4583333333333332,0.75,0.5416666666666667,0.9583333333333336,0.7916666666666665,0.25,1.0,0.4098333333333333,0.1883333333333333,0.6375,0.2136666666666666,0.07,0.8375,0.3238461538461539,0.3875,0.0875,0.6625,0.3375,0.9
ADVANCED MICRO DEVICES INC,0.011829745320813021,0.03975,1.0985202627946578,30.35840925208663,0.0,0.0,0.0,0.0365,0.0643333333333333,0.2141666666666666,0.25,0.4583333333333332,0.94375,0.75,0.953125,0.953125,0.75,0.25,0.7916666666666665,0.75,0.9583333333333336,0.25,0.7916666666666665,0.75,1.0,0.75,0.75,0.75,0.75,0.75,0.25,1.0,0.3326666666666666,0.2144999999999999,0.475,0.1693333333333333,0.1763333333333333,0.4,0.3115384615384615,0.96875,0.1375,0.525,0.0125,0.8
"Lyft, Inc.",0.011553129082230485,-0.128875,-3.9812673268407552,-122.99118935223844,0.0,0.0,0.953125,0.089125,0.1195,0.1363333333333333,0.25,0.25,0.0625,0.25,0.5,0.71875,0.7083333333333333,0.2916666666666667,0.5,0.5,0.25,0.75,0.4583333333333332,0.4583333333333332,0.75,0.25,0.75,0.5416666666666667,0.7083333333333333,0.7083333333333333,1.0,0.25,0.2739999999999999,0.2466666666666666,0.3125,0.125,0.1576666666666666,0.4625,0.4515384615384615,0.1125,0.7375,0.0625,0.36875,0.7625
ARM Holdings plc,0.010984887950020965,0.0418749999999999,0.9492953124324428,21.5202767810438,0.0,0.0,0.0,0.0263125,0.0495,0.2108333333333333,0.25,0.5,0.6375,0.75,0.96875,0.984375,1.0,0.7083333333333333,0.75,0.4583333333333332,0.7916666666666665,0.0416666666666666,0.75,0.7083333333333333,0.6666666666666667,0.4583333333333332,1.0,0.4583333333333332,0.7916666666666665,0.4583333333333332,0.0,1.0,0.2413333333333333,0.3551666666666666,0.0999999999999999,0.121,0.2006666666666667,0.2875,0.23,0.475,0.0125,0.825,0.25,0.225
TTM Technologies,0.009978715431622346,0.0266875,0.5801538635912761,12.611840953250956,0.0,0.0,0.015625,0.0408125,0.0471666666666666,0.1443333333333333,0.25,0.7083333333333333,0.3625,0.75,0.96875,0.75,0.75,0.7916666666666665,0.7916666666666665,0.75,0.75,0.25,0.75,0.75,0.7916666666666665,0.75,0.4583333333333332,0.25,0.75,0.6666666666666667,0.0416666666666666,1.0,0.2818333333333333,0.171,0.7375,0.0936666666666666,0.1361666666666666,0.625,0.2676923076923077,0.8875,0.125,0.3875,0.70625,0.3
GlobalFoundries,0.009777909552796095,-0.0115,-1.3342745075652394,-154.80769230769235,0.0,0.0,0.015625,0.0374374999999999,0.0613333333333333,0.1641666666666666,0.7083333333333333,0.4583333333333332,0.1125,0.75,0.75,0.75,0.75,0.75,0.75,0.7083333333333333,0.75,0.2916666666666667,0.5416666666666667,0.75,0.2916666666666667,0.2916666666666667,0.2916666666666667,0.5416666666666667,0.75,0.5,0.6666666666666667,1.0,0.2586666666666666,0.1981666666666666,0.6,0.1361666666666666,0.1196666666666666,0.6875,0.2857692307692308,0.3875,0.1625,0.2375,0.9625,0.25
PAYPAL HOLDINGS INC,0.0,0.0065,0.0875301098393619,1.178695404383193,1.0,0.0,1.0,0.0483125,0.1351666666666666,0.0623333333333333,0.25,0.2916666666666667,0.2125,0.25,0.484375,0.625,0.5,0.25,0.5,0.5,0.25,0.7916666666666665,0.2916666666666667,0.5,0.7916666666666665,0.5416666666666667,0.5416666666666667,0.7083333333333333,0.5,0.2916666666666667,1.0,0.0,0.2858333333333334,0.3273333333333333,0.15,0.0913333333333333,0.2616666666666666,0.1999999999999999,0.555,0.225,0.9375,0.025,0.3125,0.4375
"Bill.com Holdings, Inc.",0.0,0.02075,0.4081368691775996,8.027744770221352,1.0,0.0,0.953125,0.1399375,0.1516666666666666,0.1861666666666666,0.2083333333333333,0.2083333333333333,0.025,0.5416666666666667,0.625,0.6875,0.75,0.75,0.25,0.75,0.75,0.75,0.75,0.5416666666666667,0.7916666666666665,0.7083333333333333,0.9583333333333336,0.75,0.7083333333333333,0.25,1.0,0.0,0.2023333333333333,0.3565,0.0875,0.0841666666666666,0.2936666666666667,0.0999999999999999,0.4726923076923077,0.69375,0.825,0.1375,0.1625,0.6375
Wix.com Ltd,0.0,0.01545,0.5486190673100299,19.481092622403043,1.0,0.0,0.765625,0.108625,0.1836666666666666,0.1618333333333333,0.0416666666666666,0.2083333333333333,0.05,0.25,0.515625,0.3125,0.4583333333333332,0.5,0.25,0.25,0.2083333333333333,0.7916666666666665,0.25,0.4583333333333332,0.75,0.25,0.75,0.5416666666666667,0.4583333333333332,0.2083333333333333,1.0,0.0,0.1879999999999999,0.4001666666666666,0.0374999999999999,0.08,0.335,0.0625,0.3861538461538461,0.0375,0.575,0.0375,0.09375,0.55
Tripadvisor Inc,0.0,-0.1132499999999999,-17.024782534264073,-2559.322033898305,1.0,0.0,0.734375,0.0401249999999999,0.0833333333333333,0.0893333333333333,0.25,0.25,0.0374999999999999,0.25,0.59375,0.25,0.2916666666666667,0.4583333333333332,0.4583333333333332,0.75,0.25,0.7083333333333333,0.5416666666666667,0.5,0.7916666666666665,0.25,0.7083333333333333,0.2916666666666667,0.4583333333333332,0.75,0.9583333333333336,0.2916666666666667,0.3129999999999999,0.1796666666666666,0.675,0.181,0.196,0.3125,0.385,0.25,0.425,0.0125,0.4125,0.675
Coupang,0.0,0.043325,0.9786150287630506,22.10472878294071,1.0,0.0,0.5,0.0371875,0.0423333333333333,0.1766666666666666,0.0,0.4583333333333332,0.3,0.7083333333333333,0.765625,0.75,0.5,0.25,0.75,0.25,0.75,0.75,0.2916666666666667,0.2083333333333333,0.7916666666666665,0.25,0.4583333333333332,0.75,0.75,0.75,0.75,0.25,0.3026666666666666,0.2183333333333333,0.4125,0.1164999999999999,0.2926666666666666,0.1125,0.4603846153846154,0.0125,0.3875,0.15,0.1125,0.725
Tempus AI,0.0,0.0824999999999999,2.799771708363666,95.0148075024679,1.0,0.0,0.28125,0.0578125,0.1036666666666666,0.2646666666666666,0.0,0.25,0.0124999999999999,0.75,0.796875,0.734375,0.5416666666666667,0.25,0.7083333333333333,0.25,0.9583333333333336,0.7083333333333333,0.2916666666666667,0.4583333333333332,0.75,0.25,0.7083333333333333,0.25,0.75,0.7083333333333333,1.0,0.4583333333333332,0.2333333333333333,0.2998333333333333,0.2125,0.192,0.3268333333333333,0.0749999999999999,0.3807692307692308,0.05,0.325,0.2625,0.1875,0.825
Next Generation Internet Innovation Index,0.0,0.0,,,0.0,0.0,0.265625,0.0279375,0.0863333333333333,0.1478333333333333,0.2083333333333333,0.5,0.7375,0.625,0.953125,0.78125,0.75,0.25,0.5416666666666667,0.7083333333333333,1.0,0.7083333333333333,0.75,0.5,0.75,0.2916666666666667,0.7916666666666665,0.7083333333333333,0.75,0.7083333333333333,0.7916666666666665,0.75,0.2236666666666666,0.2176666666666666,0.4375,0.0815,0.0683333333333333,0.85,0.3776923076923077,0.3625,0.3125,0.5125,0.0375,0.175
Enovix Corporation,0.0,0.0386,0.4511094581455038,5.2720140732728,1.0,0.0,0.25,0.0706875,0.1431666666666666,0.3276666666666666,0.0,0.0416666666666666,0.0,0.5,0.734375,0.609375,0.2916666666666667,0.75,0.75,0.75,0.75,0.75,0.7083333333333333,0.7083333333333333,0.75,0.25,0.2916666666666667,0.25,0.75,0.75,0.9583333333333336,0.2916666666666667,0.2666666666666666,0.324,0.1687499999999999,0.1973333333333333,0.3395,0.05,0.348076923076923,0.4125,0.2875,0.075,0.09375,0.975
Viromed Medical AG,0.0,-0.08225,-1.1754498755828164,-16.79857033443962,1.0,0.0,0.15625,0.1851249999999999,0.1303333333333333,0.3543333333333334,0.25,0.4583333333333332,0.0875,0.75,0.25,0.515625,0.6666666666666667,0.5416666666666667,0.7083333333333333,0.2916666666666667,0.75,0.7083333333333333,0.7083333333333333,0.75,0.0416666666666666,0.25,0.5,0.7083333333333333,0.7916666666666665,0.75,1.0,0.5,0.3916666666666667,0.215,0.4625,0.2933333333333333,0.2913333333333333,0.125,0.3688461538461539,0.2625,0.2375,0.125,0.51875,0.9875
ACM Research Inc.,0.0,0.074625,1.7785239661726089,42.387236157458595,1.0,0.0,0.0,0.0416249999999999,0.0825,0.2171666666666666,0.25,0.2916666666666667,0.1999999999999999,0.5416666666666667,0.796875,0.734375,0.5416666666666667,0.7083333333333333,0.9583333333333336,0.2916666666666667,0.75,0.0416666666666666,0.7083333333333333,0.4583333333333332,0.75,0.5,0.25,0.5,0.75,0.4583333333333332,0.3333333333333332,1.0,0.2166666666666666,0.3045,0.1999999999999999,0.1101666666666666,0.2775,0.175,0.3215384615384615,0.1875,0.05,0.1125,0.325,0.4
